CREATE DATABASE  IF NOT EXISTS `smarkiodb` /*!40100 DEFAULT CHARACTER SET utf8 */ /*!80016 DEFAULT ENCRYPTION='N' */;
USE `smarkiodb`;
-- MySQL dump 10.13  Distrib 8.0.21, for Win64 (x86_64)
--
-- Host: localhost    Database: smarkiodb
-- ------------------------------------------------------
-- Server version	8.0.21

/*!40101 SET @OLD_CHARACTER_SET_CLIENT=@@CHARACTER_SET_CLIENT */;
/*!40101 SET @OLD_CHARACTER_SET_RESULTS=@@CHARACTER_SET_RESULTS */;
/*!40101 SET @OLD_COLLATION_CONNECTION=@@COLLATION_CONNECTION */;
/*!50503 SET NAMES utf8 */;
/*!40103 SET @OLD_TIME_ZONE=@@TIME_ZONE */;
/*!40103 SET TIME_ZONE='+00:00' */;
/*!40014 SET @OLD_UNIQUE_CHECKS=@@UNIQUE_CHECKS, UNIQUE_CHECKS=0 */;
/*!40014 SET @OLD_FOREIGN_KEY_CHECKS=@@FOREIGN_KEY_CHECKS, FOREIGN_KEY_CHECKS=0 */;
/*!40101 SET @OLD_SQL_MODE=@@SQL_MODE, SQL_MODE='NO_AUTO_VALUE_ON_ZERO' */;
/*!40111 SET @OLD_SQL_NOTES=@@SQL_NOTES, SQL_NOTES=0 */;

--
-- Table structure for table `intencoes`
--

DROP TABLE IF EXISTS `intencoes`;
/*!40101 SET @saved_cs_client     = @@character_set_client */;
/*!50503 SET character_set_client = utf8mb4 */;
CREATE TABLE `intencoes` (
  `idintencao` int NOT NULL AUTO_INCREMENT,
  `nome` varchar(50) NOT NULL,
  `data` datetime NOT NULL,
  PRIMARY KEY (`idintencao`)
) ENGINE=InnoDB AUTO_INCREMENT=12 DEFAULT CHARSET=utf8;
/*!40101 SET character_set_client = @saved_cs_client */;

--
-- Dumping data for table `intencoes`
--

LOCK TABLES `intencoes` WRITE;
/*!40000 ALTER TABLE `intencoes` DISABLE KEYS */;
INSERT INTO `intencoes` VALUES (1,'depositar','2019-01-01 12:00:00'),(2,'sacar','2019-08-01 08:56:47'),(3,'transferir','2019-11-20 23:01:02'),(4,'aplicar','2019-06-01 23:37:09'),(5,'pagar','2019-12-15 19:47:11'),(6,'bloquear_cartao','2019-11-23 17:35:21'),(7,'cancelar_conta','2020-04-30 07:30:32'),(8,'seguro_pessoal','2020-08-21 11:42:44'),(9,'seguro_residencial','2020-04-30 07:48:18'),(10,'seguro_automotivo','2019-11-11 15:24:48'),(11,'seguro_viagem','2020-05-02 22:54:51');
/*!40000 ALTER TABLE `intencoes` ENABLE KEYS */;
UNLOCK TABLES;

--
-- Table structure for table `mensagens`
--

DROP TABLE IF EXISTS `mensagens`;
/*!40101 SET @saved_cs_client     = @@character_set_client */;
/*!50503 SET character_set_client = utf8mb4 */;
CREATE TABLE `mensagens` (
  `idmensagem` int NOT NULL AUTO_INCREMENT,
  `texto` varchar(500) NOT NULL,
  `data` datetime NOT NULL,
  `idstatus` int NOT NULL,
  `idusuario` int NOT NULL,
  `idintencao` int NOT NULL,
  PRIMARY KEY (`idmensagem`),
  KEY `fk_mensagens_status_idx` (`idstatus`),
  KEY `fk_mensagens_usuarios1_idx` (`idusuario`),
  KEY `fk_mensagens_intencoes1_idx` (`idintencao`),
  CONSTRAINT `fk_mensagens_intencoes1` FOREIGN KEY (`idintencao`) REFERENCES `intencoes` (`idintencao`),
  CONSTRAINT `fk_mensagens_status` FOREIGN KEY (`idstatus`) REFERENCES `status` (`idstatus`),
  CONSTRAINT `fk_mensagens_usuarios1` FOREIGN KEY (`idusuario`) REFERENCES `usuarios` (`idusuario`)
) ENGINE=InnoDB AUTO_INCREMENT=2501 DEFAULT CHARSET=utf8;
/*!40101 SET character_set_client = @saved_cs_client */;

--
-- Dumping data for table `mensagens`
--

LOCK TABLES `mensagens` WRITE;
/*!40000 ALTER TABLE `mensagens` DISABLE KEYS */;
INSERT INTO `mensagens` VALUES (1,'diam eu dolor egestas rhoncus. Proin nisl sem, consequat nec,','2020-07-06 09:28:03',1,1771,5),(2,'Aliquam erat volutpat. Nulla','2019-10-24 06:37:05',3,1920,11),(3,'Duis gravida. Praesent eu nulla at','2019-07-18 22:54:03',1,1222,5),(4,'neque et nunc. Quisque','2019-10-04 15:24:16',2,1763,4),(5,'consectetuer euismod est arcu ac orci. Ut semper pretium neque.','2019-03-04 12:05:12',3,47,2),(6,'venenatis','2019-07-15 19:39:37',1,1815,10),(7,'egestas. Sed pharetra, felis eget varius','2020-09-27 13:20:20',3,2096,9),(8,'tincidunt vehicula risus. Nulla eget','2020-09-19 00:01:21',2,2063,2),(9,'elit, dictum eu, eleifend','2020-05-21 01:03:37',1,73,9),(10,'elementum at, egestas a,','2020-08-16 08:49:44',2,1329,3),(11,'at arcu. Vestibulum','2019-10-21 20:10:42',2,1890,5),(12,'Nullam ut nisi a odio semper cursus. Integer mollis.','2019-08-24 13:49:51',2,706,5),(13,'sem ut dolor dapibus gravida. Aliquam','2020-06-18 00:00:03',3,348,7),(14,'egestas hendrerit neque. In ornare sagittis felis. Donec tempor,','2020-02-22 10:02:29',1,403,6),(15,'ornare. In','2019-01-26 22:46:30',3,1969,2),(16,'et, rutrum non, hendrerit','2020-04-10 22:29:04',1,1770,10),(17,'Mauris ut quam vel sapien imperdiet ornare. In faucibus. Morbi','2020-06-09 05:29:59',1,2065,7),(18,'amet','2019-09-03 17:25:39',1,1157,7),(19,'nec enim.','2019-01-03 18:33:27',1,336,1),(20,'Integer aliquam adipiscing lacus. Ut nec urna et arcu','2019-01-25 06:28:00',1,1945,1),(21,'magna. Duis','2019-08-24 02:17:18',3,1209,9),(22,'libero. Integer in magna. Phasellus dolor elit, pellentesque a, facilisis','2019-03-07 05:05:59',3,2071,9),(23,'Fusce aliquam, enim nec tempus scelerisque, lorem ipsum sodales','2020-03-13 22:47:55',2,1825,6),(24,'Nunc ac','2019-10-14 07:15:24',1,326,5),(25,'diam. Pellentesque habitant morbi','2019-03-13 22:03:01',3,1573,10),(26,'gravida molestie arcu. Sed eu nibh','2019-11-25 12:33:14',3,1029,1),(27,'laoreet posuere, enim nisl elementum purus, accumsan interdum','2020-06-23 08:12:32',2,531,4),(28,'mi lorem, vehicula','2019-02-09 19:06:22',1,1586,7),(29,'pellentesque a, facilisis non, bibendum sed,','2019-02-25 07:45:43',1,1699,4),(30,'Vestibulum ut eros','2019-05-11 03:52:19',3,1350,4),(31,'eros turpis non enim. Mauris','2020-08-19 08:13:19',2,383,3),(32,'dui quis accumsan convallis, ante','2019-11-25 16:28:32',3,1330,5),(33,'vitae sodales nisi magna sed','2019-06-07 06:31:14',2,43,5),(34,'amet nulla.','2019-09-12 00:31:04',3,62,1),(35,'ultrices. Duis','2019-02-13 20:26:41',1,1762,6),(36,'sapien. Nunc pulvinar arcu','2019-03-01 21:00:37',2,2055,3),(37,'nunc sit amet metus. Aliquam erat volutpat. Nulla','2020-06-12 17:09:13',2,1666,2),(38,'consectetuer rhoncus. Nullam velit dui,','2020-09-12 23:01:29',2,1388,1),(39,'varius ultrices, mauris ipsum porta elit, a feugiat tellus lorem','2020-07-04 14:57:56',3,1446,7),(40,'vel nisl. Quisque fringilla euismod enim. Etiam','2019-04-11 08:35:50',3,127,3),(41,'sagittis. Nullam vitae diam. Proin dolor. Nulla semper','2019-10-04 03:51:14',1,1085,1),(42,'neque','2020-09-12 04:24:27',2,334,4),(43,'magna, malesuada vel, convallis in, cursus et, eros. Proin ultrices.','2019-09-25 19:16:17',2,1308,9),(44,'ut dolor dapibus gravida. Aliquam','2019-05-05 22:02:55',2,410,3),(45,'sed tortor.','2019-10-04 07:04:12',1,309,9),(46,'metus. Aliquam','2019-01-26 12:01:56',2,580,10),(47,'ultrices a, auctor non, feugiat nec, diam. Duis','2019-07-26 22:20:50',2,43,3),(48,'sit amet ultricies sem magna nec quam. Curabitur','2020-10-23 12:01:34',3,618,11),(49,'ipsum non arcu. Vivamus sit amet risus. Donec egestas.','2019-11-29 04:45:42',1,2077,9),(50,'fames ac turpis egestas. Fusce aliquet magna','2020-03-31 22:42:25',3,104,6),(51,'tellus eu augue porttitor interdum. Sed','2019-11-26 15:40:10',3,1195,10),(52,'dapibus quam quis diam. Pellentesque habitant morbi tristique senectus','2020-07-31 09:38:34',3,994,8),(53,'Proin sed turpis nec mauris','2020-08-22 17:58:51',1,2189,11),(54,'leo elementum sem, vitae aliquam eros turpis non enim.','2019-03-16 01:21:52',3,88,4),(55,'aliquet molestie tellus. Aenean egestas','2019-06-09 22:55:33',3,1184,11),(56,'aliquet lobortis, nisi nibh lacinia orci, consectetuer euismod','2019-11-16 20:49:33',3,1445,9),(57,'erat. Sed nunc est,','2019-01-04 06:30:31',1,67,7),(58,'magna. Praesent interdum ligula eu enim. Etiam imperdiet dictum magna.','2020-07-13 11:06:24',1,1731,1),(59,'penatibus et','2019-05-29 18:40:07',2,2037,3),(60,'lobortis','2019-02-08 07:25:23',3,559,1),(61,'auctor ullamcorper, nisl arcu iaculis','2020-06-10 15:29:44',3,1804,7),(62,'velit dui, semper et, lacinia','2019-11-21 15:54:14',3,1164,5),(63,'non,','2019-10-16 21:08:48',2,123,8),(64,'a, enim. Suspendisse','2020-04-05 10:45:33',3,1893,11),(65,'Donec est mauris, rhoncus','2019-11-03 10:58:48',2,2158,9),(66,'lorem eu metus. In lorem.','2020-01-05 05:07:24',3,1565,8),(67,'posuere vulputate,','2020-04-29 23:32:48',1,258,9),(68,'magna. Suspendisse','2019-06-21 14:30:23',2,1475,4),(69,'dolor. Nulla semper tellus id nunc interdum feugiat. Sed','2020-07-13 01:53:57',3,451,5),(70,'amet, consectetuer adipiscing elit.','2020-05-19 18:25:33',1,1184,8),(71,'ullamcorper, nisl','2020-07-14 14:16:02',2,1653,7),(72,'fermentum risus, at fringilla purus mauris a nunc.','2019-10-11 03:31:21',3,1217,2),(73,'penatibus et magnis dis parturient montes, nascetur ridiculus mus. Proin','2019-06-09 20:46:26',3,401,2),(74,'nisi nibh lacinia orci, consectetuer euismod','2019-01-05 19:54:21',1,274,6),(75,'pretium et, rutrum non,','2019-10-09 05:25:06',2,859,8),(76,'non, cursus non, egestas a,','2019-06-18 12:41:19',2,1115,1),(77,'neque','2019-05-01 11:34:55',2,1382,6),(78,'Fusce fermentum','2019-09-05 04:40:58',1,429,10),(79,'massa. Suspendisse eleifend. Cras sed leo.','2020-02-03 20:31:44',2,2149,9),(80,'egestas, urna justo faucibus lectus, a sollicitudin orci','2019-09-26 16:24:22',1,499,8),(81,'ultrices iaculis odio. Nam interdum','2019-04-23 12:51:06',3,566,9),(82,'varius et, euismod et, commodo','2019-02-08 09:58:30',1,1708,6),(83,'enim. Mauris quis','2019-09-14 03:43:58',2,119,2),(84,'nunc, ullamcorper eu, euismod ac, fermentum vel, mauris. Integer','2020-03-18 11:59:02',3,977,6),(85,'Nullam velit','2019-03-26 07:56:26',2,480,1),(86,'urna. Nunc quis arcu vel quam','2019-10-26 19:47:54',3,458,1),(87,'dolor dolor, tempus non, lacinia at, iaculis quis, pede. Praesent','2020-05-04 12:13:23',2,1104,4),(88,'In faucibus. Morbi vehicula. Pellentesque tincidunt','2020-10-04 05:14:11',3,1830,8),(89,'consectetuer, cursus et, magna. Praesent interdum ligula eu','2019-07-20 20:03:30',3,1478,9),(90,'nisi. Aenean eget metus. In nec orci. Donec nibh. Quisque','2019-01-31 12:30:05',1,358,5),(91,'non, sollicitudin a,','2019-01-07 05:11:32',3,1967,10),(92,'dolor,','2020-08-25 11:52:51',2,272,11),(93,'lacus.','2019-05-16 19:13:52',2,678,1),(94,'Nulla eget metus eu erat semper','2019-09-04 21:00:07',1,1834,4),(95,'ut, pellentesque','2019-04-04 06:36:44',1,886,4),(96,'nibh.','2019-12-17 15:47:33',1,1324,2),(97,'consectetuer','2020-10-08 18:06:26',1,1277,6),(98,'eu enim. Etiam','2020-07-17 02:06:33',2,1544,8),(99,'eu elit. Nulla facilisi. Sed neque. Sed','2020-06-09 02:53:50',2,267,3),(100,'magna a tortor. Nunc commodo auctor velit. Aliquam nisl.','2019-04-04 05:34:43',2,576,7),(101,'dolor sit amet, consectetuer adipiscing elit. Aliquam auctor, velit','2020-03-07 03:39:00',1,964,3),(102,'vel est tempor bibendum. Donec felis orci, adipiscing','2019-04-18 23:33:17',2,563,11),(103,'a','2020-04-04 14:28:45',1,1741,5),(104,'et magnis dis parturient montes, nascetur ridiculus','2020-04-13 09:39:40',2,1423,1),(105,'non, bibendum sed, est. Nunc laoreet lectus','2019-11-28 06:59:00',2,370,9),(106,'nibh sit amet orci. Ut sagittis lobortis mauris.','2019-01-17 22:27:36',1,1744,3),(107,'mi enim, condimentum eget,','2019-01-23 19:24:27',2,1690,6),(108,'in faucibus orci luctus et','2020-09-09 15:06:22',1,1517,6),(109,'Nunc lectus pede, ultrices a, auctor non, feugiat nec, diam.','2020-06-14 21:35:53',3,1773,7),(110,'mattis ornare, lectus','2019-01-02 22:46:43',2,1584,8),(111,'ullamcorper viverra. Maecenas iaculis aliquet diam. Sed diam lorem, auctor','2020-07-31 15:28:11',3,1326,9),(112,'imperdiet, erat nonummy ultricies ornare, elit elit fermentum risus, at','2020-01-29 23:58:44',2,201,7),(113,'bibendum sed, est.','2019-05-08 03:01:19',3,1336,11),(114,'placerat. Cras dictum ultricies ligula. Nullam','2020-09-14 05:13:17',1,1913,2),(115,'a, auctor non, feugiat nec, diam. Duis mi enim,','2020-10-28 07:13:57',2,347,1),(116,'enim mi tempor lorem,','2019-04-07 05:15:38',3,666,7),(117,'dui. Cras','2019-03-22 09:07:14',2,1726,10),(118,'eu','2019-05-29 02:22:53',1,384,2),(119,'consectetuer mauris id sapien. Cras dolor','2019-07-13 05:02:56',3,1779,10),(120,'tempor diam dictum sapien. Aenean','2020-07-09 04:23:39',3,592,2),(121,'congue turpis. In condimentum. Donec','2020-10-11 03:30:44',1,502,8),(122,'at lacus. Quisque purus sapien, gravida non,','2019-10-13 11:44:47',1,1431,7),(123,'dis parturient montes, nascetur ridiculus mus. Proin vel','2019-02-15 00:15:06',2,604,9),(124,'Donec fringilla. Donec feugiat metus sit amet ante. Vivamus non','2019-07-22 17:47:54',1,225,3),(125,'metus.','2019-06-27 13:17:28',2,67,7),(126,'Suspendisse sagittis. Nullam vitae diam. Proin dolor.','2020-08-20 11:23:18',3,1357,2),(127,'ut','2019-12-24 08:27:36',1,1951,9),(128,'venenatis lacus. Etiam bibendum fermentum metus. Aenean sed pede','2019-03-07 03:17:03',3,363,8),(129,'mauris. Integer sem','2020-05-04 12:43:44',1,2161,5),(130,'laoreet ipsum.','2019-01-19 08:42:30',2,1707,2),(131,'vel est tempor bibendum. Donec felis orci,','2019-06-08 14:46:25',2,110,7),(132,'aliquet. Phasellus fermentum convallis ligula. Donec luctus aliquet odio. Etiam','2019-11-23 19:54:18',2,340,5),(133,'porttitor interdum. Sed auctor odio','2019-01-27 18:44:32',2,1753,6),(134,'ac urna. Ut tincidunt vehicula risus. Nulla eget metus','2020-10-30 20:51:30',2,532,1),(135,'eros non enim commodo hendrerit. Donec porttitor tellus','2020-06-26 10:11:48',3,815,9),(136,'ornare tortor at','2019-06-17 23:08:47',2,550,8),(137,'mauris id','2020-02-19 19:39:03',3,1674,5),(138,'Curabitur ut odio vel est tempor bibendum.','2019-05-02 18:57:04',2,1506,2),(139,'Donec est. Nunc ullamcorper, velit in aliquet lobortis, nisi nibh','2019-09-24 04:30:05',1,1936,3),(140,'iaculis quis, pede.','2019-03-28 08:12:05',2,1451,8),(141,'faucibus','2020-02-23 19:57:11',1,498,6),(142,'Duis elementum, dui quis accumsan','2019-11-17 02:46:26',2,349,9),(143,'ipsum. Suspendisse non leo. Vivamus nibh','2019-07-14 12:23:03',2,1064,6),(144,'augue ut lacus. Nulla','2020-09-24 22:03:00',3,206,1),(145,'ultrices posuere cubilia Curae; Phasellus ornare. Fusce','2019-04-17 14:00:39',1,905,3),(146,'vitae, orci. Phasellus dapibus quam quis diam.','2019-06-22 15:36:54',3,1738,2),(147,'eget ipsum.','2019-11-16 03:31:06',3,294,2),(148,'magna. Ut tincidunt orci quis lectus.','2019-01-26 15:56:21',2,1863,2),(149,'sapien. Aenean massa. Integer vitae nibh.','2019-03-30 03:32:38',2,434,11),(150,'est tempor bibendum. Donec felis','2019-03-11 17:47:09',2,596,2),(151,'placerat eget, venenatis a, magna. Lorem ipsum','2019-08-15 16:27:34',1,582,1),(152,'dui. Fusce','2019-04-13 15:38:41',3,1053,9),(153,'id, libero. Donec consectetuer mauris id sapien. Cras dolor dolor,','2020-01-17 00:08:38',1,2066,2),(154,'Cum sociis natoque penatibus et','2019-05-22 03:58:54',1,1642,7),(155,'nunc. In at pede. Cras vulputate velit eu sem.','2020-06-12 00:42:26',3,583,9),(156,'et, commodo at,','2019-09-22 20:00:23',1,1043,1),(157,'aliquam iaculis, lacus pede sagittis augue, eu tempor erat neque','2020-07-25 18:47:01',2,2194,5),(158,'sem eget massa. Suspendisse','2020-05-01 00:35:39',2,946,9),(159,'auctor','2019-08-29 04:46:37',2,989,1),(160,'neque vitae semper egestas, urna justo faucibus lectus, a sollicitudin','2020-01-29 17:32:55',2,1459,9),(161,'mattis.','2019-12-28 08:42:10',3,860,10),(162,'massa.','2019-05-29 12:35:06',2,88,5),(163,'scelerisque mollis. Phasellus libero mauris, aliquam','2019-01-22 14:00:15',2,2066,6),(164,'pede, malesuada vel, venenatis vel, faucibus id, libero. Donec consectetuer','2019-05-05 14:03:34',2,882,10),(165,'Maecenas malesuada fringilla est. Mauris','2020-07-01 08:01:54',2,978,4),(166,'lorem ipsum','2020-06-29 08:30:09',3,489,10),(167,'eleifend. Cras sed leo. Cras vehicula aliquet libero.','2020-07-13 12:13:51',2,650,4),(168,'convallis convallis dolor. Quisque','2019-05-27 03:17:41',1,1930,4),(169,'gravida molestie arcu. Sed eu nibh vulputate mauris sagittis','2020-07-14 03:51:15',2,2086,9),(170,'laoreet','2020-05-08 04:02:48',3,485,6),(171,'sapien imperdiet ornare. In','2020-02-14 11:14:02',2,918,9),(172,'augue','2019-05-23 10:31:35',1,1282,9),(173,'Nunc pulvinar arcu et pede.','2019-08-21 00:02:53',1,1515,9),(174,'amet orci. Ut sagittis lobortis mauris. Suspendisse','2019-02-15 16:13:59',2,1604,7),(175,'ligula consectetuer rhoncus. Nullam velit dui, semper et, lacinia','2020-07-17 09:50:23',1,216,8),(176,'blandit congue. In scelerisque scelerisque','2020-06-17 04:48:54',3,1741,9),(177,'non lorem vitae odio sagittis semper. Nam','2019-09-02 08:06:51',2,763,9),(178,'suscipit, est ac facilisis','2020-04-03 09:44:05',3,472,5),(179,'ornare egestas ligula. Nullam','2020-07-18 00:00:26',2,1647,11),(180,'facilisis facilisis, magna tellus faucibus','2020-07-11 12:42:41',2,1939,8),(181,'tincidunt congue turpis. In condimentum. Donec at','2019-05-16 21:55:42',1,170,4),(182,'ut odio vel est','2020-01-22 00:34:26',1,1897,7),(183,'mollis vitae, posuere at, velit. Cras lorem lorem,','2019-06-16 06:37:42',3,613,7),(184,'amet','2019-04-23 10:46:38',2,1873,4),(185,'aliquam','2019-06-20 14:46:05',2,134,11),(186,'ullamcorper viverra. Maecenas iaculis aliquet diam. Sed diam lorem,','2019-01-31 23:29:18',2,683,3),(187,'pede et risus. Quisque libero','2019-03-19 20:59:24',1,12,7),(188,'Etiam gravida molestie arcu. Sed eu nibh vulputate','2019-06-09 16:24:40',2,722,7),(189,'tellus id','2020-09-01 13:41:10',3,1156,11),(190,'varius. Nam porttitor scelerisque','2020-10-19 10:09:30',2,1715,4),(191,'vehicula. Pellentesque tincidunt tempus risus. Donec egestas.','2019-02-14 13:58:57',1,422,6),(192,'est. Nunc ullamcorper, velit in aliquet lobortis, nisi','2020-10-17 10:54:00',1,992,5),(193,'ligula. Aliquam erat volutpat. Nulla dignissim.','2020-04-06 21:22:41',2,1428,1),(194,'metus. Aliquam erat volutpat. Nulla facilisis. Suspendisse commodo','2019-09-08 05:00:58',3,1932,3),(195,'molestie orci tincidunt adipiscing. Mauris molestie pharetra nibh. Aliquam','2020-03-17 12:48:48',1,495,6),(196,'dui','2019-09-15 08:26:04',2,174,10),(197,'neque. Morbi quis urna.','2020-09-12 22:58:05',1,1312,9),(198,'libero mauris, aliquam eu, accumsan sed, facilisis vitae, orci.','2019-10-05 13:33:33',2,242,3),(199,'sapien. Aenean massa.','2019-07-29 23:42:09',3,792,7),(200,'non arcu.','2019-09-17 23:06:20',3,503,8),(201,'tempus scelerisque,','2019-01-17 01:25:21',1,1429,9),(202,'non massa non ante','2019-01-21 16:32:23',3,1334,10),(203,'risus, at fringilla purus mauris a','2019-10-08 16:41:02',2,1583,3),(204,'odio semper cursus. Integer','2020-06-06 06:12:28',2,251,4),(205,'nibh. Quisque nonummy ipsum non arcu. Vivamus sit amet','2019-08-29 12:10:38',1,312,1),(206,'velit. Aliquam nisl. Nulla eu','2019-04-16 20:41:44',2,802,10),(207,'a, arcu. Sed','2019-04-11 13:11:00',3,1119,1),(208,'tempus scelerisque, lorem ipsum sodales purus, in','2020-10-13 15:06:10',2,24,11),(209,'sed, sapien. Nunc pulvinar arcu et pede. Nunc sed orci','2019-07-05 18:22:13',1,100,7),(210,'Donec consectetuer mauris id sapien. Cras dolor','2020-02-04 14:24:16',2,1028,1),(211,'cursus et, magna. Praesent interdum ligula eu','2019-02-01 15:53:32',2,352,4),(212,'non enim. Mauris quis turpis vitae','2020-07-12 10:41:19',3,1956,3),(213,'Sed congue,','2019-02-04 19:01:58',2,277,1),(214,'magna. Duis dignissim tempor arcu. Vestibulum ut eros','2019-11-17 00:31:25',1,932,10),(215,'ut, pellentesque eget, dictum placerat, augue.','2020-08-09 22:58:40',3,2144,2),(216,'condimentum','2019-06-02 15:13:56',2,195,7),(217,'tincidunt, nunc ac mattis ornare,','2019-05-18 19:56:04',2,102,6),(218,'dolor','2019-04-30 01:10:19',2,1080,8),(219,'quis diam','2019-08-29 13:13:52',2,2060,3),(220,'faucibus orci luctus et ultrices posuere cubilia Curae; Phasellus ornare.','2020-03-23 09:34:00',1,1908,4),(221,'aliquet, metus','2019-09-09 00:24:34',3,628,8),(222,'lobortis','2019-02-27 08:57:50',2,326,8),(223,'eget, ipsum. Donec sollicitudin adipiscing ligula. Aenean gravida','2019-02-02 07:39:59',3,1235,2),(224,'quis urna. Nunc quis','2019-03-15 11:10:42',2,2141,11),(225,'at auctor ullamcorper, nisl arcu iaculis enim, sit amet ornare','2020-06-05 05:35:20',1,1177,5),(226,'hymenaeos. Mauris ut quam vel sapien','2020-10-08 00:45:26',2,1083,4),(227,'Sed auctor','2019-04-23 14:53:36',1,567,6),(228,'Curae; Phasellus ornare. Fusce mollis. Duis sit amet diam','2019-03-03 07:16:36',3,2020,11),(229,'eu sem. Pellentesque ut','2020-09-08 20:16:54',2,1143,2),(230,'vitae velit egestas lacinia. Sed congue,','2019-10-01 18:42:11',1,479,3),(231,'quam a felis ullamcorper viverra. Maecenas iaculis aliquet diam.','2019-03-26 00:39:17',1,592,7),(232,'sed tortor. Integer aliquam adipiscing lacus. Ut nec urna','2019-02-18 18:11:04',1,1670,4),(233,'Nam ac nulla. In tincidunt congue turpis.','2019-02-02 13:14:18',3,1807,1),(234,'laoreet lectus quis massa. Mauris','2019-10-03 01:17:00',1,184,9),(235,'leo elementum','2020-08-02 09:39:37',2,282,1),(236,'Aliquam ultrices iaculis','2019-11-05 07:39:09',2,1073,5),(237,'felis, adipiscing fringilla, porttitor','2019-02-21 11:42:32',1,1098,11),(238,'dis parturient montes, nascetur ridiculus mus. Donec','2019-08-25 18:17:24',1,1594,10),(239,'sed, est. Nunc laoreet lectus quis','2020-01-18 20:29:27',2,1932,1),(240,'Sed malesuada augue ut lacus. Nulla tincidunt, neque','2019-06-04 08:19:04',1,1718,11),(241,'velit eu sem. Pellentesque ut ipsum ac mi','2019-07-22 18:26:11',3,1913,4),(242,'enim. Sed nulla ante, iaculis nec,','2019-08-28 07:55:36',2,458,8),(243,'egestas. Aliquam nec enim. Nunc ut erat. Sed','2019-09-11 01:55:26',1,1706,3),(244,'Mauris non dui nec urna suscipit nonummy. Fusce fermentum fermentum','2019-07-27 15:27:40',3,316,1),(245,'magna. Cras convallis convallis dolor. Quisque','2020-09-13 13:28:36',2,124,10),(246,'tempor bibendum. Donec felis orci,','2019-08-21 21:49:06',2,1610,1),(247,'orci lobortis augue scelerisque mollis. Phasellus libero','2020-07-16 21:38:07',1,278,10),(248,'Nam ligula elit, pretium et, rutrum non, hendrerit id, ante.','2019-07-23 06:51:41',3,2177,3),(249,'aliquam eu, accumsan sed, facilisis vitae, orci. Phasellus','2019-11-08 12:12:11',1,653,8),(250,'bibendum sed, est. Nunc laoreet lectus quis massa.','2020-03-10 02:32:50',2,707,5),(251,'Quisque fringilla euismod enim. Etiam gravida molestie arcu. Sed','2019-01-19 15:13:37',1,1509,3),(252,'at, velit. Cras lorem lorem, luctus ut, pellentesque eget,','2020-06-04 11:10:31',2,1809,9),(253,'malesuada. Integer id','2020-10-27 22:03:58',3,2115,11),(254,'fermentum convallis ligula. Donec luctus aliquet odio.','2019-09-28 07:43:22',3,1758,10),(255,'faucibus orci luctus et ultrices','2020-09-15 11:31:29',3,1069,8),(256,'enim. Sed','2020-07-08 23:26:52',3,408,7),(257,'metus urna convallis erat, eget tincidunt dui','2020-09-30 06:44:25',3,1904,8),(258,'odio.','2019-05-22 20:44:40',3,577,10),(259,'auctor velit. Aliquam nisl. Nulla eu neque pellentesque massa','2019-08-22 05:56:23',1,962,4),(260,'amet, dapibus id, blandit','2020-03-07 07:26:51',3,1511,9),(261,'scelerisque sed, sapien. Nunc pulvinar arcu et pede.','2019-03-11 13:02:00',3,1958,6),(262,'Vivamus nisi. Mauris nulla.','2020-05-30 04:27:31',3,241,3),(263,'nisi magna sed dui. Fusce aliquam, enim nec tempus scelerisque,','2020-08-19 23:33:33',2,997,4),(264,'dui','2020-09-10 23:09:22',3,415,11),(265,'sit amet, risus.','2019-09-11 20:21:24',2,916,10),(266,'varius orci, in consequat enim diam','2020-01-05 20:25:01',2,611,3),(267,'ac risus. Morbi metus. Vivamus euismod','2019-07-14 05:59:12',3,1710,8),(268,'Mauris eu turpis. Nulla aliquet. Proin velit.','2020-03-22 16:52:09',2,1524,3),(269,'Mauris nulla. Integer urna. Vivamus molestie dapibus','2019-03-12 20:42:33',3,2019,9),(270,'Vivamus','2019-07-15 23:12:15',1,39,8),(271,'nisi sem','2020-06-09 13:36:39',2,1977,8),(272,'sem egestas blandit. Nam nulla magna, malesuada','2019-03-04 06:26:55',2,1781,7),(273,'adipiscing lobortis risus. In mi pede, nonummy ut, molestie in,','2019-11-25 17:08:00',1,1332,3),(274,'volutpat nunc sit amet metus. Aliquam','2019-03-04 06:08:28',1,1870,10),(275,'Pellentesque','2020-07-24 15:08:01',3,120,6),(276,'cursus. Integer mollis. Integer tincidunt aliquam arcu. Aliquam','2019-01-13 01:27:24',3,926,11),(277,'dui. Cras pellentesque. Sed dictum. Proin eget odio. Aliquam vulputate','2020-07-29 12:18:42',2,1849,1),(278,'aliquam,','2019-04-21 11:24:04',1,1787,10),(279,'Class aptent taciti sociosqu ad litora torquent per conubia nostra,','2019-02-15 03:45:10',3,615,3),(280,'dui,','2019-08-26 01:26:44',3,1728,1),(281,'elit, dictum','2019-05-31 23:16:02',2,64,4),(282,'fames ac turpis egestas. Fusce aliquet magna a neque.','2020-07-20 18:08:10',2,177,6),(283,'elit. Etiam laoreet, libero et tristique','2019-04-20 02:11:27',2,330,1),(284,'volutpat nunc sit amet metus. Aliquam erat volutpat.','2019-11-13 15:12:23',2,145,7),(285,'lectus pede, ultrices','2020-06-06 01:25:49',3,368,6),(286,'adipiscing.','2020-07-09 02:22:55',2,242,11),(287,'conubia nostra, per inceptos hymenaeos. Mauris ut quam vel sapien','2019-09-14 06:44:56',2,1139,3),(288,'Sed congue, elit sed consequat auctor,','2019-11-06 12:07:41',1,1579,2),(289,'pharetra, felis eget varius ultrices, mauris','2020-07-04 23:42:39',1,1763,3),(290,'in molestie tortor nibh','2020-01-21 02:01:44',2,729,2),(291,'consequat, lectus','2020-02-26 02:06:14',3,771,2),(292,'Cras lorem lorem, luctus ut, pellentesque eget, dictum placerat, augue.','2019-03-06 09:30:27',3,1502,6),(293,'magna, malesuada vel, convallis in, cursus et,','2020-06-15 05:48:29',1,490,2),(294,'sit amet, consectetuer adipiscing elit. Aliquam auctor, velit eget','2020-07-16 10:44:54',3,1902,11),(295,'sapien.','2019-01-20 03:13:10',2,1662,4),(296,'ornare placerat, orci lacus vestibulum lorem, sit amet ultricies sem','2019-06-08 06:54:09',3,1595,11),(297,'scelerisque dui.','2020-03-27 09:59:51',1,2167,3),(298,'congue a, aliquet vel, vulputate eu, odio.','2019-06-10 23:55:12',1,704,3),(299,'ante ipsum primis in faucibus orci','2020-04-11 19:52:22',2,1512,3),(300,'sem, vitae aliquam','2019-11-26 14:30:40',2,426,2),(301,'inceptos hymenaeos. Mauris','2019-04-03 03:35:00',1,1832,6),(302,'nunc sed libero. Proin sed turpis nec mauris','2020-05-14 16:36:07',2,1108,5),(303,'quis urna. Nunc quis arcu vel quam dignissim','2020-08-31 10:22:16',1,1012,8),(304,'sit amet massa. Quisque porttitor eros nec tellus.','2019-12-11 15:55:12',2,1361,10),(305,'pulvinar arcu et pede.','2020-08-22 22:37:09',3,1047,2),(306,'metus vitae velit egestas lacinia. Sed congue, elit','2019-05-21 11:15:15',3,1713,4),(307,'Curabitur sed tortor. Integer aliquam','2019-01-04 06:20:49',3,1251,9),(308,'Duis dignissim tempor arcu. Vestibulum ut','2020-04-14 03:26:40',3,1214,3),(309,'Phasellus at augue id ante dictum cursus. Nunc mauris elit,','2019-05-28 05:00:43',3,915,7),(310,'Etiam ligula tortor, dictum eu, placerat eget,','2020-06-02 06:37:17',2,1753,4),(311,'nec, leo. Morbi neque tellus,','2019-06-02 02:10:16',2,2024,1),(312,'odio. Nam interdum enim non nisi. Aenean eget metus.','2019-01-13 22:32:49',3,1236,3),(313,'accumsan convallis, ante lectus convallis est, vitae sodales','2020-04-06 03:53:19',1,404,11),(314,'in molestie tortor nibh sit amet orci.','2019-06-07 22:03:38',3,127,5),(315,'vel lectus. Cum','2020-03-01 17:45:44',3,1035,11),(316,'dictum eu, placerat eget, venenatis a, magna. Lorem ipsum dolor','2019-08-27 18:00:51',1,1904,4),(317,'nonummy ac, feugiat non, lobortis quis, pede. Suspendisse dui.','2019-01-28 19:56:46',1,1345,11),(318,'gravida. Praesent eu nulla','2019-10-28 23:56:11',1,1634,10),(319,'luctus. Curabitur egestas nunc sed libero. Proin sed','2019-02-06 00:06:59',3,198,6),(320,'tristique pellentesque, tellus sem mollis dui,','2019-07-19 14:36:52',1,1008,2),(321,'non, vestibulum nec, euismod','2020-08-11 09:47:06',2,219,11),(322,'consectetuer, cursus et, magna. Praesent interdum ligula eu','2019-01-10 12:47:26',2,278,6),(323,'faucibus lectus, a','2019-06-19 19:22:07',2,1496,7),(324,'magna. Ut tincidunt orci quis lectus. Nullam suscipit, est','2019-05-25 17:11:07',2,1618,6),(325,'eget laoreet posuere, enim nisl elementum purus, accumsan interdum libero','2020-10-02 00:18:54',1,459,4),(326,'dolor, nonummy ac, feugiat','2019-08-22 17:41:06',1,585,11),(327,'Phasellus at augue id ante dictum cursus. Nunc mauris','2019-06-06 20:03:46',3,859,11),(328,'Aliquam nisl. Nulla eu neque pellentesque massa','2019-05-10 07:28:56',1,1718,6),(329,'scelerisque scelerisque dui. Suspendisse ac metus vitae','2020-07-22 17:47:59',3,1245,7),(330,'convallis convallis dolor. Quisque tincidunt pede ac urna. Ut tincidunt','2019-08-13 12:23:13',3,457,2),(331,'pretium aliquet, metus urna','2019-08-17 14:46:06',1,389,10),(332,'penatibus et magnis dis parturient','2020-03-20 12:07:35',3,1893,3),(333,'eu turpis. Nulla aliquet. Proin velit. Sed','2019-08-26 05:38:53',1,1898,7),(334,'erat, in consectetuer ipsum nunc id enim. Curabitur massa. Vestibulum','2019-12-15 09:43:27',3,566,9),(335,'arcu. Aliquam ultrices iaculis odio. Nam interdum enim','2019-05-22 05:48:42',3,267,8),(336,'rutrum','2019-12-25 00:18:23',1,31,5),(337,'vel, vulputate','2020-08-13 01:38:49',2,1011,11),(338,'iaculis nec, eleifend non, dapibus rutrum, justo.','2020-01-18 11:31:21',1,743,10),(339,'eu, eleifend nec, malesuada ut, sem. Nulla interdum. Curabitur dictum.','2019-04-03 06:33:10',1,489,7),(340,'nunc','2020-02-04 08:27:49',1,1184,10),(341,'et, lacinia vitae, sodales at,','2019-07-04 03:03:30',1,1219,11),(342,'Integer vulputate, risus a ultricies','2019-05-06 15:29:47',1,1540,8),(343,'diam. Proin dolor. Nulla semper tellus','2019-03-01 04:12:01',2,1988,9),(344,'justo. Praesent luctus. Curabitur egestas nunc sed','2019-08-11 21:49:30',1,3,3),(345,'eleifend egestas. Sed','2020-01-22 00:33:40',1,1656,6),(346,'Duis elementum, dui','2020-07-17 05:52:27',1,1560,11),(347,'mauris sit amet lorem semper auctor. Mauris vel turpis. Aliquam','2019-02-02 11:19:27',1,16,2),(348,'Nullam vitae diam. Proin dolor.','2019-12-21 22:53:56',3,1017,2),(349,'Duis','2019-09-26 19:23:43',1,1317,2),(350,'Duis volutpat nunc sit amet metus.','2019-03-01 03:05:30',2,1153,4),(351,'Nunc mauris. Morbi non','2019-05-27 08:03:54',1,637,10),(352,'amet, consectetuer','2019-12-31 14:50:19',2,2145,11),(353,'Mauris eu turpis. Nulla aliquet. Proin velit. Sed','2020-04-04 12:47:56',2,348,2),(354,'at arcu. Vestibulum ante','2020-02-22 02:25:00',3,684,5),(355,'fermentum metus. Aenean sed pede nec ante blandit','2019-02-23 03:47:24',3,1928,6),(356,'Aenean egestas hendrerit','2019-11-10 04:16:31',2,1159,3),(357,'quam vel sapien imperdiet ornare. In faucibus. Morbi vehicula.','2020-07-29 17:01:50',1,623,1),(358,'dapibus gravida. Aliquam tincidunt, nunc ac mattis ornare,','2020-01-23 21:34:22',1,1516,5),(359,'at augue id ante dictum','2019-08-27 22:21:28',1,1406,11),(360,'nec','2020-10-31 10:46:34',3,213,6),(361,'magnis dis parturient montes, nascetur ridiculus','2019-09-13 08:22:42',1,1135,5),(362,'Aenean eget','2019-05-30 17:51:58',3,1020,5),(363,'hendrerit a, arcu. Sed et libero. Proin mi. Aliquam','2020-07-14 11:00:57',3,1271,3),(364,'vulputate dui, nec tempus mauris erat eget','2019-06-15 20:55:57',2,252,6),(365,'laoreet ipsum. Curabitur consequat, lectus','2020-07-18 09:59:22',1,1349,4),(366,'nec orci. Donec nibh. Quisque','2019-10-21 03:24:54',2,1266,1),(367,'neque sed dictum eleifend, nunc risus','2019-02-21 09:01:36',1,2033,4),(368,'Aliquam erat volutpat. Nulla dignissim. Maecenas ornare egestas ligula.','2019-07-04 17:30:56',2,2027,9),(369,'accumsan','2019-11-09 07:08:59',3,276,8),(370,'In lorem. Donec elementum, lorem ut aliquam iaculis, lacus','2019-09-04 01:22:49',2,1313,11),(371,'felis ullamcorper viverra. Maecenas iaculis aliquet diam. Sed','2019-11-17 02:38:55',1,1690,10),(372,'nibh lacinia orci, consectetuer','2019-10-24 09:01:25',2,186,5),(373,'Fusce aliquam, enim nec tempus scelerisque, lorem','2019-04-09 07:35:59',2,1339,8),(374,'Donec egestas. Aliquam nec','2020-05-02 03:11:59',2,1707,11),(375,'Sed malesuada augue ut lacus. Nulla tincidunt, neque vitae semper','2019-08-09 13:37:58',3,1202,4),(376,'Nullam scelerisque neque sed sem egestas blandit. Nam','2020-02-17 04:14:52',2,569,5),(377,'tincidunt pede ac urna. Ut tincidunt','2020-06-02 10:19:45',3,1603,4),(378,'tristique ac, eleifend vitae, erat.','2019-07-14 23:24:01',1,1920,9),(379,'metus sit amet ante. Vivamus non lorem vitae odio','2020-09-23 05:31:44',1,435,8),(380,'sagittis. Duis gravida. Praesent','2019-04-06 21:22:05',2,529,5),(381,'sed libero. Proin sed turpis','2020-03-01 09:07:28',1,1498,10),(382,'facilisis. Suspendisse commodo tincidunt nibh. Phasellus nulla. Integer vulputate,','2019-05-30 02:12:19',3,725,10),(383,'per conubia nostra, per inceptos hymenaeos. Mauris ut quam','2020-01-31 17:34:47',3,1131,9),(384,'sit amet,','2019-02-28 07:44:24',3,533,1),(385,'semper et, lacinia vitae, sodales at,','2020-03-28 20:38:47',1,996,9),(386,'non, lacinia at, iaculis quis, pede. Praesent','2019-03-02 08:41:34',3,308,4),(387,'Curabitur massa. Vestibulum accumsan neque et nunc.','2019-03-04 15:50:32',1,167,9),(388,'varius orci, in consequat enim diam','2020-03-31 16:46:11',2,1840,6),(389,'Suspendisse dui. Fusce diam','2019-02-27 04:54:16',3,816,10),(390,'sit','2020-01-03 08:52:15',3,1804,1),(391,'Quisque purus sapien,','2019-04-13 09:43:22',3,1624,5),(392,'sem, vitae aliquam eros turpis non enim.','2019-09-17 05:21:15',3,1965,11),(393,'at, egestas a, scelerisque sed, sapien. Nunc','2020-02-15 09:08:51',1,2019,5),(394,'Morbi neque','2020-04-21 04:12:04',1,45,10),(395,'non quam. Pellentesque habitant morbi tristique senectus et netus','2019-09-22 21:59:04',2,1127,10),(396,'facilisis vitae, orci. Phasellus dapibus quam quis diam. Pellentesque habitant','2019-10-16 23:45:16',3,1491,9),(397,'quam. Pellentesque','2019-03-15 02:31:47',3,275,10),(398,'Nam','2019-06-27 05:07:59',1,1229,7),(399,'vitae','2020-09-22 19:56:12',2,41,4),(400,'Cum sociis natoque penatibus','2020-05-17 06:07:27',1,834,4),(401,'aliquet diam. Sed diam lorem, auctor quis, tristique ac,','2019-01-14 01:22:16',1,1733,2),(402,'egestas','2020-10-18 20:41:05',3,858,1),(403,'tellus','2019-06-05 01:38:19',1,99,1),(404,'Donec at arcu. Vestibulum ante ipsum primis','2019-05-25 20:15:37',2,1022,11),(405,'luctus ut, pellentesque eget, dictum placerat,','2019-10-16 20:15:11',2,1770,8),(406,'sed','2020-10-23 07:42:06',2,1912,6),(407,'Phasellus ornare. Fusce mollis. Duis sit','2020-06-15 12:38:34',1,1481,5),(408,'pede. Cum sociis natoque penatibus et','2020-02-21 10:10:18',2,753,11),(409,'eget magna. Suspendisse tristique neque venenatis lacus. Etiam bibendum fermentum','2020-01-18 07:44:06',3,2192,11),(410,'et netus et malesuada fames ac','2019-06-18 05:53:59',3,2161,2),(411,'Quisque fringilla euismod enim. Etiam gravida','2019-06-08 19:49:20',3,1079,5),(412,'pede et risus. Quisque','2019-10-10 03:43:01',2,648,11),(413,'mi pede,','2019-02-01 07:06:37',3,1940,5),(414,'Suspendisse aliquet, sem ut cursus luctus,','2019-02-09 17:50:09',3,1329,4),(415,'Donec nibh. Quisque nonummy ipsum non arcu.','2020-07-30 16:17:58',3,416,3),(416,'massa.','2019-07-01 08:04:50',1,1523,3),(417,'Sed nec metus facilisis lorem tristique aliquet. Phasellus','2019-08-12 10:06:07',2,543,5),(418,'Nullam velit dui, semper et, lacinia vitae,','2019-02-15 02:19:52',2,837,7),(419,'Duis ac arcu. Nunc mauris. Morbi non sapien','2020-07-31 12:34:37',3,136,11),(420,'lorem ipsum','2019-03-19 08:52:14',2,1187,3),(421,'luctus lobortis. Class aptent taciti sociosqu ad litora','2019-04-09 00:36:23',2,1555,5),(422,'egestas. Fusce aliquet magna a neque. Nullam ut nisi a','2019-12-04 05:36:09',2,1177,10),(423,'amet metus. Aliquam erat volutpat.','2019-09-27 11:04:24',3,856,11),(424,'Nam porttitor scelerisque neque. Nullam','2019-05-12 01:13:51',3,1338,3),(425,'semper auctor. Mauris vel turpis. Aliquam','2019-03-30 17:58:27',1,46,4),(426,'Duis elementum, dui quis accumsan convallis, ante lectus convallis','2020-03-31 23:46:45',3,474,4),(427,'tincidunt nibh. Phasellus nulla. Integer','2020-08-30 05:03:31',1,2047,6),(428,'Aliquam erat volutpat. Nulla facilisis. Suspendisse commodo tincidunt','2020-07-21 06:01:55',1,1037,8),(429,'Mauris molestie pharetra nibh. Aliquam ornare,','2019-05-23 12:08:51',2,1154,6),(430,'ligula. Aenean gravida nunc sed pede. Cum sociis natoque penatibus','2019-05-24 17:07:42',2,1359,7),(431,'fringilla purus mauris a nunc.','2019-06-25 17:01:40',1,1372,11),(432,'eleifend vitae, erat. Vivamus nisi. Mauris nulla. Integer urna. Vivamus','2020-09-04 02:04:41',2,1992,5),(433,'Sed dictum. Proin eget odio. Aliquam','2019-04-11 18:40:14',1,1006,10),(434,'dolor vitae dolor. Donec fringilla. Donec feugiat','2019-06-29 15:58:56',3,315,2),(435,'sed, est. Nunc laoreet lectus quis','2020-08-28 13:43:21',1,36,3),(436,'lobortis, nisi','2020-07-27 22:39:09',3,1937,3),(437,'a,','2019-09-06 23:19:35',3,1126,4),(438,'magna','2020-05-07 13:24:33',3,1625,11),(439,'ridiculus mus. Proin vel nisl. Quisque fringilla euismod','2019-02-24 17:21:39',3,370,5),(440,'tempus non, lacinia at, iaculis quis, pede. Praesent eu','2020-02-06 03:34:44',3,410,3),(441,'aliquam, enim nec tempus','2019-06-16 08:32:58',1,807,6),(442,'In ornare sagittis felis.','2020-06-27 17:47:00',3,1794,11),(443,'eu,','2019-06-18 12:06:43',1,563,11),(444,'Aliquam auctor,','2019-05-12 18:32:52',1,810,11),(445,'at, libero. Morbi accumsan laoreet ipsum. Curabitur','2020-06-04 16:00:35',2,829,5),(446,'Nunc lectus pede, ultrices a, auctor non, feugiat nec,','2019-10-26 08:57:32',1,191,6),(447,'et, lacinia vitae, sodales at, velit. Pellentesque ultricies','2020-01-12 12:38:09',2,1898,11),(448,'Aliquam erat volutpat. Nulla dignissim. Maecenas ornare','2019-12-27 15:54:59',1,423,3),(449,'ante ipsum primis in faucibus orci luctus et','2019-06-28 13:07:40',1,701,4),(450,'lectus quis','2019-09-19 13:10:51',2,1482,7),(451,'leo, in lobortis','2019-02-22 11:42:13',3,1428,7),(452,'Fusce fermentum fermentum arcu. Vestibulum','2020-07-13 02:30:45',3,988,9),(453,'consequat','2019-11-18 20:01:00',2,114,1),(454,'semper et, lacinia','2019-03-21 05:06:42',3,227,11),(455,'dignissim','2019-10-12 21:50:35',1,1071,11),(456,'tincidunt. Donec vitae erat vel pede blandit congue.','2019-07-27 06:04:59',3,911,5),(457,'consequat','2020-06-04 00:37:57',3,1159,7),(458,'purus sapien,','2020-09-14 09:23:01',2,365,10),(459,'commodo at, libero. Morbi accumsan laoreet ipsum. Curabitur consequat,','2019-01-20 08:12:15',3,1458,6),(460,'elementum,','2019-08-27 10:53:46',2,136,10),(461,'urna suscipit nonummy. Fusce fermentum fermentum arcu. Vestibulum','2020-09-10 01:17:40',3,185,5),(462,'Proin sed turpis','2020-08-08 18:13:21',1,1279,11),(463,'accumsan interdum','2020-08-26 12:02:25',2,1393,5),(464,'egestas nunc sed','2019-03-23 17:41:47',3,1906,8),(465,'Fusce aliquam, enim nec tempus','2020-03-24 03:09:55',1,958,1),(466,'a','2019-07-13 00:53:15',3,658,7),(467,'Nunc pulvinar arcu et','2019-08-25 21:46:18',3,2061,7),(468,'rutrum. Fusce dolor quam, elementum at, egestas a,','2019-09-30 20:01:05',1,1713,9),(469,'leo.','2019-04-24 01:12:29',1,2097,5),(470,'rhoncus. Nullam velit dui,','2019-04-23 06:13:33',1,1328,11),(471,'Praesent interdum ligula','2019-09-19 18:16:22',2,675,3),(472,'vel arcu. Curabitur ut odio','2020-06-26 11:02:34',1,2143,1),(473,'Nullam velit dui, semper','2019-05-26 15:29:15',1,1818,6),(474,'quam. Pellentesque habitant morbi tristique senectus','2019-08-30 11:31:41',1,448,11),(475,'at, libero. Morbi accumsan laoreet ipsum. Curabitur','2019-03-23 08:36:07',3,2124,4),(476,'gravida. Praesent eu nulla at sem molestie sodales.','2019-02-02 02:29:30',2,1905,3),(477,'neque sed sem egestas blandit.','2019-12-31 20:45:33',3,120,1),(478,'Nam interdum enim non','2019-02-25 10:05:45',2,272,6),(479,'lectus justo eu arcu.','2020-07-23 01:56:16',2,1031,4),(480,'arcu. Vestibulum ut eros','2020-07-06 04:12:54',2,726,5),(481,'blandit viverra. Donec tempus, lorem','2020-03-29 15:42:23',3,1831,6),(482,'imperdiet','2019-06-17 23:33:16',2,413,6),(483,'mauris eu elit.','2019-08-23 15:12:08',2,1313,11),(484,'Donec est. Nunc ullamcorper, velit','2019-06-08 05:29:31',2,1524,6),(485,'luctus sit amet, faucibus ut, nulla. Cras eu tellus eu','2020-03-06 17:02:34',2,2077,5),(486,'Donec consectetuer mauris id sapien. Cras dolor dolor, tempus','2019-08-29 09:03:29',3,1510,1),(487,'risus. Donec nibh enim,','2019-05-21 03:40:56',3,1926,11),(488,'pede ac urna. Ut tincidunt vehicula risus. Nulla eget metus','2019-10-10 04:13:49',2,2195,1),(489,'lorem eu metus.','2019-01-24 17:02:27',2,1853,9),(490,'urna. Ut tincidunt vehicula risus. Nulla','2019-09-12 09:54:19',3,1452,7),(491,'viverra. Donec tempus, lorem fringilla ornare placerat,','2020-10-21 01:50:37',3,846,8),(492,'quis','2019-08-31 00:21:46',2,96,3),(493,'ridiculus mus. Proin vel arcu eu odio tristique pharetra. Quisque','2019-03-11 23:08:39',3,1838,4),(494,'molestie tortor nibh sit amet orci.','2019-02-09 17:37:11',1,968,10),(495,'facilisis facilisis, magna tellus faucibus leo,','2019-12-03 17:22:00',1,2102,6),(496,'eget laoreet posuere, enim nisl elementum','2019-08-18 12:10:33',3,382,3),(497,'per conubia nostra, per inceptos hymenaeos.','2019-03-25 21:26:49',2,549,11),(498,'pede.','2020-10-10 13:44:39',2,923,8),(499,'purus, in molestie tortor nibh sit amet','2019-09-25 10:03:22',3,51,4),(500,'ultrices iaculis odio.','2019-01-11 00:11:10',2,1352,2),(501,'vitae, erat. Vivamus nisi. Mauris nulla. Integer urna. Vivamus molestie','2019-04-08 12:54:09',1,1529,1),(502,'malesuada ut, sem. Nulla interdum. Curabitur dictum. Phasellus in','2020-04-29 11:51:59',1,1948,10),(503,'Vivamus molestie dapibus ligula. Aliquam erat volutpat. Nulla dignissim.','2019-10-23 13:15:50',2,1281,10),(504,'ut erat. Sed nunc est, mollis non, cursus non, egestas','2019-10-02 05:52:02',3,2193,4),(505,'auctor quis,','2019-09-09 00:36:40',1,2019,5),(506,'Aliquam gravida mauris ut','2019-01-02 03:32:35',3,1537,2),(507,'Suspendisse sagittis. Nullam vitae diam. Proin','2020-01-28 18:21:24',1,748,8),(508,'lacus. Quisque purus','2019-03-04 12:48:15',1,1785,10),(509,'egestas lacinia.','2019-12-18 05:36:25',2,1614,2),(510,'tempor augue ac ipsum. Phasellus vitae mauris sit amet','2020-06-29 14:59:44',1,1002,1),(511,'odio a purus. Duis elementum, dui quis accumsan convallis,','2019-06-12 00:14:41',1,909,8),(512,'purus. Maecenas libero est, congue a, aliquet vel, vulputate eu,','2019-02-14 20:00:02',1,2020,11),(513,'arcu ac orci. Ut semper pretium neque. Morbi quis urna.','2020-07-27 12:35:12',1,1593,3),(514,'aliquet.','2019-03-05 11:51:52',3,1479,2),(515,'et, lacinia vitae, sodales at, velit. Pellentesque','2020-10-06 03:31:00',2,1304,7),(516,'nec metus facilisis lorem tristique aliquet. Phasellus fermentum convallis ligula.','2019-11-13 23:06:32',2,962,4),(517,'quam dignissim pharetra. Nam ac nulla. In','2019-09-01 17:03:44',1,197,2),(518,'nonummy','2020-08-24 08:08:09',3,1230,2),(519,'Mauris ut quam vel sapien','2020-09-11 01:40:32',1,857,1),(520,'eu','2019-01-21 19:14:27',2,476,1),(521,'ultricies ligula. Nullam enim. Sed nulla ante,','2019-06-15 13:58:36',2,1768,7),(522,'at','2020-05-09 08:32:34',3,1068,3),(523,'Nulla eu neque pellentesque massa lobortis ultrices. Vivamus rhoncus.','2019-08-30 21:57:18',3,1721,11),(524,'ac turpis egestas. Fusce aliquet magna','2019-02-08 17:50:07',1,1871,2),(525,'nunc est, mollis','2019-01-02 07:14:25',2,913,9),(526,'montes, nascetur ridiculus mus. Donec dignissim magna a tortor. Nunc','2019-10-14 23:12:39',1,2089,6),(527,'vehicula. Pellentesque tincidunt tempus risus. Donec egestas. Duis','2019-05-25 15:17:23',2,297,2),(528,'Quisque purus sapien,','2019-09-02 19:55:16',1,1784,1),(529,'eu elit. Nulla facilisi. Sed neque. Sed eget lacus. Mauris','2019-04-30 11:04:49',1,2070,5),(530,'et, magna. Praesent interdum ligula eu enim. Etiam','2019-01-04 15:05:38',1,149,9),(531,'tincidunt, neque vitae semper egestas, urna justo faucibus lectus,','2020-02-20 22:17:42',1,2058,1),(532,'diam lorem, auctor quis, tristique','2019-01-02 14:38:03',2,2100,3),(533,'vitae, erat. Vivamus nisi. Mauris nulla. Integer urna.','2020-10-05 12:22:24',3,1065,6),(534,'Nulla aliquet. Proin velit. Sed malesuada augue ut','2020-07-15 20:43:41',2,681,9),(535,'arcu. Morbi sit amet massa. Quisque','2019-06-02 23:31:29',2,1830,7),(536,'consequat','2019-08-14 12:17:35',2,1108,2),(537,'fames ac turpis egestas. Aliquam fringilla cursus purus. Nullam','2020-07-06 03:38:22',2,2073,9),(538,'auctor odio a purus. Duis elementum, dui quis accumsan','2019-10-15 13:58:30',2,419,6),(539,'augue. Sed molestie. Sed id risus','2020-04-17 09:04:37',1,607,3),(540,'sed dictum eleifend, nunc','2020-06-22 03:41:01',3,1142,10),(541,'lobortis. Class aptent taciti sociosqu ad litora torquent per','2020-06-08 05:43:00',2,2111,5),(542,'consequat purus. Maecenas libero est, congue','2020-07-27 04:25:17',3,2059,11),(543,'nunc sed','2020-05-30 14:04:22',1,2095,11),(544,'pede. Cum sociis natoque penatibus et','2019-07-05 05:27:25',1,1459,8),(545,'facilisi. Sed neque. Sed eget lacus. Mauris','2020-01-22 23:03:06',3,1627,10),(546,'rhoncus. Donec est. Nunc ullamcorper, velit in','2019-07-12 23:13:50',1,217,5),(547,'egestas. Aliquam nec enim. Nunc ut erat. Sed nunc','2019-08-28 08:37:55',2,1068,8),(548,'iaculis aliquet diam. Sed diam lorem,','2020-01-23 09:07:57',2,481,10),(549,'metus facilisis lorem','2019-11-10 07:47:14',3,1943,4),(550,'fermentum metus. Aenean sed pede nec ante blandit viverra.','2019-09-16 10:25:01',1,1835,5),(551,'massa non ante bibendum','2020-07-20 12:34:19',1,1273,11),(552,'Nunc ullamcorper, velit in aliquet lobortis, nisi nibh lacinia','2020-06-27 00:42:47',2,1907,11),(553,'mi eleifend egestas. Sed pharetra,','2019-07-23 10:34:52',1,452,1),(554,'nunc interdum feugiat. Sed nec metus facilisis lorem tristique','2019-05-19 02:21:45',1,1126,11),(555,'morbi tristique senectus et netus et malesuada fames','2020-03-16 01:17:02',1,1745,7),(556,'odio. Phasellus at augue id ante dictum cursus.','2019-01-21 17:06:22',3,1859,11),(557,'Sed neque. Sed eget lacus. Mauris non dui','2019-03-13 18:44:11',2,936,2),(558,'fringilla, porttitor vulputate,','2019-06-23 19:23:13',2,872,1),(559,'dolor. Nulla semper tellus','2020-07-27 16:25:52',1,1940,6),(560,'orci, in','2019-11-20 02:16:05',1,1322,8),(561,'ipsum non arcu. Vivamus sit','2019-09-03 15:02:51',1,1866,2),(562,'quis urna. Nunc quis arcu','2019-09-01 16:00:38',2,1925,4),(563,'arcu. Morbi sit amet massa. Quisque porttitor eros','2020-06-20 10:50:14',2,1378,4),(564,'quis diam. Pellentesque habitant morbi tristique senectus et','2019-03-19 08:18:33',2,2136,11),(565,'egestas ligula.','2019-04-05 01:57:45',2,351,8),(566,'enim. Sed nulla ante, iaculis','2019-04-01 19:34:15',1,1777,7),(567,'eros. Nam','2020-03-25 08:28:17',3,1369,6),(568,'consectetuer','2019-05-10 20:26:22',3,1940,5),(569,'magnis dis parturient','2019-07-25 07:14:44',2,983,10),(570,'Cras vehicula aliquet libero. Integer in','2019-02-13 04:23:00',3,1663,10),(571,'Cum sociis natoque penatibus','2019-05-16 06:14:56',2,544,1),(572,'gravida nunc sed pede. Cum sociis','2020-07-14 15:36:21',2,1,6),(573,'nunc','2019-08-10 17:02:49',2,977,1),(574,'elit, pellentesque a, facilisis non,','2020-07-14 02:55:19',3,2066,3),(575,'arcu. Vivamus sit amet risus.','2019-11-19 03:26:42',1,997,8),(576,'Nunc lectus pede, ultrices a, auctor','2020-10-29 01:44:58',3,1977,3),(577,'vitae semper','2019-07-26 13:06:25',3,2064,6),(578,'turpis vitae','2019-09-01 12:14:22',3,1200,1),(579,'Mauris magna. Duis dignissim tempor arcu.','2019-06-04 22:03:45',1,1647,10),(580,'et magnis','2020-09-05 07:39:10',2,412,2),(581,'tellus eu augue porttitor interdum. Sed auctor','2019-11-18 06:50:50',2,616,5),(582,'id enim. Curabitur massa. Vestibulum accumsan neque et','2019-01-03 23:34:38',3,35,6),(583,'nulla.','2019-04-26 18:20:29',1,354,7),(584,'et risus. Quisque libero lacus, varius et, euismod et,','2020-07-11 01:56:06',2,1390,10),(585,'nec ante blandit viverra. Donec tempus, lorem','2019-11-28 18:13:34',1,478,8),(586,'Aliquam ornare, libero at auctor ullamcorper, nisl arcu iaculis','2020-01-21 09:27:32',3,1575,7),(587,'ut erat. Sed nunc est, mollis non, cursus','2019-06-12 16:34:29',1,1774,9),(588,'risus. Morbi metus. Vivamus euismod urna. Nullam','2019-06-15 14:38:39',2,1000,8),(589,'nibh. Phasellus nulla. Integer vulputate, risus a ultricies adipiscing,','2020-06-01 22:44:18',3,1560,9),(590,'risus. Donec egestas. Aliquam nec enim. Nunc','2019-07-06 10:31:32',1,898,4),(591,'at pede. Cras vulputate velit eu sem. Pellentesque ut','2019-10-26 00:48:34',2,2041,5),(592,'in molestie tortor nibh sit amet orci.','2019-09-29 09:32:16',1,1847,9),(593,'Vestibulum','2020-10-14 17:53:03',1,1323,9),(594,'est tempor bibendum.','2020-04-12 23:34:54',2,2028,11),(595,'quis, pede. Praesent eu dui. Cum sociis','2019-08-28 17:42:57',1,661,8),(596,'varius et, euismod et, commodo','2019-10-10 05:55:09',2,845,3),(597,'Ut nec urna et arcu imperdiet ullamcorper. Duis at lacus.','2019-04-29 18:51:44',1,1411,4),(598,'sagittis lobortis mauris.','2020-07-05 18:13:10',2,617,2),(599,'vel arcu eu odio tristique pharetra. Quisque ac libero','2019-03-29 09:17:37',1,796,8),(600,'aliquet, sem ut cursus luctus, ipsum leo elementum','2019-01-01 18:55:27',3,862,1),(601,'ut dolor dapibus gravida. Aliquam','2020-09-02 16:13:51',3,1114,4),(602,'Aenean sed','2019-01-12 20:40:49',2,274,5),(603,'congue, elit sed consequat auctor,','2020-01-07 01:44:18',3,287,1),(604,'Curabitur ut odio vel est tempor bibendum. Donec felis','2020-07-16 21:16:31',2,429,1),(605,'a, scelerisque','2019-08-04 22:25:15',2,381,9),(606,'nibh sit amet orci. Ut sagittis lobortis mauris. Suspendisse','2020-07-09 05:02:27',1,1402,7),(607,'In scelerisque scelerisque dui.','2019-05-19 11:44:09',3,1974,3),(608,'facilisis facilisis, magna tellus faucibus leo,','2020-03-31 13:31:09',1,804,1),(609,'Proin vel nisl. Quisque fringilla euismod','2019-08-30 00:32:55',1,1345,5),(610,'habitant morbi tristique senectus et netus et malesuada fames','2019-10-07 05:17:45',1,1222,9),(611,'rutrum. Fusce dolor quam, elementum at,','2019-05-19 14:53:35',2,1062,1),(612,'et, lacinia vitae, sodales','2020-03-31 01:02:45',2,1529,7),(613,'quis','2019-01-25 08:17:49',2,1854,9),(614,'consectetuer, cursus et, magna. Praesent interdum ligula eu','2019-05-20 00:56:07',1,351,11),(615,'sodales purus, in molestie tortor','2020-05-21 18:23:52',3,422,8),(616,'risus, at fringilla purus mauris a','2019-11-22 05:04:25',2,968,6),(617,'urna justo faucibus lectus,','2019-04-26 19:16:43',1,1710,6),(618,'justo eu arcu.','2019-04-16 19:37:17',2,885,5),(619,'congue, elit sed consequat auctor, nunc nulla vulputate','2019-04-06 11:53:03',2,1714,2),(620,'fermentum vel, mauris. Integer','2019-10-30 22:39:26',2,1009,2),(621,'quam. Curabitur vel lectus.','2019-07-12 02:02:30',2,838,9),(622,'Nunc laoreet lectus quis massa. Mauris','2020-10-06 03:28:03',2,910,2),(623,'per','2019-06-12 08:46:49',3,1615,9),(624,'et malesuada','2019-06-06 13:09:49',1,1217,10),(625,'sed pede nec ante blandit viverra. Donec tempus,','2020-06-27 21:37:22',3,536,5),(626,'ligula. Aenean gravida nunc sed pede.','2019-04-16 07:33:43',3,727,4),(627,'Phasellus dolor elit,','2019-08-24 11:45:14',3,304,3),(628,'gravida mauris ut mi. Duis','2019-09-29 04:27:51',1,1945,9),(629,'Vivamus euismod urna. Nullam lobortis','2019-06-06 16:39:04',2,2069,11),(630,'torquent per conubia nostra, per inceptos hymenaeos. Mauris ut','2019-01-11 04:23:48',1,2085,4),(631,'Curabitur sed tortor. Integer aliquam adipiscing lacus. Ut nec','2019-04-20 19:54:05',3,338,4),(632,'elit, pharetra ut, pharetra sed, hendrerit a, arcu.','2019-08-03 09:14:09',1,591,1),(633,'eu tempor erat neque non quam.','2019-02-21 01:40:05',1,789,8),(634,'parturient montes, nascetur ridiculus','2019-03-06 18:55:27',3,1022,5),(635,'semper et, lacinia vitae, sodales at, velit.','2020-04-18 08:03:03',3,1114,1),(636,'non quam. Pellentesque habitant morbi tristique','2020-06-29 12:40:53',1,610,8),(637,'amet risus. Donec egestas. Aliquam nec enim. Nunc ut erat.','2020-03-01 08:00:47',3,281,3),(638,'at sem molestie sodales. Mauris blandit enim','2019-02-23 09:16:10',3,220,1),(639,'sem','2019-04-25 01:30:32',2,274,5),(640,'molestie arcu.','2019-02-17 16:39:18',2,491,3),(641,'lorem, eget mollis lectus pede et risus. Quisque libero','2019-03-29 05:04:12',3,1464,3),(642,'eget magna. Suspendisse tristique neque venenatis lacus. Etiam','2019-08-05 12:06:53',3,1720,11),(643,'auctor vitae, aliquet nec, imperdiet nec, leo. Morbi neque tellus,','2019-02-22 14:15:44',2,303,1),(644,'rhoncus.','2020-05-11 16:36:47',3,1056,9),(645,'sem semper erat, in consectetuer ipsum nunc id','2019-12-20 22:59:35',2,874,2),(646,'dolor dolor, tempus non, lacinia at, iaculis quis, pede.','2020-02-20 19:21:07',2,1915,2),(647,'et arcu imperdiet','2019-05-09 14:27:12',1,2019,11),(648,'ullamcorper, velit in aliquet lobortis, nisi nibh','2019-11-29 13:33:51',1,151,4),(649,'elit. Etiam laoreet, libero','2020-09-23 10:54:47',1,1455,5),(650,'nec,','2019-02-08 08:49:40',3,29,1),(651,'ultrices. Vivamus rhoncus. Donec est.','2019-07-28 21:52:23',3,1476,10),(652,'Vivamus non','2019-04-09 07:32:39',2,266,8),(653,'penatibus et magnis dis parturient','2020-07-02 18:49:57',1,1817,8),(654,'congue, elit sed','2019-01-19 03:37:55',3,300,5),(655,'erat','2019-01-26 09:43:55',1,1363,5),(656,'Etiam','2020-04-16 04:45:38',1,96,7),(657,'Vivamus nisi. Mauris nulla. Integer urna. Vivamus molestie','2020-06-05 02:48:07',3,1275,7),(658,'Pellentesque tincidunt tempus risus. Donec egestas. Duis','2019-02-24 09:53:14',1,1970,11),(659,'tincidunt','2020-07-23 07:20:54',1,280,2),(660,'quis, tristique ac, eleifend vitae, erat. Vivamus nisi. Mauris','2019-06-08 03:55:38',2,1233,5),(661,'Vestibulum ut eros','2019-04-23 12:26:51',2,281,7),(662,'massa. Integer vitae','2019-05-02 03:46:21',2,546,1),(663,'magna. Cras convallis','2019-06-13 03:34:05',1,113,7),(664,'egestas. Aliquam nec enim. Nunc ut erat.','2020-04-02 14:31:02',3,1548,3),(665,'gravida mauris ut mi. Duis risus odio,','2019-01-07 06:20:25',1,200,8),(666,'Curabitur ut odio vel est tempor bibendum. Donec felis','2020-09-19 17:25:43',3,480,8),(667,'sollicitudin adipiscing ligula. Aenean gravida nunc sed','2020-03-29 03:59:40',1,773,8),(668,'sem ut dolor','2019-07-24 01:21:56',1,2182,1),(669,'Cras eu','2020-04-08 17:27:30',2,159,6),(670,'libero lacus, varius et, euismod et, commodo at, libero. Morbi','2019-03-31 04:01:22',3,1905,8),(671,'velit justo nec','2019-11-23 22:54:29',1,2069,8),(672,'faucibus','2020-05-20 10:25:11',2,2076,8),(673,'risus. Donec nibh enim, gravida sit amet, dapibus','2020-10-10 00:30:38',1,2125,11),(674,'porttitor vulputate, posuere vulputate, lacus. Cras interdum. Nunc sollicitudin commodo','2020-09-30 06:51:30',2,1377,6),(675,'arcu.','2020-06-28 15:06:45',2,1068,11),(676,'eget laoreet posuere, enim nisl elementum purus, accumsan interdum libero','2019-01-18 11:54:20',2,805,4),(677,'lorem lorem,','2020-08-15 15:44:04',1,1909,1),(678,'vitae semper','2019-01-02 12:07:31',1,2019,8),(679,'a, arcu. Sed et libero. Proin mi.','2019-11-25 14:21:32',1,1056,4),(680,'blandit congue. In scelerisque scelerisque dui. Suspendisse ac','2019-07-28 03:39:29',1,865,2),(681,'egestas nunc sed libero.','2020-06-16 09:50:03',3,1158,7),(682,'gravida sagittis.','2019-09-07 19:02:24',2,115,11),(683,'Aliquam gravida mauris ut mi. Duis risus odio, auctor','2019-06-01 06:59:47',3,201,11),(684,'ligula. Aenean euismod mauris','2020-09-07 22:20:50',1,159,7),(685,'Quisque ac libero nec ligula consectetuer rhoncus. Nullam velit dui,','2020-02-23 00:35:54',3,361,4),(686,'Praesent luctus. Curabitur egestas nunc sed libero.','2019-09-06 23:14:55',1,1118,7),(687,'sit amet, consectetuer adipiscing elit. Curabitur','2019-09-13 08:19:51',1,247,11),(688,'ligula. Donec luctus aliquet odio. Etiam ligula tortor, dictum','2019-10-04 10:07:49',3,904,6),(689,'rhoncus. Proin nisl sem, consequat','2019-09-16 17:48:36',1,1917,3),(690,'senectus et netus et malesuada fames ac turpis egestas. Aliquam','2020-06-11 01:09:57',3,47,7),(691,'neque tellus, imperdiet non, vestibulum nec,','2019-01-17 11:46:43',2,903,2),(692,'nec urna suscipit nonummy. Fusce fermentum fermentum arcu.','2019-02-09 15:39:57',2,1384,6),(693,'Mauris eu turpis.','2019-01-07 15:42:36',3,733,1),(694,'fringilla purus mauris a nunc. In','2019-07-13 16:44:04',1,1753,9),(695,'Phasellus at augue id ante dictum cursus. Nunc','2020-10-11 18:43:58',2,964,7),(696,'magna. Ut','2019-12-05 16:58:04',3,2123,3),(697,'quam dignissim','2019-10-31 22:36:25',1,243,5),(698,'netus et malesuada fames ac','2019-07-08 02:53:49',2,341,9),(699,'vel, mauris. Integer sem elit,','2019-01-03 21:16:34',3,40,2),(700,'lorem','2020-09-13 00:15:42',2,594,3),(701,'nibh sit amet orci. Ut sagittis lobortis mauris.','2020-02-28 18:40:51',2,364,1),(702,'varius ultrices, mauris ipsum porta elit, a feugiat tellus','2019-04-18 02:21:59',3,356,5),(703,'eu','2020-06-03 08:46:44',3,255,7),(704,'magna','2020-08-23 11:18:16',3,1681,7),(705,'Integer','2019-03-26 13:39:55',2,1828,3),(706,'auctor vitae, aliquet','2019-09-13 05:07:51',1,389,11),(707,'Sed auctor','2019-03-14 20:23:13',2,1881,5),(708,'Fusce mi lorem, vehicula et, rutrum eu, ultrices','2019-11-14 23:39:07',2,1553,8),(709,'Curabitur dictum.','2020-07-20 08:50:25',2,1313,10),(710,'eu elit. Nulla facilisi. Sed neque. Sed eget lacus.','2019-04-24 18:18:20',3,7,4),(711,'fringilla, porttitor vulputate, posuere vulputate, lacus. Cras interdum.','2020-05-17 15:55:00',2,1420,2),(712,'nunc id enim. Curabitur massa. Vestibulum accumsan neque','2019-07-23 10:23:36',2,1948,8),(713,'rhoncus id, mollis','2019-03-16 21:19:04',1,1198,8),(714,'Proin nisl sem, consequat nec,','2019-06-20 12:37:43',3,1295,8),(715,'augue malesuada malesuada. Integer id magna et','2019-11-04 13:42:31',2,2112,2),(716,'quis lectus. Nullam suscipit, est','2020-09-17 11:19:10',2,770,6),(717,'egestas rhoncus. Proin nisl','2020-09-14 01:35:01',1,447,2),(718,'vulputate dui, nec tempus mauris','2020-07-18 05:14:02',3,642,1),(719,'a ultricies adipiscing, enim mi','2019-07-27 03:25:12',3,10,1),(720,'aliquam, enim nec tempus scelerisque, lorem ipsum sodales purus, in','2019-11-26 09:24:51',2,1620,8),(721,'cursus luctus, ipsum leo','2019-02-05 23:27:53',2,1663,11),(722,'iaculis enim, sit amet ornare lectus justo','2020-05-23 00:23:46',2,388,7),(723,'ut cursus luctus, ipsum leo elementum sem, vitae','2020-06-16 13:11:20',3,220,7),(724,'eget, ipsum. Donec sollicitudin adipiscing ligula. Aenean','2019-03-02 09:17:21',1,1591,10),(725,'Donec tempus, lorem fringilla','2019-02-21 02:18:43',2,2019,4),(726,'gravida. Praesent','2020-02-20 23:40:47',2,635,11),(727,'tellus. Suspendisse sed dolor. Fusce','2019-01-28 18:55:05',2,1157,10),(728,'at auctor ullamcorper,','2020-07-19 01:26:55',1,469,3),(729,'scelerisque','2020-08-17 18:57:52',2,2115,8),(730,'ut quam vel sapien imperdiet','2019-03-30 18:14:54',2,1322,6),(731,'cursus, diam','2020-08-16 22:03:10',2,1816,7),(732,'ac sem ut dolor dapibus gravida. Aliquam tincidunt,','2020-07-27 11:28:44',2,642,10),(733,'mollis. Duis sit','2020-04-13 06:04:33',1,10,3),(734,'commodo at,','2019-02-11 10:16:22',2,1206,4),(735,'lobortis risus.','2019-10-17 19:19:02',2,1417,3),(736,'eget metus. In nec orci. Donec nibh. Quisque','2020-01-07 22:02:14',1,1345,3),(737,'pede,','2019-09-18 17:19:26',3,1627,2),(738,'eu, accumsan sed, facilisis','2019-11-26 02:42:42',2,1795,10),(739,'In ornare sagittis felis. Donec','2019-06-10 05:53:49',1,675,4),(740,'mauris.','2019-12-15 12:01:43',1,1882,10),(741,'Duis','2019-04-03 19:48:53',1,1359,6),(742,'mauris elit, dictum eu, eleifend nec,','2019-08-26 15:42:24',2,1105,6),(743,'erat. Sed nunc est, mollis non,','2020-09-21 16:11:47',1,468,5),(744,'Sed','2019-01-03 13:00:27',1,529,2),(745,'urna convallis erat, eget tincidunt dui augue eu','2020-10-05 23:55:38',1,1431,6),(746,'dictum. Phasellus in felis. Nulla tempor','2020-08-03 06:40:49',3,1260,6),(747,'quis, pede. Praesent','2019-06-25 01:22:03',3,618,4),(748,'convallis est, vitae sodales nisi magna sed dui. Fusce','2020-08-09 21:39:02',3,202,9),(749,'et arcu imperdiet ullamcorper. Duis at lacus.','2020-01-13 17:51:29',1,129,7),(750,'nibh lacinia orci, consectetuer euismod','2019-03-01 03:34:22',2,739,8),(751,'magnis dis parturient montes,','2020-08-17 10:05:39',3,663,1),(752,'Suspendisse commodo tincidunt nibh. Phasellus nulla. Integer vulputate, risus','2019-02-01 18:55:42',2,1476,4),(753,'Nullam vitae diam. Proin dolor. Nulla semper tellus','2020-03-24 20:33:22',1,1402,3),(754,'natoque penatibus','2020-08-25 16:30:40',1,1196,11),(755,'lacus. Ut nec urna et arcu imperdiet ullamcorper. Duis','2019-11-25 01:07:30',1,1281,5),(756,'Nam ac nulla. In tincidunt','2019-07-07 19:45:31',1,1569,9),(757,'risus. Donec nibh enim, gravida sit amet, dapibus id, blandit','2020-10-01 12:48:57',3,1040,2),(758,'lectus sit amet','2019-05-23 13:27:29',1,317,10),(759,'faucibus orci luctus','2019-03-22 18:52:43',2,1510,4),(760,'sollicitudin orci sem','2020-10-31 20:50:53',1,1941,9),(761,'Nunc quis arcu','2020-09-06 06:38:02',1,422,2),(762,'ac turpis egestas.','2019-08-11 12:32:36',1,1106,1),(763,'hymenaeos. Mauris ut quam vel','2020-08-07 22:23:26',1,1532,6),(764,'sociis natoque penatibus et magnis dis','2019-12-31 20:56:42',3,1516,11),(765,'justo. Praesent luctus. Curabitur egestas nunc','2019-03-28 16:00:57',1,2020,10),(766,'eu, odio. Phasellus at augue','2019-11-13 13:28:05',1,576,5),(767,'sem, vitae aliquam','2019-09-21 02:35:19',1,2109,7),(768,'ac mi eleifend egestas. Sed','2019-09-04 18:18:27',2,425,10),(769,'sagittis augue, eu tempor erat','2019-01-09 03:22:27',2,147,9),(770,'sed dictum eleifend, nunc risus varius orci,','2019-06-13 07:58:44',3,1573,11),(771,'et ipsum cursus vestibulum. Mauris magna. Duis dignissim tempor','2019-05-03 21:27:35',3,321,6),(772,'accumsan laoreet ipsum.','2020-09-17 03:09:47',3,554,1),(773,'vitae purus gravida sagittis.','2019-05-19 13:39:56',2,1745,1),(774,'hymenaeos. Mauris ut quam vel sapien imperdiet ornare. In faucibus.','2020-05-05 12:00:26',1,91,11),(775,'laoreet lectus quis massa. Mauris vestibulum, neque','2020-09-12 03:44:42',1,2055,11),(776,'libero lacus, varius et, euismod et, commodo','2019-11-21 17:53:11',1,1448,4),(777,'feugiat. Sed nec metus facilisis','2020-10-28 11:33:25',3,786,10),(778,'orci. Donec nibh.','2020-07-10 03:21:13',1,971,9),(779,'nunc risus varius orci, in consequat enim diam vel','2020-07-19 19:29:57',2,1904,5),(780,'vel, vulputate eu, odio. Phasellus','2019-09-16 14:33:18',2,1128,4),(781,'pretium','2019-10-02 17:25:59',1,1148,9),(782,'lectus justo eu arcu.','2020-03-06 01:22:17',2,1205,2),(783,'feugiat placerat velit. Quisque varius. Nam porttitor scelerisque neque.','2020-10-24 07:28:26',2,1694,1),(784,'Sed auctor odio a','2019-01-16 22:41:51',1,1388,10),(785,'est mauris, rhoncus id, mollis nec, cursus a, enim.','2019-02-13 06:24:55',1,2103,2),(786,'quis massa. Mauris vestibulum, neque sed dictum eleifend, nunc','2019-12-28 02:19:48',2,1262,7),(787,'erat volutpat. Nulla','2019-10-08 03:00:44',3,1690,1),(788,'nec tempus mauris erat eget ipsum.','2020-01-15 07:17:38',1,1273,11),(789,'eu, ultrices sit amet, risus. Donec nibh enim, gravida sit','2019-12-05 03:37:41',1,1515,7),(790,'Nullam vitae','2019-01-01 16:35:49',1,127,11),(791,'dolor sit amet, consectetuer adipiscing elit. Aliquam auctor,','2019-08-22 10:58:12',1,96,7),(792,'semper rutrum.','2019-03-05 19:58:27',3,594,8),(793,'convallis ligula. Donec luctus aliquet odio.','2020-06-08 01:58:20',1,1863,3),(794,'non, dapibus rutrum, justo. Praesent luctus. Curabitur egestas nunc','2019-03-17 18:37:41',2,1401,7),(795,'Sed neque. Sed eget lacus. Mauris non dui nec urna','2019-06-14 01:48:08',1,54,2),(796,'Etiam laoreet, libero et tristique pellentesque, tellus','2020-06-16 07:32:39',2,757,4),(797,'nisi dictum augue malesuada','2019-09-05 05:24:39',2,1708,2),(798,'non lorem vitae','2019-08-28 12:00:05',1,13,10),(799,'sit amet nulla. Donec non justo. Proin non massa','2020-10-04 09:30:27',1,606,9),(800,'ac nulla. In tincidunt congue','2019-03-18 10:50:33',3,1287,2),(801,'mauris','2020-04-10 22:50:47',1,632,10),(802,'Donec at arcu. Vestibulum ante ipsum primis in faucibus orci','2020-10-05 23:02:29',1,1371,5),(803,'dolor vitae dolor. Donec fringilla. Donec feugiat metus sit amet','2019-09-28 01:26:07',3,2099,6),(804,'elementum, dui quis accumsan convallis, ante','2019-01-21 22:10:07',2,423,11),(805,'vel, mauris.','2019-04-07 17:55:22',3,2102,1),(806,'ipsum cursus vestibulum.','2020-09-12 17:33:24',1,463,11),(807,'dignissim tempor arcu. Vestibulum ut eros non enim commodo hendrerit.','2019-07-02 10:48:41',1,1101,10),(808,'a','2020-03-27 08:57:37',2,99,1),(809,'convallis, ante lectus convallis','2019-03-30 20:24:17',2,2149,11),(810,'dolor egestas rhoncus. Proin nisl sem, consequat nec, mollis vitae,','2019-09-13 02:51:25',3,147,3),(811,'massa lobortis ultrices. Vivamus rhoncus. Donec est. Nunc ullamcorper, velit','2020-04-26 00:03:43',3,1946,9),(812,'Nunc pulvinar arcu et pede. Nunc sed orci','2019-05-08 03:14:46',2,497,3),(813,'ultricies dignissim lacus.','2019-09-01 23:14:58',3,345,9),(814,'montes, nascetur ridiculus mus. Donec dignissim','2019-12-02 18:58:47',2,380,6),(815,'vitae velit egestas lacinia. Sed congue, elit','2019-07-26 01:06:40',2,1738,6),(816,'ut eros non','2020-10-07 19:44:17',2,1265,1),(817,'cursus','2019-09-28 20:55:10',2,1425,9),(818,'ultricies ornare, elit elit fermentum risus, at fringilla','2020-02-24 08:19:54',3,576,10),(819,'ullamcorper, velit in aliquet lobortis, nisi','2020-06-19 10:06:17',1,2052,6),(820,'lectus rutrum urna, nec luctus felis purus','2019-01-03 21:48:15',2,2162,11),(821,'interdum libero dui','2019-02-14 17:21:58',3,22,4),(822,'lectus. Nullam suscipit, est','2019-10-04 07:39:39',2,1247,1),(823,'dui. Cras pellentesque. Sed dictum. Proin','2019-10-18 15:47:19',2,1192,3),(824,'Donec consectetuer mauris id sapien. Cras dolor dolor, tempus non,','2019-02-21 14:12:46',3,1131,8),(825,'sed tortor. Integer aliquam adipiscing lacus. Ut','2020-09-11 15:23:10',3,1729,6),(826,'dolor, tempus non, lacinia','2019-11-29 01:59:40',3,1683,5),(827,'dapibus id,','2019-08-24 09:54:18',3,1827,3),(828,'eu augue porttitor interdum. Sed auctor odio a','2019-02-10 15:46:37',2,114,9),(829,'posuere cubilia Curae; Donec','2019-03-01 22:08:04',1,1249,6),(830,'eu, accumsan sed, facilisis','2019-06-26 13:37:19',3,1338,2),(831,'lectus. Cum sociis natoque penatibus','2020-08-04 18:21:24',3,34,5),(832,'Nulla dignissim. Maecenas ornare egestas ligula. Nullam feugiat','2019-07-14 03:39:25',3,2084,1),(833,'purus. Duis elementum, dui quis accumsan convallis, ante','2019-04-12 00:54:44',2,930,5),(834,'vulputate, nisi sem semper erat,','2019-10-12 03:37:32',3,1563,8),(835,'convallis ligula. Donec luctus aliquet odio. Etiam ligula tortor, dictum','2020-02-21 08:46:20',2,2081,1),(836,'cubilia Curae; Phasellus ornare.','2020-03-13 03:23:49',2,533,9),(837,'suscipit, est ac facilisis facilisis, magna tellus faucibus leo,','2019-11-16 08:00:41',2,1925,10),(838,'tellus. Suspendisse sed dolor.','2019-05-07 16:50:29',3,1410,1),(839,'orci luctus et ultrices posuere cubilia Curae;','2019-05-11 19:57:51',1,2114,3),(840,'fames ac turpis egestas.','2019-07-25 05:40:43',3,139,5),(841,'Phasellus ornare. Fusce mollis. Duis sit amet','2020-03-31 10:22:42',3,750,3),(842,'scelerisque,','2020-06-29 16:04:06',3,1192,10),(843,'tellus justo sit amet nulla. Donec non justo. Proin non','2020-02-02 04:29:21',2,1865,7),(844,'Vivamus euismod','2019-12-26 03:54:43',2,884,8),(845,'a ultricies adipiscing,','2019-03-09 13:54:23',2,308,9),(846,'vitae odio sagittis semper. Nam tempor diam dictum','2019-05-03 18:25:02',1,2,2),(847,'neque venenatis lacus. Etiam bibendum fermentum','2019-08-04 06:34:08',3,1547,11),(848,'orci quis lectus. Nullam suscipit,','2019-09-30 18:30:49',2,728,9),(849,'Integer id','2019-05-04 15:10:54',2,2069,4),(850,'ac tellus. Suspendisse sed dolor. Fusce mi lorem,','2020-07-28 10:18:15',3,874,1),(851,'ac turpis egestas. Aliquam fringilla cursus','2020-10-24 06:50:20',3,497,6),(852,'amet lorem semper auctor. Mauris vel turpis. Aliquam adipiscing lobortis','2019-12-29 17:33:47',3,1278,1),(853,'in','2020-03-04 14:23:56',3,1568,10),(854,'non, dapibus rutrum,','2020-07-16 08:44:18',1,776,5),(855,'nec tempus mauris erat eget ipsum. Suspendisse sagittis. Nullam','2020-04-06 01:10:49',3,1555,3),(856,'vel, convallis in,','2019-06-08 02:17:43',3,1311,1),(857,'ac nulla. In tincidunt congue turpis.','2020-04-02 16:29:38',2,346,9),(858,'nulla.','2019-12-01 07:56:39',3,1102,10),(859,'Curae; Phasellus','2019-12-10 09:34:16',3,1798,3),(860,'amet orci.','2019-01-12 12:02:23',1,1512,7),(861,'eleifend nec, malesuada ut, sem. Nulla interdum. Curabitur dictum.','2019-04-23 21:13:28',2,1400,9),(862,'montes, nascetur ridiculus mus. Donec dignissim magna a tortor.','2019-09-09 07:32:38',1,1589,11),(863,'Quisque imperdiet, erat nonummy ultricies ornare, elit elit','2019-10-12 03:41:19',2,1370,3),(864,'Proin mi.','2019-03-31 01:53:07',1,1016,3),(865,'vitae, sodales at, velit. Pellentesque ultricies dignissim lacus. Aliquam','2020-06-18 22:09:37',2,487,1),(866,'laoreet ipsum. Curabitur consequat, lectus sit amet luctus vulputate,','2020-03-26 14:53:43',1,1811,5),(867,'magna. Sed eu eros. Nam consequat dolor vitae dolor. Donec','2019-08-26 01:27:52',1,81,2),(868,'posuere at, velit. Cras lorem lorem,','2019-06-10 11:05:11',1,335,10),(869,'Vestibulum ante ipsum primis in faucibus orci','2019-08-17 15:09:30',1,1159,2),(870,'Aliquam erat volutpat. Nulla facilisis. Suspendisse commodo','2020-04-20 04:26:03',2,673,9),(871,'Proin vel arcu eu odio tristique pharetra.','2019-01-18 08:17:50',3,1010,9),(872,'Sed auctor odio a purus. Duis','2019-09-20 13:48:13',3,709,10),(873,'eget,','2019-05-13 23:53:07',1,1605,9),(874,'Mauris non dui nec urna suscipit nonummy. Fusce fermentum','2019-05-10 19:46:10',2,1270,2),(875,'nonummy ac, feugiat non, lobortis quis,','2019-05-26 08:31:59',2,293,3),(876,'amet, faucibus ut, nulla. Cras eu','2019-06-04 13:29:53',1,972,7),(877,'nisl. Maecenas malesuada fringilla est. Mauris eu turpis.','2019-10-09 10:01:33',1,157,6),(878,'nulla. Cras eu tellus eu augue porttitor','2019-05-19 19:52:33',1,1070,5),(879,'ipsum. Phasellus vitae mauris sit amet','2019-05-14 03:16:42',3,1603,2),(880,'eu, accumsan sed, facilisis vitae, orci. Phasellus dapibus','2020-02-17 20:07:02',1,169,2),(881,'Donec tincidunt. Donec vitae erat vel pede blandit','2019-02-26 13:08:11',3,477,7),(882,'eu, odio. Phasellus at augue id ante dictum','2019-07-09 23:07:14',1,1132,11),(883,'lorem,','2020-10-31 06:48:28',3,1921,10),(884,'et ipsum','2019-02-10 03:30:53',2,1334,11),(885,'fringilla euismod enim. Etiam gravida molestie arcu. Sed eu','2020-02-19 13:12:59',3,2038,9),(886,'at auctor ullamcorper, nisl arcu iaculis enim, sit amet ornare','2020-04-18 06:48:49',3,463,8),(887,'Proin ultrices. Duis volutpat nunc sit amet metus. Aliquam','2020-09-24 17:26:33',2,1474,5),(888,'malesuada','2019-08-08 22:14:13',3,1568,2),(889,'ligula tortor, dictum eu, placerat','2019-03-17 19:07:25',1,566,11),(890,'non, dapibus','2019-10-13 00:55:18',1,101,4),(891,'nec ante blandit viverra. Donec','2019-05-21 18:38:05',2,1486,5),(892,'nunc nulla vulputate','2020-07-16 15:55:49',1,2020,8),(893,'euismod enim. Etiam','2019-04-16 04:47:26',1,362,3),(894,'mi fringilla mi lacinia mattis.','2019-06-03 18:07:19',3,103,2),(895,'mattis. Integer','2019-06-19 03:43:03',3,47,6),(896,'eu erat semper rutrum. Fusce dolor','2020-08-14 10:16:19',2,117,2),(897,'Curabitur sed','2020-09-12 02:40:48',2,2040,8),(898,'Curae; Donec tincidunt. Donec','2019-08-22 00:11:28',3,572,1),(899,'Fusce dolor quam, elementum at, egestas a,','2019-10-01 00:15:49',2,1562,4),(900,'Integer vitae','2019-02-08 21:55:08',3,878,3),(901,'Proin sed turpis nec mauris blandit mattis. Cras eget nisi','2020-10-16 17:28:28',1,250,1),(902,'lectus.','2019-04-19 14:54:10',3,41,10),(903,'ultricies adipiscing, enim mi tempor lorem, eget mollis lectus','2019-04-19 03:28:27',1,1414,7),(904,'eu erat semper rutrum. Fusce','2019-03-16 12:56:35',3,975,5),(905,'diam. Pellentesque habitant morbi tristique senectus et netus et','2020-04-11 23:42:30',1,422,5),(906,'vel pede blandit congue. In scelerisque scelerisque dui. Suspendisse','2019-11-17 08:09:46',2,883,11),(907,'lacus. Quisque','2019-02-05 11:13:55',1,524,9),(908,'eros','2019-06-30 14:54:30',3,1603,7),(909,'quam dignissim pharetra. Nam ac nulla. In tincidunt','2019-04-01 13:09:40',3,1322,7),(910,'tempus','2020-05-26 16:13:34',1,1698,8),(911,'sagittis lobortis mauris.','2019-01-01 19:26:36',1,335,7),(912,'sit amet diam eu dolor egestas','2019-07-06 01:59:54',3,1445,5),(913,'odio tristique','2019-07-20 15:31:10',3,1072,8),(914,'Class aptent','2019-08-19 13:41:56',1,1935,4),(915,'pede, ultrices a, auctor non, feugiat nec, diam. Duis mi','2020-07-31 21:06:23',3,234,3),(916,'blandit at, nisi. Cum sociis natoque penatibus','2019-10-13 16:45:33',2,813,11),(917,'nascetur ridiculus mus. Proin vel nisl. Quisque fringilla euismod','2019-09-05 05:43:57',1,1558,5),(918,'interdum','2019-10-23 18:42:08',1,1295,7),(919,'Aliquam rutrum lorem ac risus.','2019-03-26 06:33:00',1,358,3),(920,'enim non nisi. Aenean eget metus.','2020-04-01 14:00:59',3,458,3),(921,'Donec feugiat metus','2020-06-10 02:11:12',1,451,7),(922,'morbi tristique','2020-07-25 06:21:15',3,1811,2),(923,'lobortis mauris. Suspendisse aliquet molestie tellus.','2019-10-06 17:04:55',1,1139,11),(924,'mauris, rhoncus','2019-10-19 04:47:08',3,1016,7),(925,'magnis dis parturient montes, nascetur ridiculus','2019-03-16 05:06:28',3,492,7),(926,'pharetra','2019-06-12 13:08:29',3,18,5),(927,'eu metus. In lorem. Donec elementum, lorem ut','2019-05-12 15:27:43',1,459,7),(928,'dui nec urna suscipit nonummy. Fusce fermentum fermentum','2019-08-11 20:38:22',2,2102,11),(929,'placerat, orci','2019-07-01 16:10:19',2,721,7),(930,'nunc, ullamcorper eu, euismod ac, fermentum vel, mauris. Integer sem','2019-11-22 00:48:06',3,532,7),(931,'elit erat','2019-01-21 15:37:41',3,240,1),(932,'feugiat placerat velit. Quisque varius. Nam porttitor scelerisque neque. Nullam','2019-07-21 10:46:46',3,1916,4),(933,'nonummy ac, feugiat non, lobortis','2019-08-04 13:10:39',3,758,3),(934,'Nulla tempor augue','2020-04-08 03:30:22',3,1809,3),(935,'rutrum non, hendrerit id, ante. Nunc mauris sapien,','2019-02-12 18:10:41',1,311,9),(936,'nec orci. Donec nibh. Quisque','2019-09-11 19:14:21',3,289,1),(937,'nec, imperdiet nec, leo. Morbi neque tellus, imperdiet non, vestibulum','2020-01-03 14:16:23',1,1336,10),(938,'mollis non,','2019-09-04 12:57:41',3,659,10),(939,'arcu eu odio tristique pharetra. Quisque ac libero nec ligula','2019-04-20 17:58:13',2,1812,5),(940,'ipsum cursus vestibulum.','2019-06-25 00:58:01',2,1482,11),(941,'dui nec urna suscipit nonummy. Fusce fermentum fermentum','2020-06-24 13:23:41',3,1011,2),(942,'tempus mauris erat eget ipsum. Suspendisse sagittis. Nullam vitae','2019-03-30 21:27:46',1,1253,5),(943,'iaculis odio.','2019-07-09 13:05:32',3,1126,7),(944,'Nam porttitor scelerisque neque. Nullam nisl. Maecenas malesuada fringilla','2020-04-20 01:31:34',3,1366,8),(945,'egestas. Duis ac arcu. Nunc mauris.','2019-11-28 09:24:06',3,1242,6),(946,'eu','2019-01-03 00:14:23',1,2143,2),(947,'sapien. Nunc pulvinar','2019-05-21 13:09:56',2,2164,4),(948,'arcu ac orci. Ut semper pretium neque.','2019-05-13 09:32:00',1,267,11),(949,'sit amet luctus vulputate, nisi sem','2020-01-18 01:58:15',2,1370,2),(950,'odio. Etiam ligula tortor, dictum eu, placerat eget, venenatis a,','2019-05-30 07:45:07',1,286,5),(951,'mauris ut mi. Duis','2019-04-07 00:21:08',3,1458,11),(952,'purus ac tellus. Suspendisse sed dolor.','2020-03-16 12:09:35',2,1619,2),(953,'et, rutrum eu, ultrices sit amet, risus. Donec nibh','2019-09-24 19:43:58',2,1988,2),(954,'eros.','2020-07-27 08:09:05',3,176,7),(955,'eget laoreet posuere,','2019-01-20 16:20:53',3,246,5),(956,'consequat, lectus sit','2020-07-13 10:26:17',2,496,1),(957,'eu, accumsan sed, facilisis vitae, orci. Phasellus','2020-07-08 17:00:25',1,299,10),(958,'id','2019-05-30 23:15:25',1,695,9),(959,'ut, nulla. Cras eu tellus eu augue porttitor','2019-03-12 06:47:09',2,1930,5),(960,'faucibus orci luctus et ultrices posuere cubilia Curae; Phasellus ornare.','2020-08-14 09:21:47',1,2020,9),(961,'Nam consequat dolor','2019-03-17 11:29:10',2,1786,8),(962,'dolor. Fusce mi lorem,','2019-04-03 08:15:57',3,19,8),(963,'Aenean','2019-09-27 20:55:30',1,1359,3),(964,'Proin ultrices. Duis volutpat nunc sit amet metus. Aliquam erat','2020-07-05 21:05:08',3,1910,2),(965,'ligula tortor,','2019-04-01 08:35:39',3,718,11),(966,'arcu. Sed et libero. Proin mi. Aliquam gravida mauris','2020-06-23 06:07:40',2,1370,11),(967,'nec enim. Nunc ut erat.','2019-03-03 04:31:37',2,1754,11),(968,'interdum. Sed auctor odio a purus.','2019-10-02 01:04:36',2,966,7),(969,'in magna. Phasellus dolor elit, pellentesque a, facilisis','2019-04-19 22:09:37',1,1961,6),(970,'vel, mauris. Integer sem elit, pharetra ut, pharetra sed, hendrerit','2019-12-27 23:21:11',2,910,11),(971,'mollis nec, cursus a, enim. Suspendisse aliquet, sem ut cursus','2020-09-24 23:51:46',3,1490,1),(972,'rutrum','2020-06-02 15:29:44',3,819,2),(973,'egestas, urna justo faucibus','2020-10-30 19:36:53',2,245,4),(974,'elit, a feugiat tellus lorem eu','2019-11-05 16:49:39',1,803,11),(975,'ipsum cursus vestibulum. Mauris','2019-04-16 07:20:22',2,437,11),(976,'arcu','2019-07-01 03:54:27',2,1270,10),(977,'molestie dapibus ligula. Aliquam erat volutpat.','2019-07-30 13:56:16',3,531,11),(978,'Curabitur egestas nunc','2020-02-07 10:24:04',1,53,7),(979,'Phasellus in felis. Nulla tempor augue ac','2020-06-02 15:25:12',2,162,7),(980,'Donec non justo. Proin non massa non ante bibendum','2020-04-19 01:16:56',3,1472,7),(981,'varius. Nam','2020-09-05 01:32:47',2,1280,4),(982,'ligula consectetuer rhoncus. Nullam velit dui, semper','2019-10-03 07:37:13',2,586,2),(983,'mauris blandit','2020-10-19 15:15:30',1,945,11),(984,'metus urna convallis erat, eget tincidunt dui','2019-01-05 09:46:46',2,1954,2),(985,'imperdiet non, vestibulum nec, euismod in, dolor. Fusce','2020-10-16 12:04:54',1,1502,4),(986,'Nunc sollicitudin commodo ipsum. Suspendisse non leo. Vivamus nibh dolor,','2020-05-13 18:20:07',2,1990,5),(987,'Vivamus molestie dapibus ligula. Aliquam erat volutpat. Nulla dignissim. Maecenas','2019-12-02 09:32:41',3,1644,5),(988,'nulla. Cras eu tellus eu augue porttitor interdum. Sed','2020-08-10 12:56:35',2,2019,4),(989,'mi, ac mattis velit justo nec ante. Maecenas','2020-01-14 03:04:27',3,560,10),(990,'ipsum sodales purus,','2019-05-31 23:14:06',2,2056,4),(991,'sem elit, pharetra ut, pharetra sed, hendrerit a, arcu. Sed','2019-11-03 19:03:36',3,406,9),(992,'dui. Cras','2019-06-24 10:04:33',2,1259,4),(993,'congue. In scelerisque scelerisque dui.','2020-09-29 13:17:27',3,940,2),(994,'eu','2019-08-10 09:06:58',3,230,3),(995,'Donec tempor, est ac mattis semper, dui','2019-09-26 16:29:17',1,95,4),(996,'adipiscing. Mauris molestie pharetra','2019-02-06 13:00:00',3,1157,11),(997,'enim consequat purus. Maecenas','2019-03-15 17:54:07',1,1551,11),(998,'egestas. Sed pharetra, felis eget varius ultrices, mauris ipsum','2019-09-15 21:18:56',3,1362,11),(999,'lacinia. Sed congue, elit sed consequat auctor, nunc nulla','2020-07-19 00:00:55',2,921,9),(1000,'ante, iaculis nec, eleifend non, dapibus','2019-04-17 15:33:05',2,256,9),(1001,'ligula. Nullam enim. Sed nulla ante, iaculis','2020-06-03 07:44:34',1,620,11),(1002,'In nec orci. Donec nibh. Quisque nonummy ipsum','2019-08-20 05:51:41',3,1875,5),(1003,'commodo at, libero. Morbi accumsan laoreet ipsum. Curabitur consequat, lectus','2020-07-31 02:03:38',1,1911,1),(1004,'odio sagittis semper. Nam tempor diam','2020-04-04 06:47:30',1,1286,1),(1005,'egestas hendrerit neque. In','2019-12-29 18:25:12',1,57,7),(1006,'felis purus ac tellus. Suspendisse sed','2019-04-28 20:21:54',1,232,10),(1007,'ante ipsum primis in faucibus orci luctus et ultrices','2019-04-15 14:00:24',1,688,8),(1008,'Cras convallis convallis','2019-01-22 14:30:44',1,1565,3),(1009,'neque. Morbi quis urna. Nunc','2019-02-14 18:13:01',3,1367,3),(1010,'arcu. Morbi sit amet','2019-01-02 20:19:10',3,1732,7),(1011,'Duis risus odio, auctor vitae, aliquet nec, imperdiet nec,','2019-12-26 19:59:13',2,354,1),(1012,'montes, nascetur ridiculus mus. Proin vel','2019-07-27 07:09:46',1,1438,4),(1013,'erat, eget','2019-03-01 21:24:34',1,1900,1),(1014,'ut mi.','2019-08-01 11:29:25',1,225,8),(1015,'facilisis facilisis, magna tellus','2020-08-18 22:16:13',3,869,10),(1016,'arcu imperdiet ullamcorper. Duis at lacus. Quisque purus','2020-06-27 14:04:49',2,448,4),(1017,'auctor velit. Aliquam nisl. Nulla eu neque pellentesque massa lobortis','2019-01-02 01:39:45',2,675,11),(1018,'metus. Aliquam erat volutpat. Nulla facilisis. Suspendisse','2019-09-03 16:20:51',3,338,9),(1019,'nisl elementum purus, accumsan','2019-05-14 11:18:22',1,1948,11),(1020,'mollis nec, cursus a, enim. Suspendisse aliquet,','2019-10-23 22:01:37',1,1187,5),(1021,'pede ac urna. Ut tincidunt vehicula','2019-07-06 21:02:19',1,600,2),(1022,'tristique pellentesque, tellus sem mollis dui,','2019-03-21 18:20:27',1,1945,5),(1023,'ut aliquam iaculis, lacus pede sagittis augue, eu tempor','2019-09-16 12:12:48',3,707,2),(1024,'est','2020-03-05 11:56:04',2,1110,7),(1025,'Aliquam adipiscing lobortis risus. In mi pede,','2020-09-29 22:39:59',1,99,5),(1026,'parturient','2020-02-03 05:29:49',2,957,8),(1027,'amet orci. Ut','2019-05-23 14:24:35',1,170,1),(1028,'Cum sociis natoque penatibus et magnis dis','2019-10-08 18:32:39',2,351,3),(1029,'aliquet lobortis, nisi','2019-02-21 21:37:00',3,1563,2),(1030,'Nam consequat dolor vitae dolor. Donec fringilla. Donec','2019-12-28 07:09:31',2,1692,7),(1031,'quam. Curabitur vel','2020-01-06 19:52:37',1,1409,6),(1032,'blandit congue. In','2019-01-27 00:30:49',1,1193,1),(1033,'Donec','2019-07-12 22:59:06',3,525,2),(1034,'velit.','2019-06-28 23:16:34',1,1697,5),(1035,'non lorem vitae odio sagittis semper. Nam tempor diam','2020-06-08 18:29:50',2,668,10),(1036,'cursus luctus, ipsum leo','2019-03-14 07:22:32',3,1715,9),(1037,'Morbi vehicula. Pellentesque tincidunt tempus risus.','2020-07-24 09:37:21',3,1023,5),(1038,'nisl sem, consequat nec, mollis vitae,','2019-01-10 22:38:47',1,28,3),(1039,'tincidunt','2020-09-25 15:00:23',2,978,6),(1040,'ridiculus mus. Proin vel arcu eu odio tristique pharetra. Quisque','2019-07-19 20:05:17',1,1241,5),(1041,'ornare','2019-08-31 01:05:35',2,1984,5),(1042,'orci. Ut sagittis','2020-10-30 15:24:01',2,632,6),(1043,'orci, adipiscing non, luctus sit amet, faucibus ut,','2020-01-11 20:17:18',1,136,6),(1044,'augue scelerisque mollis. Phasellus libero mauris, aliquam eu,','2020-06-30 08:59:39',3,254,6),(1045,'dictum eu, eleifend nec, malesuada ut, sem.','2020-03-29 17:01:56',2,1168,5),(1046,'rutrum, justo. Praesent luctus.','2019-01-19 05:59:23',3,2154,7),(1047,'Phasellus vitae mauris sit amet','2019-10-07 12:35:00',3,700,5),(1048,'Pellentesque ultricies dignissim lacus. Aliquam','2019-03-15 06:41:37',3,433,10),(1049,'Sed et','2019-01-15 22:39:06',2,171,8),(1050,'fames ac','2019-07-09 22:04:31',1,780,7),(1051,'eget metus. In nec orci. Donec nibh.','2020-06-06 20:21:41',2,2129,5),(1052,'a neque. Nullam','2019-04-26 07:20:22',2,1214,8),(1053,'dolor elit, pellentesque a,','2019-06-30 15:38:20',3,1794,10),(1054,'magna, malesuada vel, convallis in, cursus et,','2020-09-09 20:50:07',3,1925,11),(1055,'sagittis.','2019-09-08 23:08:21',3,2091,11),(1056,'rutrum eu, ultrices sit amet, risus. Donec nibh','2019-05-20 21:13:12',3,470,9),(1057,'Curabitur','2019-10-25 14:53:48',2,1891,11),(1058,'commodo hendrerit. Donec porttitor tellus non magna.','2020-07-02 04:41:31',2,1751,8),(1059,'Donec porttitor tellus non magna. Nam','2019-01-22 11:55:19',2,1887,8),(1060,'aliquet, metus urna convallis erat, eget tincidunt','2020-08-24 13:46:44',1,100,10),(1061,'ullamcorper magna. Sed eu eros.','2019-05-20 12:54:07',3,1554,10),(1062,'ante blandit viverra. Donec tempus, lorem fringilla ornare placerat,','2019-10-11 14:33:07',3,1421,10),(1063,'Etiam vestibulum massa rutrum magna. Cras convallis convallis dolor.','2019-02-28 14:11:53',1,1042,3),(1064,'cursus. Integer mollis. Integer tincidunt aliquam','2020-01-12 03:47:21',1,1126,3),(1065,'penatibus et magnis dis parturient montes, nascetur','2019-07-17 07:07:56',3,981,7),(1066,'neque. In ornare sagittis felis. Donec','2020-07-23 04:54:38',3,95,5),(1067,'gravida. Praesent','2020-04-17 07:36:21',2,820,10),(1068,'Morbi quis urna. Nunc quis arcu vel quam dignissim pharetra.','2019-10-15 23:17:04',3,777,5),(1069,'id risus quis diam luctus','2019-09-02 04:28:55',2,1161,5),(1070,'in faucibus orci luctus et','2019-01-30 00:20:04',3,274,5),(1071,'vitae, aliquet nec, imperdiet nec,','2019-08-23 03:24:48',1,773,4),(1072,'nunc. In at pede. Cras vulputate velit','2019-08-12 19:39:49',3,1479,8),(1073,'nisi. Cum sociis natoque','2019-05-17 02:41:27',2,1772,8),(1074,'lacus. Quisque purus sapien, gravida','2019-07-29 10:54:44',3,909,5),(1075,'Ut tincidunt','2019-10-20 12:17:36',1,1929,1),(1076,'erat. Sed nunc est, mollis non, cursus non, egestas a,','2020-07-14 21:36:08',2,1780,6),(1077,'tincidunt orci quis lectus. Nullam','2019-07-14 03:25:51',1,173,1),(1078,'nec quam. Curabitur','2020-07-31 16:57:21',3,576,2),(1079,'Phasellus dolor elit, pellentesque a, facilisis non, bibendum','2020-09-17 23:21:06',2,2041,11),(1080,'lacus. Mauris non dui','2019-05-24 14:38:05',1,799,6),(1081,'lectus justo eu arcu.','2019-08-17 15:58:02',3,1931,3),(1082,'sed orci lobortis augue scelerisque','2019-07-27 05:13:30',3,941,3),(1083,'auctor, velit eget laoreet posuere,','2019-03-30 11:00:47',3,2120,11),(1084,'sit amet ultricies sem magna nec quam.','2019-01-18 05:57:28',3,831,1),(1085,'Pellentesque ultricies dignissim lacus. Aliquam rutrum lorem ac','2019-08-25 06:32:56',2,633,11),(1086,'faucibus orci','2020-07-04 02:44:13',1,1820,2),(1087,'nisl arcu iaculis enim, sit amet ornare lectus justo','2019-09-10 18:28:30',2,1431,6),(1088,'et, magna. Praesent interdum ligula eu enim. Etiam imperdiet','2019-09-03 12:16:33',2,1764,10),(1089,'varius orci, in consequat enim diam vel','2019-09-27 13:49:15',2,1276,7),(1090,'amet, dapibus id, blandit at,','2019-02-23 00:15:55',2,1032,2),(1091,'lacus. Nulla tincidunt, neque vitae semper egestas, urna','2019-04-21 18:36:01',2,1562,7),(1092,'ullamcorper viverra. Maecenas iaculis aliquet','2020-05-12 16:57:34',3,654,7),(1093,'eleifend. Cras sed leo. Cras','2020-06-09 13:45:12',1,1144,2),(1094,'ipsum nunc id enim. Curabitur','2019-03-13 17:31:52',3,1102,4),(1095,'nec, euismod in, dolor. Fusce feugiat.','2019-04-11 07:26:56',1,2019,10),(1096,'Mauris','2020-08-25 04:47:51',2,1639,10),(1097,'ultrices sit amet,','2020-07-22 14:03:03',1,614,6),(1098,'ornare. In','2019-02-28 16:17:34',1,703,5),(1099,'mauris sit amet lorem semper auctor.','2020-09-12 07:26:00',3,1682,5),(1100,'orci, adipiscing non, luctus sit amet, faucibus ut, nulla.','2020-09-07 17:48:22',1,1359,11),(1101,'lobortis. Class aptent taciti','2019-04-23 21:24:51',2,308,3),(1102,'aliquet diam.','2020-10-26 12:34:46',1,468,6),(1103,'libero at auctor ullamcorper, nisl','2019-09-28 10:10:45',1,716,8),(1104,'magna tellus','2019-06-21 05:43:46',2,1091,8),(1105,'odio sagittis','2019-04-19 18:31:23',3,217,3),(1106,'porttitor eros nec tellus. Nunc lectus pede, ultrices a, auctor','2019-05-09 13:30:37',1,566,5),(1107,'dapibus id, blandit at, nisi. Cum sociis','2020-07-04 01:33:45',3,1206,3),(1108,'augue. Sed molestie. Sed id risus quis diam luctus lobortis.','2019-10-18 12:52:51',1,2020,1),(1109,'Nunc mauris elit, dictum eu, eleifend nec, malesuada ut, sem.','2019-01-10 06:43:11',2,2020,8),(1110,'commodo tincidunt nibh.','2019-08-23 15:21:50',2,1148,1),(1111,'Quisque varius. Nam porttitor scelerisque neque. Nullam nisl. Maecenas malesuada','2019-09-25 06:24:30',3,342,7),(1112,'ligula eu enim.','2020-07-15 07:31:37',3,1719,7),(1113,'mauris sapien,','2020-05-25 20:56:00',1,1788,1),(1114,'egestas hendrerit neque. In ornare sagittis felis.','2019-09-22 20:08:37',3,769,2),(1115,'parturient montes, nascetur ridiculus mus. Aenean eget magna.','2019-03-17 07:13:30',3,1524,8),(1116,'nonummy. Fusce fermentum','2019-10-12 07:34:02',3,1286,11),(1117,'id ante dictum cursus. Nunc mauris','2019-06-17 05:20:58',2,1155,8),(1118,'ac, eleifend vitae, erat. Vivamus nisi. Mauris nulla. Integer urna.','2019-05-17 11:18:59',3,59,10),(1119,'et, rutrum eu, ultrices sit amet, risus. Donec nibh','2019-05-24 23:41:41',1,428,7),(1120,'ipsum. Suspendisse sagittis. Nullam','2019-06-19 04:33:47',2,1612,9),(1121,'Suspendisse tristique neque venenatis lacus. Etiam bibendum fermentum','2019-01-07 00:18:43',3,554,6),(1122,'In lorem. Donec elementum, lorem ut aliquam iaculis,','2019-01-25 22:02:11',3,681,10),(1123,'eros non enim commodo hendrerit. Donec','2019-11-05 04:36:19',3,1529,11),(1124,'ipsum non arcu. Vivamus sit amet risus. Donec egestas. Aliquam','2019-09-06 07:50:45',1,300,10),(1125,'Aliquam erat volutpat. Nulla dignissim. Maecenas ornare egestas','2019-08-16 01:03:48',1,1493,6),(1126,'arcu. Morbi sit','2020-10-20 04:17:28',3,1912,7),(1127,'pede. Praesent eu dui.','2019-02-23 08:04:03',2,1547,4),(1128,'parturient montes, nascetur ridiculus mus. Proin vel','2019-11-17 05:04:26',2,333,11),(1129,'parturient montes,','2020-09-05 17:39:45',1,2188,5),(1130,'per conubia nostra, per inceptos','2020-07-07 21:59:09',2,1156,3),(1131,'ornare placerat, orci lacus vestibulum','2019-09-30 23:56:32',1,1593,10),(1132,'pharetra. Quisque ac libero nec ligula','2020-08-11 07:29:44',2,1911,1),(1133,'a ultricies adipiscing, enim','2019-07-27 20:41:22',1,2173,1),(1134,'a ultricies adipiscing, enim mi tempor lorem, eget mollis lectus','2019-05-09 20:03:41',1,89,4),(1135,'dui. Cras pellentesque. Sed dictum. Proin eget odio.','2019-03-26 18:50:20',2,1421,4),(1136,'fermentum arcu. Vestibulum ante ipsum','2019-04-09 17:06:47',2,743,3),(1137,'non, bibendum sed, est. Nunc laoreet lectus quis massa.','2020-07-21 13:09:59',3,36,2),(1138,'massa rutrum magna. Cras','2020-06-05 01:26:11',3,1154,5),(1139,'dictum eu, eleifend','2020-05-19 23:59:04',2,206,7),(1140,'ornare egestas ligula. Nullam feugiat placerat','2019-08-26 11:32:03',2,396,2),(1141,'natoque penatibus et magnis dis parturient montes, nascetur','2020-07-19 22:14:05',1,1128,11),(1142,'enim,','2019-07-07 21:16:07',1,2072,4),(1143,'facilisis. Suspendisse commodo tincidunt nibh. Phasellus nulla. Integer vulputate, risus','2020-01-27 22:38:23',3,1618,2),(1144,'pellentesque','2020-01-10 04:03:36',1,79,3),(1145,'et magnis dis parturient','2019-10-21 06:57:27',3,1811,8),(1146,'ligula. Donec','2020-04-19 08:08:08',3,870,1),(1147,'vestibulum. Mauris magna. Duis dignissim','2019-04-16 07:38:30',3,1067,10),(1148,'commodo auctor velit. Aliquam nisl.','2019-07-31 17:39:56',3,242,10),(1149,'cubilia Curae; Donec tincidunt. Donec vitae','2019-08-18 08:36:50',2,947,3),(1150,'risus. Quisque libero lacus,','2020-09-19 10:54:40',1,1386,9),(1151,'ut quam vel sapien imperdiet ornare.','2019-04-01 01:00:17',1,532,10),(1152,'egestas. Sed pharetra, felis eget varius','2019-08-10 04:37:46',3,815,5),(1153,'quam a felis ullamcorper viverra. Maecenas','2019-06-29 08:53:21',2,468,1),(1154,'orci. Ut','2019-08-17 10:43:27',3,1552,1),(1155,'Nulla semper tellus id','2019-08-06 14:23:16',3,1638,3),(1156,'Aliquam gravida mauris ut mi. Duis risus odio, auctor vitae,','2020-01-05 18:37:06',3,1797,10),(1157,'consequat purus. Maecenas libero est, congue a,','2019-02-24 06:35:30',1,1857,11),(1158,'tempor augue ac ipsum. Phasellus','2019-04-08 10:45:02',2,910,10),(1159,'Praesent luctus. Curabitur egestas nunc sed libero.','2019-02-19 05:31:05',1,1922,2),(1160,'metus vitae velit egestas lacinia. Sed congue, elit sed','2020-05-13 06:08:57',2,1836,5),(1161,'iaculis, lacus pede sagittis','2020-05-05 09:35:53',2,2144,7),(1162,'Integer aliquam adipiscing lacus. Ut nec urna et arcu','2020-06-26 14:21:55',1,1251,4),(1163,'eu, ligula. Aenean euismod mauris eu elit. Nulla','2020-01-27 12:19:56',1,2096,5),(1164,'lectus quis massa.','2019-09-25 11:52:45',3,455,10),(1165,'cursus. Integer mollis.','2020-08-24 19:42:11',2,1022,8),(1166,'adipiscing','2019-07-22 04:21:24',2,1776,2),(1167,'est, congue a, aliquet vel, vulputate eu, odio. Phasellus at','2020-03-20 10:28:16',2,669,4),(1168,'Etiam gravida molestie','2019-05-25 10:25:20',3,1068,5),(1169,'quam. Pellentesque habitant morbi tristique senectus et netus','2019-02-20 06:06:28',2,90,8),(1170,'dui nec urna suscipit nonummy. Fusce fermentum','2019-02-21 05:38:12',2,1120,11),(1171,'cursus et, eros. Proin ultrices.','2019-02-07 14:28:05',1,892,7),(1172,'sollicitudin commodo ipsum. Suspendisse non leo. Vivamus nibh dolor,','2020-04-16 23:43:57',3,1089,8),(1173,'commodo ipsum. Suspendisse non leo. Vivamus nibh','2019-04-06 11:06:04',1,2186,2),(1174,'auctor non, feugiat nec, diam. Duis mi enim,','2019-01-11 22:34:15',3,1018,3),(1175,'arcu. Vestibulum ut eros non','2020-05-18 20:36:13',1,1141,3),(1176,'interdum enim non nisi. Aenean eget metus. In','2020-05-21 11:48:58',3,1069,6),(1177,'purus.','2019-02-05 08:19:25',2,1116,5),(1178,'vitae aliquam','2019-11-26 01:12:44',3,914,2),(1179,'blandit mattis. Cras eget nisi dictum augue malesuada','2019-08-04 13:30:00',2,1408,7),(1180,'libero est,','2020-06-18 17:48:16',3,1150,5),(1181,'commodo auctor velit. Aliquam nisl. Nulla eu','2020-06-24 16:19:31',2,1232,6),(1182,'adipiscing non, luctus sit amet, faucibus','2019-01-20 11:37:37',1,963,6),(1183,'turpis non enim. Mauris quis turpis vitae purus','2020-07-26 19:27:54',2,368,3),(1184,'Aliquam adipiscing lobortis risus. In mi','2020-10-07 02:47:16',3,551,6),(1185,'a felis ullamcorper viverra. Maecenas iaculis','2019-01-18 17:49:11',3,1705,2),(1186,'quis, tristique','2019-08-30 13:17:05',3,1415,6),(1187,'sagittis placerat. Cras dictum ultricies ligula. Nullam','2019-05-29 18:26:52',2,255,4),(1188,'non sapien molestie orci tincidunt adipiscing.','2019-06-27 17:00:31',3,701,11),(1189,'risus. In mi pede,','2020-06-15 22:27:17',3,214,1),(1190,'Phasellus dapibus quam','2019-05-04 18:55:49',1,1923,4),(1191,'vestibulum lorem, sit amet','2019-02-13 22:54:27',3,1928,11),(1192,'diam. Sed','2019-07-13 13:29:25',3,1037,8),(1193,'urna. Nullam lobortis quam','2019-07-04 13:44:07',2,173,8),(1194,'nibh vulputate mauris sagittis','2020-03-11 09:42:31',3,951,3),(1195,'auctor non, feugiat nec, diam. Duis mi enim,','2019-04-01 19:37:53',2,1490,3),(1196,'neque. Nullam nisl.','2019-06-03 05:35:16',3,215,7),(1197,'elit, pellentesque a,','2019-07-29 17:16:52',1,854,7),(1198,'Quisque fringilla euismod enim. Etiam','2019-10-10 13:04:19',3,2061,2),(1199,'elementum sem, vitae aliquam eros turpis non enim. Mauris quis','2020-07-09 06:12:23',3,2074,4),(1200,'lorem ut aliquam iaculis,','2019-05-25 14:14:25',1,1541,6),(1201,'rhoncus.','2019-03-23 05:21:33',2,1931,6),(1202,'metus.','2019-08-27 02:56:10',1,869,7),(1203,'feugiat metus sit amet ante. Vivamus non','2019-09-14 09:57:23',2,2074,8),(1204,'dignissim','2019-08-28 08:16:14',3,156,10),(1205,'cubilia Curae; Donec tincidunt. Donec vitae erat','2020-01-24 12:56:28',3,1572,7),(1206,'Curabitur vel lectus. Cum sociis natoque penatibus','2019-06-29 23:35:37',2,1849,5),(1207,'tincidunt vehicula risus.','2019-01-24 21:03:03',1,323,5),(1208,'per conubia nostra, per inceptos hymenaeos. Mauris ut quam vel','2019-11-29 17:16:03',1,1509,6),(1209,'ante dictum cursus. Nunc mauris elit,','2019-10-12 12:31:43',1,443,7),(1210,'Ut sagittis lobortis mauris. Suspendisse aliquet molestie tellus. Aenean egestas','2020-05-29 03:30:16',2,1117,2),(1211,'ligula. Nullam enim. Sed nulla ante,','2019-01-05 18:41:45',3,1331,11),(1212,'Morbi metus. Vivamus euismod urna. Nullam lobortis quam a','2020-07-16 08:55:23',2,1999,4),(1213,'cursus non, egestas a,','2019-02-07 18:03:07',1,1010,3),(1214,'Phasellus at','2019-05-02 12:09:48',3,295,6),(1215,'consectetuer euismod est arcu ac orci. Ut semper pretium neque.','2020-08-30 20:51:44',1,1481,5),(1216,'Sed eu nibh vulputate mauris','2019-01-06 14:42:52',2,701,8),(1217,'Curabitur','2019-02-17 16:58:07',2,2049,5),(1218,'gravida molestie arcu.','2020-07-16 05:25:47',3,620,8),(1219,'elit, pretium et, rutrum non, hendrerit id,','2019-01-24 20:23:10',1,641,5),(1220,'magna et ipsum cursus vestibulum. Mauris magna.','2020-01-02 02:47:29',3,870,1),(1221,'ut aliquam iaculis, lacus pede sagittis augue, eu tempor erat','2020-05-02 15:49:45',3,1990,10),(1222,'vel quam dignissim pharetra. Nam ac nulla.','2020-04-06 01:29:13',1,84,9),(1223,'diam luctus lobortis. Class aptent taciti sociosqu ad','2019-09-15 12:46:05',2,359,10),(1224,'vestibulum massa rutrum magna. Cras convallis convallis','2020-07-25 04:05:47',2,760,5),(1225,'Morbi metus. Vivamus euismod urna.','2019-01-06 13:47:04',1,773,6),(1226,'et netus et malesuada fames ac','2019-04-12 19:53:42',3,1766,5),(1227,'tincidunt orci quis lectus. Nullam suscipit, est','2019-04-21 16:44:44',1,349,9),(1228,'ante. Maecenas mi felis, adipiscing fringilla,','2020-01-01 07:09:36',3,957,8),(1229,'mus. Proin vel','2020-08-22 03:19:32',2,565,1),(1230,'pede nec ante','2019-11-21 11:33:15',1,928,8),(1231,'imperdiet nec, leo. Morbi','2019-11-05 03:55:18',3,2101,8),(1232,'congue. In scelerisque scelerisque','2020-08-23 10:45:29',1,520,11),(1233,'Donec egestas. Duis ac arcu.','2019-03-30 14:52:21',3,584,1),(1234,'lorem. Donec elementum, lorem ut aliquam iaculis, lacus pede sagittis','2019-01-23 12:08:02',3,685,10),(1235,'enim nec tempus','2019-01-22 14:21:35',2,1377,10),(1236,'Nam','2019-02-19 03:03:16',1,428,3),(1237,'iaculis nec, eleifend non, dapibus','2020-03-03 08:55:34',1,614,3),(1238,'congue, elit','2019-04-23 20:36:05',3,171,3),(1239,'ipsum dolor sit amet, consectetuer adipiscing','2020-06-11 06:45:29',2,1561,7),(1240,'sollicitudin','2020-04-22 03:12:53',3,684,4),(1241,'vulputate eu, odio.','2020-04-29 03:25:23',1,343,10),(1242,'purus mauris a nunc. In at','2020-07-27 09:47:57',2,992,10),(1243,'Etiam','2019-03-28 13:26:18',2,157,4),(1244,'egestas. Aliquam nec enim. Nunc ut','2019-03-11 18:45:40',3,1646,3),(1245,'egestas. Duis ac arcu. Nunc mauris. Morbi','2019-10-05 09:29:05',3,1155,11),(1246,'Mauris quis turpis vitae purus gravida','2019-07-13 10:25:57',2,1853,10),(1247,'parturient montes,','2020-06-16 16:32:52',2,843,3),(1248,'diam dictum sapien. Aenean massa.','2019-03-21 18:08:38',2,1313,1),(1249,'dui, nec tempus mauris erat eget ipsum. Suspendisse sagittis. Nullam','2020-08-20 07:17:59',3,1210,9),(1250,'lectus justo eu arcu. Morbi','2020-03-02 02:47:46',3,2019,1),(1251,'cursus. Nunc mauris','2020-07-11 18:17:56',2,1117,6),(1252,'ipsum porta elit, a feugiat tellus','2019-05-22 05:24:54',3,1868,4),(1253,'faucibus orci luctus et ultrices posuere','2019-11-10 09:15:23',2,1039,8),(1254,'tincidunt adipiscing. Mauris molestie pharetra nibh.','2020-07-19 00:44:13',1,1896,9),(1255,'odio.','2019-04-03 21:20:20',1,1103,4),(1256,'enim mi tempor lorem, eget mollis lectus','2020-09-18 19:46:02',3,1319,4),(1257,'mi. Aliquam gravida mauris ut mi. Duis','2019-07-27 07:59:44',3,1428,4),(1258,'sagittis semper. Nam','2019-01-24 23:50:11',1,1077,7),(1259,'dolor dapibus gravida. Aliquam tincidunt,','2019-05-01 17:39:19',2,481,9),(1260,'aliquet vel, vulputate','2019-11-13 05:59:07',3,1684,2),(1261,'est, mollis non, cursus non, egestas a, dui. Cras','2020-03-12 03:48:20',1,1220,8),(1262,'ullamcorper. Duis cursus, diam at pretium','2019-04-25 04:35:05',2,760,9),(1263,'facilisis lorem tristique aliquet. Phasellus fermentum convallis','2019-04-27 22:14:34',3,135,1),(1264,'in sodales elit erat vitae','2019-04-08 07:45:48',3,109,3),(1265,'aliquet','2019-09-17 17:54:01',3,1413,11),(1266,'consequat enim diam vel arcu. Curabitur ut odio vel','2019-09-01 20:34:41',3,1714,4),(1267,'dignissim. Maecenas ornare egestas ligula.','2019-12-16 20:03:48',3,1454,6),(1268,'risus. Quisque libero lacus, varius','2020-05-10 02:45:50',3,718,2),(1269,'lacus. Mauris non dui','2019-05-19 04:24:30',2,2151,1),(1270,'egestas lacinia. Sed congue, elit sed consequat','2020-04-20 20:25:40',3,1211,4),(1271,'Curabitur','2020-10-19 04:34:00',3,243,6),(1272,'Donec consectetuer','2019-07-22 00:22:03',1,2020,5),(1273,'orci sem eget massa. Suspendisse','2019-09-21 15:42:34',3,188,2),(1274,'a','2020-06-28 08:30:29',3,1609,1),(1275,'dictum cursus. Nunc mauris elit, dictum','2019-02-04 11:14:44',1,215,10),(1276,'erat volutpat. Nulla dignissim. Maecenas ornare egestas ligula.','2020-03-21 23:21:22',2,2067,5),(1277,'est. Mauris eu turpis. Nulla aliquet. Proin velit. Sed malesuada','2020-09-13 13:28:34',1,702,8),(1278,'rhoncus id, mollis','2020-01-24 12:55:48',3,931,7),(1279,'Cum sociis natoque','2019-08-24 02:48:08',3,1802,3),(1280,'ut cursus luctus,','2019-07-21 21:13:10',1,1546,6),(1281,'consectetuer ipsum nunc id enim. Curabitur massa. Vestibulum accumsan neque','2020-05-12 10:35:23',1,179,11),(1282,'Curae;','2020-05-07 07:50:39',1,686,9),(1283,'porttitor vulputate, posuere vulputate, lacus. Cras','2019-01-20 15:34:44',2,1220,4),(1284,'amet orci. Ut sagittis lobortis mauris. Suspendisse aliquet molestie tellus.','2020-06-27 06:34:05',1,1109,1),(1285,'ante. Vivamus non lorem','2019-05-27 20:45:46',1,1884,3),(1286,'amet, consectetuer adipiscing elit. Aliquam auctor, velit eget laoreet','2019-09-04 19:42:56',1,156,4),(1287,'luctus felis purus ac tellus. Suspendisse sed','2020-05-27 02:38:35',3,133,2),(1288,'Integer eu lacus. Quisque imperdiet, erat','2019-03-27 20:14:48',1,1825,8),(1289,'orci sem eget','2019-02-02 16:00:09',3,623,8),(1290,'aliquet','2019-03-01 21:41:59',2,1285,1),(1291,'justo sit amet nulla. Donec','2019-06-16 16:31:04',3,991,6),(1292,'purus mauris a nunc. In at','2020-01-17 21:18:33',2,2092,4),(1293,'vel sapien imperdiet ornare. In faucibus. Morbi','2019-11-07 06:11:00',2,1659,2),(1294,'Aliquam ornare, libero at auctor','2019-08-18 10:38:07',3,251,11),(1295,'dui. Cras','2020-08-06 23:54:37',1,573,7),(1296,'Cras pellentesque. Sed dictum. Proin','2019-10-06 17:49:14',1,17,3),(1297,'Duis a mi','2020-07-01 02:49:36',1,921,6),(1298,'lacus. Nulla tincidunt, neque vitae semper egestas, urna justo faucibus','2020-03-25 15:32:59',2,136,10),(1299,'ac orci. Ut semper pretium neque. Morbi quis urna.','2019-08-22 19:27:35',2,1335,2),(1300,'aliquet. Phasellus fermentum convallis ligula. Donec luctus aliquet','2019-11-13 09:51:29',3,1443,3),(1301,'ultricies ligula.','2019-09-22 17:30:04',1,1539,2),(1302,'vel pede blandit congue. In scelerisque scelerisque dui. Suspendisse ac','2019-08-18 01:46:04',3,1817,10),(1303,'risus quis diam','2019-02-20 03:21:32',2,176,8),(1304,'est arcu ac orci. Ut semper pretium neque. Morbi quis','2020-05-22 21:02:35',1,1472,9),(1305,'sed consequat','2020-05-23 15:21:51',2,1164,11),(1306,'Aliquam tincidunt, nunc ac mattis','2019-03-24 22:09:51',1,729,1),(1307,'Donec est mauris, rhoncus id,','2020-06-21 10:32:04',3,1798,8),(1308,'sit amet diam eu dolor egestas rhoncus.','2019-10-05 09:58:04',3,917,7),(1309,'congue, elit sed consequat auctor, nunc nulla vulputate','2020-05-19 22:52:54',3,2115,5),(1310,'Nam porttitor scelerisque neque. Nullam nisl. Maecenas malesuada','2019-07-25 16:59:02',2,2027,4),(1311,'diam. Proin dolor. Nulla semper tellus id nunc interdum feugiat.','2019-09-27 22:53:15',3,698,4),(1312,'metus.','2019-03-30 10:02:57',1,1734,5),(1313,'ultrices, mauris ipsum porta elit, a','2019-06-05 13:48:31',3,1284,3),(1314,'ante. Vivamus non lorem vitae odio','2019-11-03 20:03:28',1,1628,1),(1315,'purus.','2020-02-24 14:08:44',3,1911,9),(1316,'ornare lectus','2019-12-06 02:03:47',2,613,6),(1317,'egestas. Duis ac arcu. Nunc mauris. Morbi non sapien','2019-03-28 12:40:54',1,1009,1),(1318,'tempus','2020-07-13 08:12:58',1,294,1),(1319,'aliquet diam. Sed diam lorem,','2019-08-21 07:16:38',3,451,1),(1320,'imperdiet ullamcorper. Duis','2019-06-12 17:06:11',2,1117,6),(1321,'diam. Sed diam lorem, auctor quis, tristique ac,','2019-04-14 11:56:49',2,243,3),(1322,'vitae diam. Proin dolor. Nulla','2019-02-12 01:26:08',1,1520,3),(1323,'Phasellus at augue id ante dictum cursus. Nunc mauris elit,','2019-10-19 06:06:33',3,996,11),(1324,'lacinia at, iaculis quis, pede. Praesent eu','2019-05-27 15:24:27',1,1165,10),(1325,'at, libero. Morbi accumsan laoreet ipsum. Curabitur','2019-08-29 06:47:40',2,931,1),(1326,'Nunc pulvinar arcu et','2020-09-08 22:27:28',2,1652,9),(1327,'a, arcu. Sed et libero. Proin mi. Aliquam','2019-07-01 00:08:21',1,1063,3),(1328,'scelerisque, lorem ipsum','2019-02-17 23:47:55',2,1312,6),(1329,'laoreet','2019-01-06 12:50:36',2,307,5),(1330,'Ut sagittis lobortis mauris.','2020-08-27 04:05:49',2,1073,6),(1331,'sodales.','2020-01-27 23:19:28',2,1256,1),(1332,'Suspendisse aliquet, sem ut cursus luctus, ipsum leo elementum sem,','2019-06-29 16:08:37',3,575,2),(1333,'leo. Vivamus nibh dolor, nonummy','2020-03-27 09:00:35',2,645,9),(1334,'quam','2020-06-24 11:42:50',3,1606,10),(1335,'risus. In mi pede, nonummy ut, molestie','2019-04-16 22:52:36',3,869,1),(1336,'gravida. Praesent eu nulla at sem','2020-06-22 15:20:44',3,2137,11),(1337,'Sed nec metus facilisis lorem tristique aliquet. Phasellus fermentum','2020-06-25 18:52:45',1,1437,7),(1338,'libero. Donec consectetuer mauris id sapien.','2019-11-20 13:36:13',1,1828,1),(1339,'velit. Sed malesuada augue ut lacus.','2019-08-11 21:30:29',3,2158,10),(1340,'mauris, aliquam eu, accumsan sed, facilisis vitae, orci. Phasellus dapibus','2020-05-14 02:34:57',2,1920,2),(1341,'arcu eu odio tristique','2019-04-09 22:33:09',1,1308,10),(1342,'senectus et netus et malesuada','2019-05-27 02:46:30',1,1184,1),(1343,'lacus. Quisque purus sapien, gravida','2020-08-31 12:48:08',2,1736,10),(1344,'mauris erat eget ipsum. Suspendisse sagittis.','2020-01-02 20:23:44',1,1258,5),(1345,'velit. Cras lorem lorem, luctus ut,','2019-02-23 12:10:23',2,2080,6),(1346,'ac metus vitae velit egestas','2020-07-31 11:41:00',3,550,7),(1347,'Phasellus dolor elit, pellentesque a, facilisis non, bibendum','2020-03-21 15:27:37',1,1164,1),(1348,'Ut tincidunt orci quis lectus. Nullam','2020-06-11 06:16:54',3,619,7),(1349,'est. Nunc ullamcorper,','2019-11-12 16:46:31',1,2046,10),(1350,'Sed id risus quis diam luctus lobortis. Class aptent','2020-05-08 02:37:04',2,405,1),(1351,'Suspendisse eleifend. Cras sed leo. Cras','2020-06-19 12:33:41',2,890,5),(1352,'nec urna suscipit','2020-09-10 19:26:32',2,254,3),(1353,'elit. Aliquam auctor,','2020-04-13 21:54:44',1,257,8),(1354,'vitae, aliquet nec, imperdiet nec, leo. Morbi neque','2019-10-30 12:05:44',3,1502,5),(1355,'Integer aliquam adipiscing lacus. Ut nec','2019-02-02 06:42:29',3,806,7),(1356,'tellus sem mollis dui, in sodales elit erat','2019-08-22 08:01:05',1,652,3),(1357,'odio. Nam interdum enim non nisi. Aenean eget','2019-03-10 15:34:58',2,966,7),(1358,'eu, euismod ac, fermentum','2019-04-02 02:58:04',2,130,6),(1359,'Donec egestas. Duis ac','2019-02-28 19:59:25',2,894,10),(1360,'eget laoreet posuere,','2019-08-15 03:57:10',3,119,11),(1361,'posuere vulputate,','2019-05-25 10:54:16',3,1752,7),(1362,'euismod et, commodo at, libero. Morbi accumsan laoreet ipsum. Curabitur','2020-07-16 15:45:13',1,2055,3),(1363,'congue turpis. In condimentum. Donec','2020-06-25 14:39:32',2,41,5),(1364,'justo. Proin non massa','2020-02-21 09:21:37',3,1240,9),(1365,'vitae velit egestas lacinia. Sed congue, elit sed consequat','2020-09-05 14:16:29',1,1584,5),(1366,'lobortis tellus justo sit amet nulla. Donec non justo. Proin','2020-04-03 19:47:29',3,659,10),(1367,'quis urna. Nunc quis arcu vel','2019-03-13 01:33:48',1,423,2),(1368,'sit amet metus. Aliquam erat','2019-04-01 13:55:57',1,507,6),(1369,'Nunc mauris sapien, cursus in, hendrerit','2020-07-22 09:59:23',2,1184,9),(1370,'tincidunt','2020-06-22 16:13:05',1,1318,6),(1371,'nec metus facilisis lorem tristique aliquet.','2020-09-14 06:28:08',2,174,7),(1372,'Donec feugiat metus sit amet','2020-06-02 14:11:42',3,1933,6),(1373,'varius orci, in consequat enim diam vel arcu. Curabitur ut','2019-03-12 18:21:05',3,1065,4),(1374,'id, libero. Donec consectetuer mauris id sapien. Cras','2019-10-05 20:55:23',2,1208,7),(1375,'libero et tristique','2020-07-06 15:13:00',2,1541,5),(1376,'diam nunc, ullamcorper eu, euismod ac,','2019-03-13 07:57:51',2,212,4),(1377,'justo. Proin non massa non ante bibendum','2019-01-14 06:10:44',1,1554,2),(1378,'mi pede, nonummy ut, molestie in, tempus eu,','2020-04-15 04:40:15',3,1330,1),(1379,'fames ac turpis','2019-01-16 23:47:03',3,1151,11),(1380,'ligula. Nullam','2019-07-02 19:01:44',3,996,8),(1381,'odio. Phasellus at augue','2020-05-22 04:08:45',3,915,4),(1382,'eget laoreet posuere, enim nisl elementum purus,','2019-04-04 03:14:15',1,738,4),(1383,'In tincidunt congue turpis. In condimentum.','2020-10-18 13:12:51',3,833,8),(1384,'ultricies sem magna nec quam. Curabitur','2019-08-10 10:16:47',2,403,6),(1385,'euismod ac, fermentum vel, mauris.','2020-06-15 11:28:06',3,1853,7),(1386,'laoreet, libero et','2019-09-28 13:37:18',1,652,10),(1387,'Cras lorem lorem, luctus','2019-08-25 17:50:20',1,2163,11),(1388,'Curabitur consequat, lectus sit amet luctus','2019-07-14 16:22:43',1,914,8),(1389,'tincidunt dui augue eu','2020-06-21 00:34:46',1,1,2),(1390,'lorem, luctus ut, pellentesque eget, dictum placerat,','2020-10-24 15:54:50',3,1861,6),(1391,'vulputate, risus a ultricies','2020-08-07 00:44:38',2,948,6),(1392,'primis','2019-01-11 17:06:20',3,859,6),(1393,'Vivamus sit amet risus. Donec','2019-01-31 06:51:20',1,2111,11),(1394,'gravida. Aliquam tincidunt, nunc ac mattis ornare,','2019-04-21 14:49:10',2,2025,7),(1395,'erat. Sed nunc est, mollis non, cursus non, egestas a,','2020-05-20 09:11:53',3,1285,3),(1396,'amet orci. Ut sagittis lobortis mauris.','2019-02-26 11:57:25',3,86,2),(1397,'sociis natoque penatibus','2020-09-03 05:43:47',3,1688,2),(1398,'tellus eu augue porttitor interdum. Sed auctor odio a','2019-10-28 06:28:30',1,1661,4),(1399,'nisl elementum purus, accumsan interdum libero','2019-09-25 02:24:03',3,1385,6),(1400,'odio. Etiam ligula tortor, dictum eu,','2019-02-05 03:42:41',2,1040,6),(1401,'id sapien. Cras dolor dolor,','2019-08-14 12:06:04',3,583,8),(1402,'orci quis lectus. Nullam suscipit, est ac facilisis facilisis, magna','2019-10-02 02:00:32',1,569,6),(1403,'mauris. Morbi','2019-09-07 08:37:42',2,977,7),(1404,'Integer','2019-11-08 07:23:22',2,742,2),(1405,'a sollicitudin orci sem eget massa. Suspendisse eleifend. Cras sed','2019-03-26 05:54:21',1,651,2),(1406,'purus.','2019-03-04 10:22:01',2,606,7),(1407,'amet ante.','2019-02-19 20:36:05',2,1569,3),(1408,'Morbi neque tellus, imperdiet non, vestibulum nec, euismod in,','2019-03-30 04:27:51',2,1834,11),(1409,'amet','2019-12-15 06:14:35',2,1959,5),(1410,'enim. Etiam imperdiet dictum magna. Ut','2019-03-30 16:07:13',3,1651,3),(1411,'pede et risus. Quisque libero','2020-02-15 21:26:29',2,2181,9),(1412,'egestas.','2019-07-23 19:49:47',1,695,1),(1413,'risus. Morbi metus. Vivamus euismod urna. Nullam lobortis quam a','2019-09-02 18:48:30',3,1626,5),(1414,'urna convallis','2020-03-16 12:52:53',3,2059,9),(1415,'velit dui, semper et, lacinia vitae, sodales at,','2019-06-21 19:07:15',3,1565,7),(1416,'egestas blandit. Nam','2019-08-25 16:31:00',3,110,8),(1417,'aliquet lobortis, nisi nibh lacinia orci,','2019-04-19 22:01:41',2,372,5),(1418,'purus. Maecenas','2019-10-11 06:36:05',1,1940,6),(1419,'gravida. Praesent eu nulla at sem molestie sodales. Mauris','2019-07-20 02:34:40',3,1259,1),(1420,'magna. Praesent interdum ligula','2019-09-21 16:43:06',2,1849,1),(1421,'eros. Proin ultrices. Duis volutpat nunc','2019-08-13 15:20:35',3,1316,10),(1422,'non nisi. Aenean eget metus. In nec','2019-05-21 14:59:13',3,521,4),(1423,'ornare,','2020-05-28 18:02:42',3,2123,3),(1424,'pede. Nunc sed orci lobortis augue scelerisque mollis. Phasellus libero','2019-05-05 00:24:43',1,1211,3),(1425,'mus. Proin vel nisl. Quisque fringilla euismod enim.','2019-06-09 19:08:11',2,1695,1),(1426,'dui. Fusce','2019-08-20 20:15:00',2,1491,1),(1427,'dolor. Nulla semper tellus id','2020-02-16 07:28:43',1,659,3),(1428,'non lorem vitae','2020-04-11 12:51:14',2,293,9),(1429,'cursus luctus, ipsum leo elementum','2019-04-17 22:11:16',3,1308,3),(1430,'vel arcu eu odio tristique pharetra. Quisque ac libero nec','2019-09-11 10:17:03',3,1243,9),(1431,'tempor lorem, eget mollis lectus pede','2019-02-09 18:26:31',2,875,3),(1432,'aliquet molestie tellus. Aenean egestas hendrerit neque. In ornare sagittis','2019-02-23 05:42:40',1,1010,3),(1433,'erat. Vivamus nisi. Mauris','2019-06-28 19:56:47',3,75,7),(1434,'Integer vulputate, risus a ultricies adipiscing, enim mi tempor lorem,','2019-06-04 21:30:51',2,1011,4),(1435,'nulla.','2019-05-15 10:54:22',3,422,10),(1436,'risus quis diam luctus lobortis. Class','2020-08-05 06:51:14',1,1963,6),(1437,'scelerisque scelerisque dui. Suspendisse ac metus vitae velit','2019-01-08 08:40:11',3,656,8),(1438,'imperdiet nec, leo. Morbi','2020-06-03 04:19:35',3,2189,6),(1439,'gravida. Aliquam','2020-10-08 01:44:05',3,1182,6),(1440,'non sapien molestie orci','2019-05-01 13:41:32',1,695,4),(1441,'quis, pede. Praesent eu','2020-09-23 03:56:18',1,1745,5),(1442,'accumsan convallis,','2019-12-28 04:39:43',1,204,3),(1443,'magna. Cras','2019-02-28 23:30:03',1,1355,8),(1444,'justo nec ante. Maecenas mi felis, adipiscing fringilla,','2020-04-21 17:28:49',2,1014,6),(1445,'rutrum. Fusce dolor quam, elementum at, egestas a, scelerisque sed,','2019-02-15 02:22:07',2,1040,11),(1446,'Vivamus','2020-04-03 08:49:03',1,297,5),(1447,'pede nec ante blandit viverra. Donec tempus,','2020-08-31 20:43:58',2,617,5),(1448,'ornare, libero at auctor ullamcorper, nisl','2020-07-02 09:37:10',3,1595,6),(1449,'risus odio, auctor vitae,','2019-11-21 07:45:28',3,1392,3),(1450,'laoreet lectus','2020-07-16 21:59:01',1,573,10),(1451,'amet, risus. Donec nibh enim, gravida sit','2020-07-15 02:19:02',1,908,2),(1452,'arcu. Sed et libero. Proin mi. Aliquam gravida mauris ut','2019-02-11 15:39:28',3,1016,7),(1453,'Pellentesque','2020-02-25 16:20:10',2,258,2),(1454,'dui. Fusce aliquam,','2020-03-12 23:07:14',1,711,9),(1455,'libero nec ligula consectetuer rhoncus.','2020-07-16 01:46:53',3,11,2),(1456,'erat, eget tincidunt dui augue eu tellus. Phasellus','2020-01-11 15:36:25',1,924,7),(1457,'erat neque non quam. Pellentesque','2019-02-20 05:53:49',1,128,4),(1458,'Cras','2019-03-09 14:40:07',1,1544,2),(1459,'nascetur ridiculus mus. Donec dignissim magna a','2019-07-18 03:00:15',1,67,6),(1460,'sit amet ornare lectus justo eu','2019-06-08 05:06:15',3,804,11),(1461,'ac ipsum. Phasellus vitae mauris sit amet','2019-06-15 22:19:35',2,50,1),(1462,'In mi pede, nonummy ut, molestie in, tempus eu, ligula.','2020-09-06 22:41:12',3,1741,5),(1463,'est. Nunc ullamcorper,','2020-06-15 18:19:10',3,2167,9),(1464,'Nunc lectus pede, ultrices','2020-05-01 14:30:02',1,1679,3),(1465,'vel pede blandit congue. In scelerisque','2019-02-08 01:37:48',3,1814,3),(1466,'Nulla facilisis. Suspendisse commodo tincidunt nibh. Phasellus nulla. Integer','2020-01-06 07:29:57',3,355,11),(1467,'quis diam. Pellentesque habitant morbi tristique','2019-08-23 14:12:04',1,820,3),(1468,'nunc nulla vulputate dui, nec tempus','2020-09-03 11:04:03',1,151,2),(1469,'mauris.','2019-07-28 04:21:57',1,1180,8),(1470,'turpis. In condimentum. Donec at arcu.','2019-12-29 10:29:18',1,948,6),(1471,'varius orci, in consequat enim diam','2019-02-20 03:15:57',1,797,11),(1472,'Proin nisl sem, consequat nec, mollis vitae, posuere at,','2020-07-28 00:55:29',1,1629,4),(1473,'pharetra nibh. Aliquam ornare, libero at auctor ullamcorper, nisl arcu','2019-11-21 05:09:02',3,1408,2),(1474,'Nunc lectus pede, ultrices a, auctor non, feugiat nec, diam.','2019-01-02 02:45:52',3,356,4),(1475,'elit erat vitae risus. Duis a','2019-05-09 12:50:39',1,2145,6),(1476,'semper auctor. Mauris vel turpis. Aliquam adipiscing','2019-02-05 08:01:17',1,926,6),(1477,'pharetra, felis eget varius','2019-06-23 14:51:33',2,1745,11),(1478,'quis, pede. Suspendisse dui. Fusce diam nunc, ullamcorper','2019-03-14 11:51:09',2,1647,4),(1479,'Curabitur sed tortor.','2019-06-23 05:00:41',1,1100,4),(1480,'Donec non justo. Proin non massa non ante','2020-07-12 21:33:26',3,76,2),(1481,'penatibus et magnis dis parturient montes, nascetur ridiculus mus.','2019-02-26 13:46:03',2,897,1),(1482,'vitae semper egestas, urna justo faucibus lectus, a','2019-09-16 22:56:35',1,1378,6),(1483,'purus ac tellus. Suspendisse','2020-01-01 14:44:05',3,815,5),(1484,'Sed','2019-09-01 07:04:20',3,1203,9),(1485,'vel, faucibus id, libero. Donec consectetuer mauris','2020-03-11 07:21:04',2,41,8),(1486,'posuere at, velit. Cras lorem lorem, luctus','2020-05-21 05:25:05',3,980,10),(1487,'libero','2019-07-23 23:24:02',1,528,5),(1488,'ornare lectus justo','2019-05-20 19:17:04',2,1370,10),(1489,'lobortis mauris. Suspendisse','2020-04-04 17:12:11',1,1448,6),(1490,'Pellentesque ut ipsum ac mi eleifend egestas. Sed pharetra, felis','2020-05-07 05:32:25',3,1929,10),(1491,'Cras','2019-05-24 01:27:29',2,1713,9),(1492,'sagittis semper. Nam tempor diam','2019-11-15 14:06:29',2,1127,8),(1493,'Sed dictum. Proin eget odio. Aliquam','2019-09-24 04:45:50',1,520,3),(1494,'Mauris vestibulum, neque sed','2019-09-23 02:53:34',1,822,10),(1495,'netus et','2019-04-11 10:03:08',2,1013,9),(1496,'mauris eu elit. Nulla facilisi. Sed neque.','2019-01-01 13:26:17',1,174,8),(1497,'Nulla tincidunt, neque vitae semper egestas,','2019-10-05 06:28:04',3,1432,3),(1498,'iaculis,','2019-04-02 17:07:28',3,651,8),(1499,'fames ac','2020-01-14 13:01:50',2,1586,6),(1500,'consectetuer adipiscing elit. Etiam laoreet, libero et tristique pellentesque,','2019-04-15 22:45:30',1,731,8),(1501,'sagittis. Duis gravida. Praesent eu nulla at sem molestie','2020-09-02 16:47:38',2,735,10),(1502,'ultrices. Vivamus rhoncus. Donec est.','2019-03-17 15:46:26',1,1998,8),(1503,'natoque penatibus et magnis dis parturient montes, nascetur ridiculus','2019-11-17 21:50:25',3,978,10),(1504,'ut lacus. Nulla tincidunt, neque vitae semper egestas,','2019-04-19 10:22:47',2,27,7),(1505,'posuere cubilia Curae; Donec tincidunt. Donec','2020-01-31 05:41:13',3,1602,7),(1506,'ante. Nunc mauris','2019-06-26 21:14:48',3,1170,8),(1507,'tortor. Integer aliquam adipiscing lacus. Ut nec urna et arcu','2020-04-25 20:12:14',1,1283,4),(1508,'nisl arcu iaculis','2020-04-19 05:13:40',2,536,1),(1509,'amet luctus vulputate, nisi','2020-02-13 00:57:55',1,1075,4),(1510,'quam. Pellentesque habitant morbi tristique senectus et','2019-02-17 04:24:59',3,431,5),(1511,'Vestibulum ante ipsum primis in faucibus orci','2020-07-01 23:57:21',1,1010,7),(1512,'ipsum porta elit, a feugiat','2019-02-25 19:47:44',1,670,9),(1513,'Curabitur sed tortor. Integer aliquam','2019-06-16 20:30:13',3,984,4),(1514,'Nunc ut erat.','2019-01-24 19:09:37',2,2111,3),(1515,'dolor. Quisque tincidunt pede ac','2019-09-16 17:58:57',3,1999,1),(1516,'ipsum. Suspendisse non leo.','2019-02-17 21:49:51',1,1239,3),(1517,'dolor sit amet, consectetuer adipiscing','2020-10-07 12:24:21',3,186,1),(1518,'Mauris blandit enim consequat','2019-05-23 12:38:23',3,1981,11),(1519,'egestas a, dui. Cras pellentesque. Sed dictum.','2019-09-19 16:13:13',1,2143,10),(1520,'sociis natoque penatibus et magnis dis parturient montes,','2019-09-18 08:22:19',3,436,8),(1521,'odio semper','2019-06-21 01:27:52',1,403,4),(1522,'malesuada id, erat.','2020-09-04 21:57:28',1,840,11),(1523,'Maecenas malesuada fringilla est. Mauris eu turpis. Nulla aliquet.','2019-03-25 13:54:52',2,1151,2),(1524,'Donec tempor, est ac mattis semper,','2019-02-04 22:32:02',2,1316,6),(1525,'sit amet, consectetuer','2019-02-15 07:21:05',2,20,5),(1526,'pharetra','2019-11-05 07:23:48',1,1952,4),(1527,'nisi nibh lacinia','2019-08-27 00:48:30',2,443,4),(1528,'sodales purus, in molestie tortor nibh sit amet orci.','2020-07-31 15:58:14',3,661,6),(1529,'rhoncus. Donec est. Nunc','2020-03-22 05:52:23',2,54,6),(1530,'Aenean gravida nunc sed pede. Cum sociis natoque penatibus et','2019-01-10 22:51:51',1,773,3),(1531,'in magna.','2019-10-15 21:27:15',1,152,8),(1532,'vulputate,','2019-05-17 22:44:08',2,1469,2),(1533,'ridiculus mus. Proin vel arcu eu odio tristique','2020-06-20 16:24:52',3,1519,11),(1534,'consectetuer mauris','2019-06-14 09:17:55',2,1106,8),(1535,'nisi nibh lacinia orci, consectetuer euismod est arcu ac orci.','2019-06-03 22:11:52',1,1473,5),(1536,'Quisque imperdiet, erat nonummy','2020-05-17 07:50:36',1,925,4),(1537,'vulputate ullamcorper magna. Sed eu','2019-11-29 22:50:07',1,372,2),(1538,'orci lacus vestibulum','2020-07-23 10:08:42',3,704,1),(1539,'Integer in magna. Phasellus dolor elit, pellentesque a, facilisis','2019-11-21 13:28:39',2,1355,5),(1540,'vel turpis. Aliquam adipiscing lobortis risus. In mi','2019-04-05 04:22:44',3,1648,5),(1541,'volutpat.','2019-04-11 05:14:13',1,1583,10),(1542,'amet luctus vulputate, nisi sem semper','2020-09-03 00:10:11',2,1323,9),(1543,'convallis erat, eget tincidunt dui augue eu tellus.','2020-06-05 16:26:32',3,1382,11),(1544,'aliquet diam. Sed diam lorem, auctor','2020-06-19 07:59:36',3,1255,4),(1545,'at auctor ullamcorper, nisl arcu iaculis enim, sit amet ornare','2020-06-07 01:49:36',1,403,9),(1546,'tempor arcu. Vestibulum ut eros non enim commodo','2019-05-28 21:39:05',1,1979,9),(1547,'massa rutrum magna. Cras convallis','2019-05-21 16:27:09',1,2047,1),(1548,'consectetuer, cursus','2019-11-29 17:05:33',1,324,7),(1549,'sem','2020-06-28 19:53:35',2,2061,11),(1550,'Integer sem elit, pharetra ut, pharetra sed,','2020-07-13 15:38:26',1,452,3),(1551,'purus ac','2020-01-16 18:45:57',2,2019,10),(1552,'nec, imperdiet nec, leo. Morbi neque tellus, imperdiet non,','2019-05-16 11:39:32',2,1294,11),(1553,'fermentum fermentum arcu. Vestibulum ante ipsum','2019-06-05 12:47:25',1,956,9),(1554,'ut quam vel sapien imperdiet ornare. In faucibus. Morbi vehicula.','2020-09-29 09:12:02',2,372,7),(1555,'In scelerisque','2020-07-12 05:12:41',3,167,10),(1556,'condimentum. Donec at arcu. Vestibulum ante ipsum primis in faucibus','2019-03-25 14:41:34',3,1583,1),(1557,'erat volutpat. Nulla','2019-07-22 03:23:30',2,1166,2),(1558,'Nunc pulvinar arcu et pede.','2020-08-18 23:00:36',1,1257,8),(1559,'dui, nec','2019-03-18 15:09:55',1,1997,7),(1560,'leo. Cras vehicula aliquet libero. Integer in','2019-10-11 21:01:54',2,625,3),(1561,'gravida sagittis. Duis gravida. Praesent','2020-03-17 18:38:22',1,1663,3),(1562,'nascetur ridiculus mus. Proin vel arcu eu odio tristique pharetra.','2020-01-25 04:01:11',2,2171,9),(1563,'at risus. Nunc ac','2020-05-29 20:50:05',1,64,8),(1564,'sagittis. Nullam vitae diam.','2019-02-25 16:41:20',2,367,11),(1565,'dolor. Donec fringilla.','2020-07-31 01:25:57',1,1628,7),(1566,'Proin','2020-07-03 11:23:18',1,2189,9),(1567,'massa. Integer vitae nibh. Donec est mauris, rhoncus','2019-01-29 11:53:35',2,381,10),(1568,'leo elementum sem, vitae aliquam eros turpis non','2020-07-22 07:30:17',3,993,8),(1569,'nibh. Donec est mauris, rhoncus id, mollis nec,','2019-09-03 02:17:25',2,1861,11),(1570,'nibh vulputate','2020-06-15 19:00:43',1,1382,9),(1571,'risus. Donec egestas. Duis ac arcu.','2019-09-26 10:07:45',3,115,6),(1572,'lacinia at, iaculis quis, pede.','2020-04-18 02:48:15',1,1407,2),(1573,'vitae semper egestas, urna justo faucibus lectus, a sollicitudin orci','2019-08-14 20:41:43',2,1102,3),(1574,'nec, imperdiet nec, leo. Morbi neque tellus, imperdiet non, vestibulum','2019-10-09 21:10:29',3,985,5),(1575,'Mauris eu turpis. Nulla aliquet. Proin','2019-09-07 17:03:42',2,1230,1),(1576,'ac arcu. Nunc mauris.','2020-03-20 20:59:18',1,814,3),(1577,'ligula. Nullam enim. Sed nulla ante, iaculis nec,','2019-05-30 08:37:08',3,43,3),(1578,'ligula. Aliquam erat volutpat. Nulla','2019-05-03 14:59:12',3,578,5),(1579,'amet metus. Aliquam erat','2019-12-17 20:55:01',3,437,2),(1580,'neque. Nullam ut nisi','2020-01-03 01:32:03',2,1023,3),(1581,'Aenean egestas hendrerit neque. In ornare sagittis felis. Donec','2019-04-03 11:34:42',2,684,2),(1582,'a sollicitudin orci sem eget massa.','2019-02-20 08:17:34',3,1298,6),(1583,'nulla. Integer urna. Vivamus molestie dapibus ligula.','2019-03-09 01:36:01',2,1937,4),(1584,'Class aptent taciti sociosqu ad litora torquent per conubia','2019-05-24 00:22:21',3,331,10),(1585,'malesuada ut, sem.','2020-06-08 10:57:05',2,39,9),(1586,'Quisque imperdiet,','2020-04-29 05:21:43',1,1471,3),(1587,'a, dui. Cras pellentesque.','2020-05-19 10:27:08',2,566,4),(1588,'eget, volutpat ornare, facilisis eget, ipsum. Donec sollicitudin adipiscing','2019-05-18 23:46:06',3,1262,8),(1589,'lectus pede et risus. Quisque','2019-01-26 21:05:40',2,614,4),(1590,'Donec vitae erat vel','2019-06-18 04:22:56',1,549,3),(1591,'nunc. Quisque ornare tortor at risus. Nunc ac sem ut','2019-07-23 12:15:58',3,438,3),(1592,'ultrices, mauris ipsum porta','2019-08-22 20:26:34',2,1871,7),(1593,'Mauris magna. Duis dignissim tempor arcu. Vestibulum ut eros non','2020-08-19 13:10:46',3,190,6),(1594,'venenatis lacus.','2020-06-05 04:52:55',2,1848,2),(1595,'facilisis facilisis, magna tellus faucibus leo, in','2019-01-01 07:31:30',1,2019,5),(1596,'feugiat tellus lorem eu','2020-03-24 17:28:37',1,1993,7),(1597,'Aliquam gravida mauris ut','2019-05-18 23:19:23',3,542,6),(1598,'ornare. Fusce mollis. Duis sit','2019-05-26 05:13:08',2,850,2),(1599,'ac facilisis facilisis, magna tellus faucibus leo, in','2019-12-10 17:20:34',3,369,6),(1600,'dolor sit amet, consectetuer adipiscing','2019-10-06 14:52:16',1,220,11),(1601,'ut aliquam iaculis, lacus pede sagittis augue, eu tempor erat','2020-06-04 12:25:17',3,747,2),(1602,'in, hendrerit consectetuer,','2019-11-27 01:48:30',1,233,5),(1603,'hendrerit consectetuer, cursus et,','2020-01-08 12:00:33',3,153,2),(1604,'turpis egestas. Fusce','2020-03-16 08:56:48',3,742,5),(1605,'ante dictum mi, ac mattis velit justo nec ante. Maecenas','2020-05-21 07:10:36',2,461,10),(1606,'in, dolor. Fusce feugiat.','2019-01-19 22:55:55',2,1147,7),(1607,'pharetra ut, pharetra sed, hendrerit a, arcu. Sed','2020-09-24 06:41:26',2,1551,2),(1608,'aliquet nec, imperdiet nec, leo. Morbi neque tellus, imperdiet','2020-08-16 21:34:38',3,69,7),(1609,'Aenean eget metus. In nec orci. Donec nibh.','2020-07-07 06:15:47',2,826,8),(1610,'Morbi accumsan laoreet ipsum. Curabitur','2019-08-27 08:31:59',2,1103,9),(1611,'ac mattis ornare, lectus ante dictum mi, ac mattis','2020-08-13 05:02:49',1,1466,8),(1612,'sollicitudin adipiscing ligula. Aenean gravida nunc','2019-07-11 16:18:54',1,499,8),(1613,'at, egestas a, scelerisque sed, sapien.','2019-09-21 17:12:03',3,483,11),(1614,'Sed id risus','2019-09-12 18:12:14',1,955,7),(1615,'parturient montes, nascetur ridiculus','2019-04-28 08:21:36',2,1096,7),(1616,'Sed eu nibh','2019-05-29 10:43:07',2,1685,3),(1617,'et tristique pellentesque, tellus sem mollis dui,','2020-02-05 14:18:11',1,781,6),(1618,'tincidunt congue turpis. In condimentum. Donec at arcu. Vestibulum ante','2020-01-10 00:10:03',2,695,9),(1619,'Praesent interdum','2020-01-09 01:29:38',2,2019,8),(1620,'fames ac turpis egestas. Fusce aliquet','2020-07-07 01:27:06',3,2158,11),(1621,'dolor sit amet, consectetuer adipiscing','2020-10-18 04:00:47',2,1051,4),(1622,'purus. Duis elementum, dui quis accumsan convallis, ante','2020-09-04 17:01:17',3,941,9),(1623,'tortor nibh sit amet orci. Ut sagittis lobortis mauris.','2020-06-28 19:23:22',1,319,8),(1624,'eu tellus eu augue porttitor interdum. Sed auctor odio','2020-02-26 17:25:37',2,1855,8),(1625,'dolor. Donec fringilla. Donec feugiat','2019-08-26 10:09:47',3,1758,5),(1626,'dui nec','2020-10-19 02:55:36',2,974,5),(1627,'ornare tortor at','2020-04-19 05:19:12',1,2092,4),(1628,'lacinia. Sed congue, elit sed consequat auctor, nunc nulla','2020-03-12 21:30:53',1,568,10),(1629,'nibh sit amet orci. Ut sagittis lobortis mauris.','2019-08-25 18:29:10',1,1688,1),(1630,'consectetuer, cursus et, magna. Praesent','2019-08-21 18:04:48',2,1815,3),(1631,'amet, dapibus','2020-06-13 08:45:51',1,1981,11),(1632,'eu, odio. Phasellus','2019-07-13 04:47:39',3,2019,6),(1633,'luctus sit amet,','2019-06-09 10:01:14',3,1008,11),(1634,'ut erat.','2020-01-11 11:44:45',2,1287,1),(1635,'Cras','2020-01-04 02:39:13',1,1657,9),(1636,'posuere cubilia Curae; Donec tincidunt. Donec vitae','2020-07-26 15:03:59',2,962,3),(1637,'Suspendisse sagittis. Nullam vitae diam.','2019-09-17 07:44:16',2,1875,9),(1638,'neque. Nullam ut nisi a odio semper cursus. Integer','2020-02-26 04:10:53',3,1621,5),(1639,'Donec elementum, lorem ut aliquam iaculis, lacus','2019-08-21 06:38:43',3,1408,6),(1640,'gravida sagittis. Duis gravida. Praesent','2019-12-17 11:46:13',2,1754,8),(1641,'Nullam scelerisque neque sed','2020-07-21 06:39:17',3,1941,8),(1642,'Nullam ut','2019-01-16 18:27:04',2,188,8),(1643,'id risus quis diam luctus lobortis.','2020-07-07 09:59:09',2,1252,10),(1644,'Cras lorem lorem, luctus ut, pellentesque eget, dictum','2020-08-11 23:31:07',2,380,6),(1645,'ornare, facilisis eget, ipsum. Donec sollicitudin adipiscing ligula. Aenean','2019-05-04 23:40:36',3,712,9),(1646,'natoque penatibus et magnis dis parturient montes, nascetur ridiculus','2019-08-28 04:18:19',2,571,4),(1647,'Vivamus nisi. Mauris nulla.','2019-10-14 04:14:35',3,1790,1),(1648,'justo. Proin non massa non ante bibendum ullamcorper. Duis cursus,','2019-09-08 08:00:34',3,611,4),(1649,'erat vel pede blandit','2019-02-09 09:48:36',2,428,7),(1650,'vulputate, risus a ultricies','2019-07-10 07:17:39',3,615,6),(1651,'faucibus orci luctus et ultrices posuere','2020-07-18 00:23:26',2,2140,1),(1652,'tincidunt pede ac urna. Ut tincidunt','2019-10-15 11:39:16',3,376,6),(1653,'ante ipsum primis in faucibus orci luctus','2020-10-19 01:03:11',1,1905,6),(1654,'neque venenatis lacus. Etiam bibendum fermentum','2019-09-23 00:07:34',3,1419,5),(1655,'ullamcorper, velit in aliquet lobortis,','2019-08-25 19:15:04',2,883,10),(1656,'Nunc mauris. Morbi non sapien molestie orci tincidunt','2019-02-26 22:59:31',3,898,7),(1657,'quam a felis ullamcorper viverra.','2020-01-05 21:38:06',1,572,10),(1658,'ac orci. Ut semper pretium neque. Morbi quis','2019-09-06 18:06:49',1,2020,7),(1659,'eu tellus. Phasellus elit pede,','2019-12-17 19:15:47',3,700,7),(1660,'ultrices. Duis','2019-07-02 07:03:05',3,1118,7),(1661,'euismod ac, fermentum vel, mauris. Integer sem elit, pharetra ut,','2020-01-24 07:30:31',3,254,2),(1662,'nibh. Aliquam ornare, libero','2019-08-26 18:12:18',1,1356,2),(1663,'Nunc','2019-12-30 09:58:32',3,967,2),(1664,'ridiculus','2020-06-28 02:10:05',1,279,9),(1665,'vulputate ullamcorper magna. Sed eu eros. Nam consequat dolor','2020-02-29 22:15:51',2,1710,11),(1666,'Mauris non dui nec urna suscipit','2019-06-07 01:22:08',2,767,10),(1667,'mollis lectus pede et','2020-06-13 14:41:59',3,152,8),(1668,'dictum placerat, augue. Sed molestie. Sed','2019-07-28 02:27:16',2,731,6),(1669,'sem molestie sodales. Mauris blandit enim consequat','2019-11-01 10:25:39',1,2162,2),(1670,'sit amet','2019-04-27 05:28:57',3,466,7),(1671,'Cras dolor dolor, tempus non, lacinia','2019-03-01 15:32:36',1,792,6),(1672,'dictum sapien. Aenean massa. Integer vitae nibh. Donec est','2019-12-17 20:42:21',3,667,4),(1673,'vitae semper egestas, urna justo faucibus lectus, a','2019-09-14 07:28:41',3,12,4),(1674,'enim nec tempus scelerisque, lorem','2020-08-15 18:46:00',2,2105,10),(1675,'tristique pellentesque, tellus sem','2019-08-08 22:27:11',2,2059,5),(1676,'lorem semper auctor.','2019-03-07 13:00:44',1,1216,1),(1677,'justo nec ante. Maecenas mi felis, adipiscing','2020-04-24 12:25:36',3,1853,1),(1678,'neque. Nullam ut','2019-10-27 10:32:21',1,1208,11),(1679,'lorem eu metus. In lorem. Donec elementum, lorem ut aliquam','2020-10-13 14:25:28',1,1331,1),(1680,'sit amet diam eu dolor egestas rhoncus. Proin','2019-05-07 21:09:50',3,2146,3),(1681,'nibh. Donec est mauris, rhoncus id,','2019-11-13 08:20:20',1,1846,5),(1682,'libero. Integer in','2019-04-17 19:05:00',2,807,8),(1683,'id ante','2019-05-15 01:53:49',1,295,10),(1684,'Sed id risus quis diam','2020-06-30 09:45:37',2,667,5),(1685,'ullamcorper viverra. Maecenas iaculis aliquet','2019-11-17 05:07:49',2,241,4),(1686,'feugiat placerat velit. Quisque varius. Nam','2020-01-04 22:59:04',1,1333,5),(1687,'Cras sed leo. Cras vehicula aliquet libero.','2019-09-26 23:47:30',1,2120,8),(1688,'lectus rutrum urna, nec luctus felis','2019-01-05 23:17:02',2,71,9),(1689,'neque. Morbi quis urna.','2020-03-19 01:51:31',2,1629,3),(1690,'lacus vestibulum lorem, sit amet ultricies sem magna nec quam.','2020-05-05 08:10:57',2,603,8),(1691,'non, lobortis quis,','2020-06-17 23:44:24',3,1855,11),(1692,'et, rutrum non, hendrerit id, ante. Nunc mauris sapien, cursus','2020-02-29 03:42:50',2,1369,5),(1693,'senectus et netus et malesuada fames ac turpis egestas. Aliquam','2020-05-14 20:44:23',2,2,5),(1694,'erat volutpat. Nulla facilisis.','2019-03-09 13:01:30',1,954,10),(1695,'semper tellus id nunc interdum feugiat.','2020-02-17 01:08:30',3,957,3),(1696,'Donec egestas. Duis ac arcu.','2020-04-20 10:26:47',1,627,10),(1697,'sem mollis dui,','2019-03-08 21:35:32',1,967,8),(1698,'egestas lacinia. Sed congue, elit sed consequat','2019-08-15 07:18:33',1,52,9),(1699,'pede. Cras vulputate velit eu','2019-05-31 12:11:40',1,1757,2),(1700,'libero. Donec consectetuer mauris id sapien. Cras dolor dolor,','2020-04-05 18:47:26',1,1412,7),(1701,'nec, imperdiet nec, leo. Morbi neque','2020-01-08 03:23:09',2,35,11),(1702,'vitae, sodales at, velit. Pellentesque ultricies dignissim lacus.','2020-03-04 00:47:05',2,2111,2),(1703,'venenatis vel, faucibus id, libero. Donec consectetuer mauris id sapien.','2019-06-19 14:24:05',2,91,9),(1704,'sodales at, velit. Pellentesque ultricies dignissim lacus. Aliquam rutrum','2019-06-09 18:00:30',3,1941,10),(1705,'dui, nec tempus mauris erat eget ipsum. Suspendisse sagittis.','2019-01-15 20:33:05',1,990,3),(1706,'fermentum vel, mauris.','2020-05-22 05:45:14',1,912,6),(1707,'et netus et malesuada fames ac turpis egestas. Aliquam','2019-04-05 03:53:24',3,1665,6),(1708,'Nunc ac sem ut dolor','2020-09-23 06:57:56',1,1048,2),(1709,'non','2020-02-01 11:05:04',1,395,5),(1710,'natoque penatibus','2019-07-19 02:18:22',3,1146,11),(1711,'malesuada','2020-01-23 03:44:34',3,1874,5),(1712,'amet, dapibus','2019-02-04 04:34:26',3,272,4),(1713,'mauris erat eget ipsum. Suspendisse sagittis. Nullam vitae','2019-04-13 02:03:16',1,1772,11),(1714,'nunc','2020-03-07 07:54:43',3,1933,4),(1715,'lobortis quis, pede.','2019-03-01 04:34:16',1,1091,6),(1716,'nibh lacinia orci, consectetuer euismod est arcu','2020-03-07 00:56:22',3,218,1),(1717,'urna et arcu imperdiet ullamcorper. Duis at lacus.','2020-07-09 11:54:27',2,930,11),(1718,'nisi. Cum sociis','2019-03-01 22:03:04',3,1653,4),(1719,'massa. Mauris vestibulum, neque sed dictum eleifend, nunc risus','2019-04-26 16:01:00',1,286,11),(1720,'porttitor scelerisque neque. Nullam nisl. Maecenas malesuada fringilla est.','2019-03-09 09:58:45',1,1160,2),(1721,'est ac facilisis facilisis, magna','2019-03-24 11:32:21',1,1805,1),(1722,'Nulla tincidunt, neque vitae semper egestas,','2019-01-25 12:38:19',3,858,1),(1723,'magna. Ut tincidunt orci quis','2019-10-12 06:44:41',3,879,7),(1724,'congue','2019-06-29 18:26:26',3,1054,3),(1725,'elit elit fermentum risus, at','2019-10-07 01:23:14',1,124,6),(1726,'sed,','2019-04-26 06:53:02',2,412,7),(1727,'pede. Praesent eu','2019-07-22 01:41:55',2,1852,8),(1728,'Mauris vel turpis. Aliquam adipiscing lobortis risus. In mi pede,','2019-09-01 11:27:58',3,877,5),(1729,'tellus faucibus leo, in lobortis tellus justo sit','2019-06-22 17:27:19',3,1041,6),(1730,'Phasellus nulla. Integer vulputate, risus a ultricies adipiscing,','2020-04-20 15:24:49',2,420,5),(1731,'scelerisque','2020-04-21 11:35:25',3,899,8),(1732,'neque. Sed eget lacus. Mauris non','2019-12-09 23:35:03',2,586,6),(1733,'Aliquam fringilla','2020-07-10 16:14:08',3,1124,7),(1734,'eleifend nec, malesuada','2020-06-07 03:31:42',1,2105,8),(1735,'nunc, ullamcorper eu,','2019-08-16 16:16:34',1,396,7),(1736,'eros non enim commodo hendrerit. Donec porttitor tellus non magna.','2019-02-24 12:55:03',1,353,11),(1737,'viverra. Donec tempus, lorem fringilla ornare placerat, orci lacus','2019-04-18 14:43:45',3,617,8),(1738,'magna. Ut tincidunt orci quis lectus.','2019-02-21 11:06:09',2,414,8),(1739,'nec tellus.','2019-08-11 09:03:31',1,1342,4),(1740,'ut ipsum','2019-10-27 10:22:23',2,717,10),(1741,'vitae diam. Proin dolor. Nulla semper','2020-06-02 23:42:43',2,2058,6),(1742,'mauris sapien, cursus in, hendrerit consectetuer, cursus et, magna. Praesent','2019-01-08 22:34:25',1,2134,4),(1743,'quis, pede. Praesent eu dui. Cum sociis natoque penatibus','2019-04-18 17:30:13',1,908,11),(1744,'ut cursus luctus, ipsum leo elementum','2020-02-05 14:02:14',3,548,5),(1745,'Morbi non sapien molestie orci tincidunt adipiscing.','2019-03-10 14:33:46',3,833,1),(1746,'fames ac turpis egestas.','2019-08-01 14:58:49',2,1273,10),(1747,'Vestibulum ut eros non enim commodo hendrerit. Donec porttitor','2019-01-22 14:26:07',3,2171,7),(1748,'gravida.','2019-05-28 07:34:41',1,612,1),(1749,'aliquet. Phasellus','2020-06-19 05:41:06',1,8,10),(1750,'luctus. Curabitur','2019-03-24 16:40:19',3,908,9),(1751,'neque pellentesque massa lobortis ultrices. Vivamus rhoncus. Donec','2019-02-06 08:24:20',1,1955,10),(1752,'Fusce feugiat. Lorem ipsum dolor sit amet, consectetuer adipiscing elit.','2019-04-29 02:26:43',3,265,7),(1753,'nunc sed pede. Cum sociis','2020-05-01 06:49:41',1,478,11),(1754,'amet,','2020-06-22 12:09:33',1,1258,1),(1755,'quam','2019-11-20 10:14:51',3,1214,7),(1756,'Quisque purus','2019-08-11 19:22:08',3,2175,3),(1757,'nisi nibh lacinia orci, consectetuer euismod est','2019-08-10 23:53:54',1,1343,9),(1758,'pede, malesuada vel, venenatis vel, faucibus id, libero. Donec consectetuer','2020-02-02 02:09:14',1,549,6),(1759,'in magna. Phasellus dolor elit, pellentesque a, facilisis non, bibendum','2020-06-06 13:04:54',3,1908,7),(1760,'vitae sodales nisi magna','2020-02-06 23:46:03',3,534,4),(1761,'sed, sapien. Nunc','2019-03-21 10:58:13',2,1855,10),(1762,'ut cursus','2020-06-11 04:05:42',1,1164,9),(1763,'habitant morbi tristique senectus et netus et malesuada fames ac','2020-07-19 03:57:30',2,1220,10),(1764,'vestibulum lorem, sit amet ultricies sem magna','2019-02-23 20:51:24',2,1058,2),(1765,'Nulla interdum.','2020-02-11 21:58:03',3,1951,4),(1766,'nec, diam. Duis mi enim, condimentum','2020-01-22 22:08:01',3,136,9),(1767,'egestas a, dui. Cras pellentesque. Sed dictum. Proin eget','2020-05-03 20:16:11',2,1309,6),(1768,'eu erat semper rutrum. Fusce dolor quam, elementum at, egestas','2019-02-04 23:25:58',2,1388,9),(1769,'Cum sociis','2020-07-02 09:35:19',1,1041,3),(1770,'et, commodo at, libero. Morbi','2019-02-17 22:35:15',3,1971,1),(1771,'enim diam vel arcu.','2020-06-14 15:56:52',1,2033,6),(1772,'pede. Cras vulputate velit eu sem. Pellentesque ut ipsum ac','2019-02-15 14:00:08',2,1143,7),(1773,'hymenaeos. Mauris ut quam vel sapien imperdiet ornare. In','2019-06-24 03:52:36',2,448,11),(1774,'elit, a feugiat tellus','2019-06-20 10:30:18',3,1645,10),(1775,'vulputate,','2019-07-20 07:29:20',3,1701,5),(1776,'ut lacus. Nulla tincidunt, neque','2019-05-02 23:50:52',1,452,2),(1777,'Sed eget lacus. Mauris non dui','2019-05-30 19:38:18',2,692,1),(1778,'massa. Mauris vestibulum, neque sed','2019-11-04 13:05:36',2,1614,5),(1779,'sem, consequat nec, mollis','2019-09-04 23:05:55',1,896,9),(1780,'nulla. Donec non justo.','2020-05-04 21:07:43',2,1430,8),(1781,'Donec fringilla. Donec feugiat metus sit amet ante. Vivamus','2020-02-05 17:17:54',1,1141,10),(1782,'lectus rutrum urna, nec luctus','2020-02-03 05:20:01',3,2054,6),(1783,'rutrum eu, ultrices sit amet, risus. Donec nibh enim, gravida','2019-04-16 08:51:04',1,75,10),(1784,'velit. Aliquam','2019-08-30 06:58:37',1,1552,9),(1785,'eu tellus eu augue','2019-10-09 09:19:19',1,1244,8),(1786,'volutpat ornare, facilisis eget, ipsum. Donec sollicitudin adipiscing','2019-03-06 21:49:43',3,1604,4),(1787,'malesuada vel, venenatis vel, faucibus id, libero.','2019-04-09 03:12:47',3,1593,11),(1788,'erat, in consectetuer ipsum nunc','2020-06-23 09:39:13',2,1972,10),(1789,'eget nisi','2020-05-10 12:28:20',3,466,4),(1790,'sit amet, consectetuer adipiscing elit. Curabitur sed tortor.','2020-10-21 04:05:12',2,1259,5),(1791,'magna. Nam ligula','2019-07-01 10:33:18',2,1492,8),(1792,'molestie arcu.','2019-08-20 02:23:38',1,1032,10),(1793,'Mauris ut quam vel sapien imperdiet ornare. In faucibus.','2020-01-30 13:04:17',1,1310,8),(1794,'urna, nec luctus felis purus ac tellus. Suspendisse','2020-07-30 17:21:19',1,2157,11),(1795,'tortor at risus. Nunc','2020-10-04 00:52:21',1,82,4),(1796,'Aliquam tincidunt,','2019-01-13 13:08:26',1,730,11),(1797,'vehicula risus. Nulla eget metus eu erat semper rutrum. Fusce','2019-07-10 22:19:12',2,2143,3),(1798,'risus.','2019-01-24 10:51:18',1,49,6),(1799,'luctus et ultrices posuere cubilia Curae; Donec','2020-07-28 06:54:19',1,345,5),(1800,'Curabitur massa. Vestibulum accumsan neque et nunc.','2019-12-25 11:41:44',2,1182,4),(1801,'dignissim tempor arcu. Vestibulum ut eros','2019-10-27 18:41:41',2,1181,4),(1802,'nunc','2019-01-19 18:26:37',2,1870,10),(1803,'Cum sociis natoque penatibus et magnis dis','2020-03-25 02:12:53',2,1140,1),(1804,'cursus, diam at pretium aliquet, metus urna','2019-04-14 11:45:50',3,1657,10),(1805,'auctor velit. Aliquam nisl.','2020-03-27 21:41:57',1,31,8),(1806,'risus. Donec nibh','2019-09-20 22:06:42',2,1666,2),(1807,'vitae nibh. Donec est mauris, rhoncus id, mollis nec,','2020-02-18 05:58:45',1,460,3),(1808,'fermentum fermentum arcu. Vestibulum ante ipsum primis in faucibus','2019-09-28 17:20:28',3,1730,5),(1809,'enim non nisi. Aenean eget metus. In nec','2019-06-11 07:28:50',2,2065,7),(1810,'convallis, ante lectus convallis est, vitae sodales','2019-04-01 12:27:39',1,202,11),(1811,'nulla magna, malesuada vel, convallis in, cursus et, eros. Proin','2019-04-25 16:54:57',2,1654,5),(1812,'mollis non, cursus non, egestas a, dui. Cras','2020-06-13 10:13:56',2,1000,1),(1813,'fringilla est. Mauris eu turpis. Nulla aliquet. Proin velit.','2019-07-11 07:24:15',2,961,9),(1814,'lorem tristique aliquet. Phasellus fermentum convallis ligula. Donec luctus','2019-03-06 12:37:18',1,1004,7),(1815,'tristique pharetra. Quisque ac libero','2019-07-28 20:42:20',1,1409,11),(1816,'ut erat. Sed nunc est, mollis non, cursus','2020-04-09 09:00:06',2,927,4),(1817,'luctus,','2019-03-26 19:20:49',3,2093,4),(1818,'interdum.','2019-09-12 13:58:18',3,1577,8),(1819,'amet, dapibus','2020-05-06 08:57:32',3,628,1),(1820,'faucibus. Morbi','2020-07-29 01:24:18',3,768,5),(1821,'sapien imperdiet ornare. In faucibus. Morbi vehicula. Pellentesque','2020-04-28 15:17:52',3,44,4),(1822,'In faucibus. Morbi vehicula.','2019-03-01 05:25:38',1,1567,3),(1823,'purus, in molestie tortor nibh','2019-01-13 14:21:08',2,156,1),(1824,'scelerisque','2019-01-13 10:12:12',3,961,9),(1825,'Duis mi enim, condimentum eget, volutpat ornare,','2020-02-20 04:08:07',1,786,3),(1826,'nec tellus. Nunc lectus pede, ultrices','2020-08-12 18:04:20',3,2112,4),(1827,'Phasellus dapibus quam quis diam. Pellentesque','2019-05-24 20:15:33',1,1769,6),(1828,'ut','2019-04-19 20:51:15',3,2023,8),(1829,'quis arcu vel quam dignissim pharetra. Nam ac nulla.','2019-08-25 04:54:44',1,195,11),(1830,'Cras lorem lorem, luctus ut, pellentesque eget, dictum placerat,','2020-07-26 00:11:18',1,91,8),(1831,'magna. Suspendisse tristique neque venenatis lacus. Etiam bibendum fermentum','2019-08-20 15:28:47',3,822,4),(1832,'Morbi vehicula. Pellentesque tincidunt tempus risus.','2020-07-09 03:29:09',3,1581,1),(1833,'non, vestibulum nec, euismod in, dolor. Fusce feugiat. Lorem ipsum','2020-05-03 14:28:45',2,1561,7),(1834,'et risus. Quisque libero lacus, varius et, euismod et,','2020-07-23 16:24:52',3,67,8),(1835,'bibendum fermentum metus. Aenean','2020-01-03 07:33:05',1,104,3),(1836,'per conubia nostra,','2020-04-08 05:53:51',2,537,11),(1837,'ac risus. Morbi metus. Vivamus','2019-09-20 16:07:31',2,1660,3),(1838,'sem. Pellentesque ut ipsum ac mi eleifend egestas.','2020-10-18 16:06:38',2,1328,4),(1839,'In ornare sagittis felis. Donec tempor, est ac mattis','2019-11-17 11:04:56',2,394,9),(1840,'libero lacus, varius et, euismod et, commodo at, libero. Morbi','2020-07-22 09:27:16',3,1009,5),(1841,'Praesent eu dui. Cum sociis natoque penatibus','2019-03-05 03:58:07',1,1529,11),(1842,'vel quam dignissim pharetra. Nam ac nulla. In','2019-06-28 17:33:39',2,1735,11),(1843,'pellentesque. Sed dictum. Proin eget','2020-03-04 01:59:54',3,1799,5),(1844,'at pretium aliquet, metus urna','2019-07-11 20:03:40',2,847,9),(1845,'amet, consectetuer adipiscing elit. Curabitur sed tortor.','2019-06-29 01:04:59',1,826,1),(1846,'dictum placerat, augue. Sed molestie. Sed id risus quis','2019-09-18 12:47:39',2,2146,1),(1847,'urna. Nullam lobortis quam a felis ullamcorper viverra.','2019-08-30 02:45:25',3,126,7),(1848,'Aliquam erat volutpat. Nulla dignissim. Maecenas ornare egestas ligula. Nullam','2020-02-05 17:46:28',1,1765,4),(1849,'felis. Donec tempor,','2019-04-25 18:42:59',3,1822,11),(1850,'aliquam adipiscing lacus. Ut nec urna et arcu','2019-10-14 15:23:50',1,902,1),(1851,'Proin ultrices. Duis volutpat nunc sit amet metus. Aliquam erat','2019-07-25 21:20:48',3,448,3),(1852,'nec,','2019-04-26 17:25:29',2,2130,9),(1853,'justo sit amet nulla. Donec non justo. Proin non','2019-02-26 19:22:05',3,136,6),(1854,'magna a tortor. Nunc commodo auctor velit.','2020-02-22 19:45:21',1,2020,6),(1855,'metus. In lorem. Donec elementum, lorem ut aliquam','2019-04-17 05:06:33',3,756,9),(1856,'Donec est mauris, rhoncus id,','2019-05-17 18:46:22',1,308,7),(1857,'Maecenas','2019-11-13 12:36:48',3,57,6),(1858,'euismod urna. Nullam lobortis quam a felis ullamcorper viverra.','2020-04-29 06:07:14',2,1853,5),(1859,'sollicitudin commodo ipsum. Suspendisse non leo. Vivamus nibh dolor, nonummy','2019-10-12 14:13:31',2,1271,4),(1860,'parturient montes, nascetur ridiculus mus. Aenean eget magna. Suspendisse tristique','2019-04-28 23:31:03',3,1754,11),(1861,'erat','2019-02-03 23:32:15',3,467,6),(1862,'diam.','2019-06-16 10:59:23',1,511,11),(1863,'Etiam bibendum','2019-05-04 22:20:08',2,767,4),(1864,'Donec luctus aliquet odio.','2020-04-10 01:32:19',1,1671,1),(1865,'at fringilla','2019-05-21 00:34:36',2,369,10),(1866,'nec urna et arcu imperdiet ullamcorper. Duis at','2019-08-29 14:23:49',1,1916,10),(1867,'enim. Mauris','2020-01-28 13:53:12',3,767,1),(1868,'faucibus','2019-07-14 13:53:44',2,1766,1),(1869,'sapien molestie orci tincidunt adipiscing. Mauris molestie pharetra nibh. Aliquam','2019-03-24 20:53:52',1,990,1),(1870,'amet nulla.','2019-06-03 18:36:57',2,403,5),(1871,'nisl. Quisque fringilla euismod enim. Etiam','2020-10-05 22:29:08',2,1455,9),(1872,'ligula','2019-10-08 22:06:11',3,2077,10),(1873,'fringilla, porttitor vulputate, posuere','2019-05-01 15:51:25',1,180,5),(1874,'erat volutpat. Nulla facilisis. Suspendisse commodo tincidunt','2019-01-27 14:27:23',3,175,11),(1875,'metus. In','2019-06-09 18:04:47',1,1968,4),(1876,'malesuada id, erat. Etiam vestibulum massa','2020-07-16 19:43:53',2,1323,11),(1877,'Nulla interdum. Curabitur dictum. Phasellus in','2020-04-16 14:04:39',1,1429,8),(1878,'libero lacus, varius et, euismod et,','2020-02-17 18:53:19',3,1087,10),(1879,'Suspendisse eleifend. Cras sed leo.','2019-07-17 20:35:51',2,560,2),(1880,'feugiat placerat velit. Quisque varius.','2019-02-08 03:23:07',1,1650,6),(1881,'quis diam luctus lobortis. Class aptent taciti','2019-03-14 21:46:00',3,2140,8),(1882,'nascetur ridiculus mus. Proin vel arcu eu odio tristique','2019-05-20 06:30:32',2,883,11),(1883,'semper. Nam tempor diam','2019-08-15 12:27:57',2,588,7),(1884,'ante','2020-05-19 21:16:03',1,1474,10),(1885,'arcu. Curabitur ut odio vel est tempor bibendum. Donec felis','2019-03-22 10:06:09',3,1320,2),(1886,'metus urna convallis erat, eget tincidunt dui augue','2019-05-08 23:01:49',1,504,11),(1887,'ultricies ornare, elit elit fermentum risus,','2019-12-08 08:31:20',1,241,8),(1888,'at augue id ante dictum','2019-03-27 12:38:52',2,1098,10),(1889,'quis, pede. Suspendisse dui. Fusce','2020-08-06 23:41:41',1,1137,4),(1890,'venenatis','2020-02-03 20:05:41',1,923,7),(1891,'risus varius orci, in consequat enim diam vel arcu.','2019-09-20 10:58:08',3,1570,9),(1892,'tellus. Aenean egestas hendrerit neque. In ornare sagittis felis.','2020-03-22 19:04:04',2,75,10),(1893,'Fusce','2019-05-12 10:18:35',3,486,9),(1894,'Phasellus fermentum convallis ligula. Donec luctus aliquet','2019-10-27 09:14:09',2,2116,5),(1895,'lobortis. Class aptent taciti sociosqu ad litora torquent per conubia','2019-07-22 00:44:44',2,982,11),(1896,'ac turpis egestas. Aliquam fringilla cursus','2020-05-11 03:12:18',3,723,8),(1897,'nibh. Quisque nonummy ipsum non arcu. Vivamus sit','2020-04-29 15:14:36',2,1816,4),(1898,'pede et risus. Quisque libero lacus, varius et, euismod','2019-09-17 11:56:39',1,1373,9),(1899,'eget nisi dictum augue malesuada','2020-06-27 21:03:09',3,1053,1),(1900,'quis diam.','2019-09-09 10:31:21',2,1103,5),(1901,'vitae, sodales at, velit.','2019-03-12 22:16:44',1,3,11),(1902,'euismod et, commodo at, libero. Morbi accumsan laoreet ipsum. Curabitur','2019-02-16 13:47:07',2,742,4),(1903,'arcu iaculis enim, sit amet ornare lectus justo eu','2020-04-05 04:10:44',1,1987,4),(1904,'convallis in, cursus et, eros. Proin ultrices. Duis','2020-06-12 21:58:25',1,1388,4),(1905,'rhoncus. Proin nisl sem, consequat nec,','2019-05-05 13:21:41',2,1960,11),(1906,'Aliquam rutrum lorem ac risus. Morbi metus. Vivamus','2020-07-29 22:39:08',1,1680,11),(1907,'pede. Praesent eu dui. Cum sociis natoque penatibus','2020-07-05 12:19:40',2,652,1),(1908,'ligula consectetuer rhoncus. Nullam velit dui, semper','2020-06-14 13:42:11',1,469,4),(1909,'est,','2019-05-16 15:57:50',2,1626,8),(1910,'per conubia nostra, per','2020-06-25 02:12:40',2,551,9),(1911,'Mauris eu turpis. Nulla aliquet. Proin','2020-09-27 04:07:36',1,125,8),(1912,'arcu et pede. Nunc','2019-05-05 19:08:42',3,984,4),(1913,'nulla.','2019-05-31 01:46:24',2,1595,5),(1914,'ut dolor dapibus gravida. Aliquam tincidunt,','2019-06-07 12:50:56',3,339,2),(1915,'bibendum. Donec felis orci, adipiscing','2019-06-16 00:29:47',2,1904,2),(1916,'Integer','2019-06-25 23:54:49',1,1967,8),(1917,'malesuada vel, venenatis vel,','2020-07-29 00:58:42',3,943,9),(1918,'sapien imperdiet ornare. In','2020-07-02 18:41:49',2,828,5),(1919,'dolor. Quisque tincidunt pede ac','2019-01-13 01:18:42',1,1574,11),(1920,'Nulla interdum. Curabitur dictum. Phasellus in felis. Nulla','2019-05-02 00:14:46',1,196,2),(1921,'ipsum leo elementum sem, vitae aliquam','2019-12-05 23:24:08',3,757,11),(1922,'convallis erat, eget tincidunt dui augue eu tellus. Phasellus','2019-06-05 05:51:34',1,485,6),(1923,'libero lacus, varius et,','2020-09-12 07:32:10',3,11,7),(1924,'quis massa.','2019-10-07 05:00:01',2,547,7),(1925,'Nulla facilisis. Suspendisse commodo tincidunt nibh. Phasellus','2019-10-23 13:50:50',1,1154,9),(1926,'augue eu tellus.','2019-11-02 16:07:11',1,220,10),(1927,'vitae purus gravida sagittis. Duis gravida. Praesent eu nulla at','2019-02-28 03:07:30',2,453,2),(1928,'urna. Ut tincidunt vehicula risus. Nulla eget','2019-06-13 23:05:09',2,1593,11),(1929,'non leo. Vivamus nibh','2020-06-23 17:13:07',3,547,4),(1930,'in, hendrerit consectetuer, cursus','2019-10-31 05:33:59',2,1205,4),(1931,'in consequat enim','2019-04-22 04:51:05',3,1955,5),(1932,'porta elit, a feugiat tellus lorem eu metus. In lorem.','2020-04-09 02:35:24',3,635,2),(1933,'Nulla facilisis. Suspendisse','2019-06-28 12:40:03',2,80,9),(1934,'ac orci. Ut semper pretium neque. Morbi','2019-11-15 20:16:05',1,565,4),(1935,'Phasellus fermentum convallis ligula.','2019-01-19 05:19:59',2,1753,8),(1936,'blandit enim consequat purus. Maecenas libero est,','2019-07-12 09:35:47',3,898,9),(1937,'Nullam suscipit, est','2019-12-25 07:26:14',2,2071,10),(1938,'Mauris nulla.','2019-03-01 12:07:11',2,2035,1),(1939,'Fusce aliquam, enim nec tempus scelerisque, lorem ipsum sodales purus,','2019-03-09 16:54:19',2,684,7),(1940,'nonummy ac,','2019-05-17 06:01:03',2,1980,4),(1941,'purus. Duis elementum, dui quis accumsan convallis, ante lectus','2019-03-10 10:03:38',2,56,3),(1942,'Ut nec urna et arcu imperdiet ullamcorper. Duis','2019-02-19 02:30:51',2,115,6),(1943,'elit. Aliquam auctor, velit eget laoreet posuere, enim nisl','2020-08-26 20:50:30',3,586,6),(1944,'natoque penatibus et magnis dis parturient montes, nascetur','2020-06-01 15:23:34',3,772,10),(1945,'rutrum, justo. Praesent luctus.','2019-12-22 10:28:43',1,376,4),(1946,'cursus non,','2019-05-08 00:16:26',3,1822,10),(1947,'quis lectus. Nullam','2019-02-20 08:05:03',2,1769,2),(1948,'Nam nulla magna, malesuada','2019-06-09 03:46:35',3,739,3),(1949,'est mauris, rhoncus id, mollis nec, cursus','2020-08-29 00:08:25',3,823,10),(1950,'iaculis aliquet diam. Sed diam lorem, auctor','2020-02-22 03:47:49',2,1358,6),(1951,'ultricies sem magna','2020-08-06 12:07:07',3,1542,10),(1952,'Ut','2020-06-07 18:41:18',1,2130,11),(1953,'Donec tincidunt.','2019-04-18 06:33:16',3,857,11),(1954,'elit. Nulla facilisi. Sed neque. Sed eget lacus.','2019-08-07 01:54:59',3,1094,1),(1955,'fames ac','2019-02-09 06:45:58',3,1176,8),(1956,'arcu. Aliquam','2020-01-28 05:13:25',3,1238,5),(1957,'aliquet','2020-08-09 00:35:05',1,710,8),(1958,'ante. Vivamus non lorem vitae odio sagittis','2019-05-26 04:32:31',3,838,7),(1959,'Praesent eu nulla at sem molestie sodales. Mauris blandit enim','2019-01-12 15:00:54',3,1700,9),(1960,'parturient montes, nascetur ridiculus mus.','2019-09-01 18:33:40',1,1719,3),(1961,'massa. Integer vitae nibh. Donec est mauris, rhoncus id, mollis','2019-04-29 07:18:48',1,115,2),(1962,'a','2019-04-07 19:42:19',1,1362,9),(1963,'Duis mi enim, condimentum eget, volutpat ornare, facilisis eget,','2019-04-17 07:44:59',2,607,3),(1964,'pede,','2019-05-08 16:24:52',1,2060,4),(1965,'risus. Nulla eget metus eu erat semper rutrum. Fusce dolor','2019-05-19 06:23:36',2,659,2),(1966,'montes, nascetur ridiculus mus. Proin vel arcu eu','2020-02-21 18:35:23',3,2054,6),(1967,'dis parturient montes, nascetur ridiculus mus. Proin vel nisl. Quisque','2020-08-14 08:07:19',2,673,7),(1968,'ut aliquam iaculis, lacus pede','2019-02-24 06:21:15',3,2066,8),(1969,'risus. Donec egestas. Duis ac arcu.','2020-06-08 16:48:46',2,975,1),(1970,'dictum cursus. Nunc mauris elit, dictum eu, eleifend','2019-03-19 15:40:08',1,2025,5),(1971,'volutpat. Nulla facilisis. Suspendisse commodo tincidunt nibh. Phasellus','2019-10-11 18:17:26',1,871,2),(1972,'a odio semper cursus. Integer mollis. Integer tincidunt aliquam','2019-04-17 22:35:26',2,1644,5),(1973,'Nullam ut','2019-06-15 04:44:28',2,2094,7),(1974,'interdum feugiat. Sed nec metus facilisis','2020-02-27 17:43:55',3,1809,6),(1975,'eu neque pellentesque massa lobortis ultrices.','2019-03-21 03:19:11',2,501,5),(1976,'purus','2019-02-15 15:37:38',3,1211,3),(1977,'et ipsum cursus vestibulum. Mauris magna.','2019-01-20 10:26:32',3,1999,3),(1978,'velit. Pellentesque ultricies dignissim lacus. Aliquam','2019-06-17 06:50:33',2,427,3),(1979,'sit amet ultricies sem','2019-10-03 10:37:39',2,2020,5),(1980,'neque. Morbi quis','2019-08-30 00:22:15',3,517,10),(1981,'amet luctus vulputate, nisi sem semper erat, in consectetuer','2019-01-03 00:40:37',1,1024,4),(1982,'adipiscing ligula. Aenean gravida nunc sed pede. Cum sociis','2019-07-21 23:47:28',2,1887,10),(1983,'sodales elit erat vitae risus. Duis a mi fringilla','2019-10-01 20:18:03',3,529,9),(1984,'Class','2019-06-05 10:31:52',2,500,8),(1985,'dolor','2020-07-15 16:59:33',3,2049,8),(1986,'egestas lacinia. Sed congue, elit sed consequat auctor,','2019-04-12 18:53:33',3,287,3),(1987,'enim consequat purus. Maecenas libero est, congue a, aliquet vel,','2019-03-12 20:53:53',1,685,1),(1988,'blandit','2020-06-19 17:10:11',1,1566,1),(1989,'lacinia at, iaculis','2020-09-29 15:29:35',3,610,6),(1990,'penatibus','2020-04-11 03:25:32',1,1334,1),(1991,'montes,','2020-04-22 10:20:04',2,90,2),(1992,'et netus et malesuada','2019-01-16 05:49:54',2,1479,4),(1993,'velit eu sem. Pellentesque ut ipsum ac','2020-10-18 15:23:02',2,362,10),(1994,'ultricies sem magna nec quam.','2020-06-21 09:32:02',1,500,2),(1995,'auctor, nunc nulla vulputate dui, nec tempus mauris erat eget','2019-09-15 03:24:26',1,209,9),(1996,'pede, nonummy ut, molestie in,','2020-06-21 06:26:00',3,1390,10),(1997,'natoque penatibus et','2020-09-18 23:55:06',1,1128,10),(1998,'Nam ac nulla. In tincidunt congue turpis. In','2019-10-20 20:32:35',2,265,10),(1999,'a nunc. In at','2020-02-21 11:05:05',1,1916,5),(2000,'semper erat, in consectetuer ipsum nunc id enim. Curabitur massa.','2019-04-28 23:44:55',3,1355,3),(2001,'lacinia. Sed congue, elit sed consequat','2019-04-19 18:52:22',1,2034,11),(2002,'lacus. Nulla','2020-08-31 11:58:36',1,109,1),(2003,'magna a neque. Nullam ut nisi a odio','2019-06-28 06:03:40',3,1864,3),(2004,'Nulla tempor augue ac ipsum.','2019-06-07 10:05:23',3,2151,3),(2005,'Suspendisse sed dolor. Fusce mi lorem, vehicula','2020-05-05 04:39:04',2,1139,11),(2006,'at, iaculis quis, pede. Praesent','2020-02-27 18:47:34',1,248,1),(2007,'Phasellus dolor elit, pellentesque a,','2019-11-13 23:20:07',3,1256,4),(2008,'Proin ultrices. Duis','2020-06-04 23:24:59',1,156,10),(2009,'sit amet ornare lectus justo eu arcu. Morbi sit','2020-01-07 08:08:02',1,1067,6),(2010,'porttitor scelerisque neque.','2020-01-27 12:12:36',2,1505,7),(2011,'senectus','2019-09-12 19:19:48',2,560,2),(2012,'orci.','2019-05-11 01:10:02',3,522,4),(2013,'et ipsum','2019-06-20 14:08:50',1,653,2),(2014,'pede. Cras vulputate velit eu sem.','2019-04-06 16:08:15',2,1388,3),(2015,'nisl. Quisque fringilla euismod enim. Etiam gravida molestie','2020-10-27 09:00:52',1,636,11),(2016,'Integer','2019-04-08 10:48:27',1,1580,11),(2017,'malesuada. Integer id magna et ipsum cursus vestibulum.','2019-03-02 12:44:23',3,1041,11),(2018,'eget mollis lectus pede et','2019-03-18 15:50:10',3,653,9),(2019,'facilisis. Suspendisse commodo tincidunt nibh. Phasellus nulla. Integer vulputate,','2019-09-14 14:49:31',3,318,8),(2020,'tincidunt tempus risus. Donec egestas.','2020-06-26 09:09:39',3,1916,9),(2021,'Quisque varius. Nam porttitor scelerisque','2019-05-21 05:32:12',3,1526,6),(2022,'Mauris vel turpis. Aliquam adipiscing lobortis','2020-04-24 04:58:34',1,2075,1),(2023,'nascetur ridiculus mus.','2020-07-18 04:02:38',2,1849,2),(2024,'metus sit amet ante.','2019-08-28 15:37:50',3,1606,3),(2025,'molestie sodales. Mauris','2020-01-11 10:04:38',1,1696,3),(2026,'Sed congue, elit sed consequat auctor, nunc nulla vulputate dui,','2020-04-27 12:26:00',1,2077,8),(2027,'Suspendisse sed dolor. Fusce mi','2020-10-17 13:47:39',3,274,10),(2028,'sagittis. Nullam','2019-10-10 10:47:15',3,438,9),(2029,'neque.','2019-08-16 16:33:48',2,488,7),(2030,'et nunc. Quisque ornare tortor at risus.','2020-01-11 17:05:41',1,1098,1),(2031,'commodo auctor velit. Aliquam nisl. Nulla eu neque pellentesque massa','2019-10-16 19:07:39',1,282,10),(2032,'sit','2019-04-29 08:57:34',2,876,5),(2033,'Phasellus vitae mauris','2019-12-28 00:18:07',2,975,3),(2034,'nunc nulla','2020-01-23 06:15:46',1,1513,5),(2035,'molestie orci tincidunt adipiscing. Mauris','2020-09-08 01:52:21',3,1705,9),(2036,'morbi tristique senectus et netus et malesuada fames ac turpis','2019-05-04 11:50:47',1,1378,10),(2037,'nec orci. Donec','2020-07-31 19:24:52',2,2031,7),(2038,'purus sapien, gravida non, sollicitudin a, malesuada','2019-07-06 19:43:58',1,1889,5),(2039,'Integer aliquam adipiscing lacus. Ut nec urna et','2020-06-04 22:56:42',3,1179,11),(2040,'lectus, a sollicitudin orci sem eget massa. Suspendisse eleifend.','2019-12-25 20:47:24',1,1342,4),(2041,'cursus, diam at pretium aliquet, metus urna convallis erat, eget','2019-02-15 11:58:27',2,1875,2),(2042,'cursus et, magna.','2019-07-23 20:18:27',3,1096,5),(2043,'eget tincidunt','2019-04-21 04:44:05',3,1611,7),(2044,'faucibus.','2020-03-11 03:11:25',2,882,11),(2045,'Pellentesque','2019-04-20 09:04:28',2,39,3),(2046,'Morbi non sapien molestie orci','2020-09-21 02:42:28',1,1245,6),(2047,'dignissim tempor arcu. Vestibulum ut eros non enim','2020-03-19 06:44:46',3,1221,9),(2048,'at, egestas a, scelerisque sed, sapien. Nunc pulvinar arcu','2019-07-18 05:06:37',3,1571,3),(2049,'amet, consectetuer adipiscing','2020-01-29 01:45:12',3,1884,8),(2050,'nibh dolor, nonummy ac, feugiat','2019-11-09 15:21:15',2,2106,11),(2051,'Vivamus non lorem vitae odio sagittis semper. Nam tempor','2019-04-24 19:59:41',2,1095,11),(2052,'imperdiet ullamcorper.','2019-06-05 15:05:37',1,1909,8),(2053,'Nullam','2020-08-28 14:29:36',3,1976,3),(2054,'eget mollis lectus pede et risus. Quisque','2019-07-18 17:49:04',2,971,1),(2055,'tellus faucibus leo, in','2019-06-05 13:17:53',1,1539,2),(2056,'natoque penatibus et magnis dis parturient montes, nascetur ridiculus','2019-08-14 20:53:16',2,1959,5),(2057,'et magnis dis parturient montes, nascetur ridiculus mus. Proin vel','2019-05-10 05:43:46',1,113,8),(2058,'Sed','2019-08-09 15:21:03',2,1305,4),(2059,'In lorem. Donec elementum, lorem','2019-01-09 08:54:33',1,776,11),(2060,'Integer id magna et ipsum cursus vestibulum. Mauris magna. Duis','2020-08-19 11:09:48',3,796,8),(2061,'tempor, est ac mattis semper, dui lectus','2019-03-10 11:55:17',1,1031,3),(2062,'ut, sem. Nulla interdum. Curabitur dictum. Phasellus in felis.','2019-05-11 15:14:49',3,697,11),(2063,'enim consequat purus. Maecenas libero est, congue a, aliquet','2020-09-05 07:03:41',2,468,7),(2064,'commodo at, libero. Morbi accumsan laoreet ipsum.','2020-02-05 05:07:12',3,632,9),(2065,'nibh lacinia orci, consectetuer euismod est','2020-08-05 14:59:27',1,855,4),(2066,'turpis. Aliquam adipiscing lobortis risus. In mi pede, nonummy','2020-06-09 05:23:02',2,876,11),(2067,'elit','2020-04-27 11:05:07',3,1981,2),(2068,'tincidunt adipiscing. Mauris molestie','2019-08-07 05:45:44',2,1860,6),(2069,'mi, ac mattis velit justo nec ante. Maecenas mi','2019-01-15 09:04:15',3,681,8),(2070,'risus. Duis a mi fringilla mi lacinia mattis. Integer','2020-01-01 15:19:19',3,1342,6),(2071,'magna. Phasellus dolor elit,','2020-02-23 07:13:57',1,673,7),(2072,'nibh sit amet orci. Ut sagittis lobortis','2019-05-12 10:25:03',3,228,2),(2073,'tempor bibendum. Donec felis orci, adipiscing','2019-05-09 01:48:52',2,120,6),(2074,'felis eget varius ultrices, mauris ipsum porta elit, a feugiat','2020-07-14 04:05:16',1,1191,7),(2075,'magna.','2019-08-29 21:28:00',3,459,3),(2076,'Nunc commodo auctor velit. Aliquam nisl. Nulla eu','2019-04-14 09:50:01',2,249,5),(2077,'nisi. Mauris nulla.','2020-05-26 05:35:12',2,374,8),(2078,'facilisis eget,','2019-05-18 18:51:21',3,665,2),(2079,'amet, consectetuer adipiscing','2019-11-01 06:14:08',3,390,8),(2080,'Sed eu eros.','2019-02-27 05:31:13',2,783,2),(2081,'congue a, aliquet vel, vulputate eu, odio. Phasellus at augue','2019-12-09 18:13:40',1,1530,8),(2082,'lobortis augue scelerisque','2020-10-26 18:22:45',3,845,2),(2083,'et netus','2020-07-21 22:44:48',3,172,3),(2084,'accumsan sed, facilisis vitae, orci. Phasellus dapibus quam quis diam.','2020-06-29 08:43:39',1,338,3),(2085,'Mauris magna. Duis dignissim tempor arcu.','2019-05-25 21:20:02',3,1546,5),(2086,'suscipit, est ac facilisis facilisis, magna tellus faucibus','2020-09-15 07:04:50',1,1159,10),(2087,'nulla at sem molestie sodales. Mauris blandit','2019-05-14 11:39:25',1,565,10),(2088,'hymenaeos. Mauris ut quam vel sapien','2020-08-11 17:50:52',3,1901,3),(2089,'Class aptent taciti sociosqu ad litora','2019-09-25 15:22:45',3,1916,6),(2090,'tellus.','2019-03-01 17:38:52',2,1056,9),(2091,'fringilla. Donec feugiat metus sit','2020-05-10 23:13:23',2,424,2),(2092,'dolor, nonummy','2019-08-27 21:15:09',3,1078,8),(2093,'ipsum primis','2020-09-29 05:14:35',2,1713,6),(2094,'blandit congue.','2019-08-23 10:46:35',3,1678,1),(2095,'Integer vitae nibh. Donec est','2020-07-29 06:40:24',2,783,6),(2096,'amet ornare lectus justo eu','2019-01-18 13:38:48',2,284,9),(2097,'Vivamus nisi. Mauris nulla. Integer urna. Vivamus molestie dapibus ligula.','2019-03-23 17:58:00',2,1447,8),(2098,'volutpat. Nulla facilisis. Suspendisse commodo tincidunt nibh. Phasellus','2020-02-29 15:18:18',3,1263,7),(2099,'urna et arcu imperdiet ullamcorper. Duis at lacus. Quisque purus','2019-09-09 11:09:39',3,907,4),(2100,'bibendum fermentum metus. Aenean sed pede nec ante blandit','2020-01-21 08:57:55',3,1064,5),(2101,'Sed dictum. Proin eget odio. Aliquam vulputate ullamcorper','2020-01-14 08:02:33',1,1373,3),(2102,'ullamcorper magna. Sed eu eros. Nam consequat dolor vitae','2019-04-02 01:49:22',2,911,9),(2103,'Morbi vehicula. Pellentesque tincidunt tempus risus. Donec egestas.','2020-08-03 00:06:51',2,176,11),(2104,'est. Nunc laoreet lectus quis massa. Mauris','2020-09-19 04:19:21',3,1829,3),(2105,'tempus, lorem fringilla ornare placerat, orci lacus','2019-01-17 14:29:12',1,161,6),(2106,'vestibulum massa rutrum magna. Cras convallis','2020-06-05 09:18:12',1,2036,4),(2107,'parturient montes, nascetur ridiculus mus. Donec','2019-02-19 16:55:56',3,1388,6),(2108,'Nullam feugiat placerat velit. Quisque varius. Nam porttitor scelerisque','2020-04-29 05:06:11',3,1283,3),(2109,'magnis dis parturient montes, nascetur ridiculus mus. Proin','2020-03-09 10:04:26',3,1660,11),(2110,'arcu. Sed et libero. Proin mi. Aliquam gravida mauris ut','2020-04-06 03:48:48',3,1991,8),(2111,'at','2019-07-15 17:07:27',3,1924,2),(2112,'Quisque ornare tortor at','2020-05-06 11:03:08',2,185,8),(2113,'libero est, congue','2020-06-06 02:35:01',1,839,8),(2114,'nec ante. Maecenas mi felis, adipiscing fringilla, porttitor vulputate, posuere','2020-10-25 20:06:27',3,113,8),(2115,'ut erat. Sed nunc est, mollis non,','2019-03-04 20:00:21',3,1251,11),(2116,'eu, euismod ac,','2020-04-26 12:55:06',2,816,2),(2117,'mauris erat eget ipsum. Suspendisse sagittis. Nullam vitae diam. Proin','2020-10-31 19:23:17',2,2177,5),(2118,'mauris erat','2019-04-03 13:33:44',1,1229,1),(2119,'Nam ac','2020-09-20 15:09:45',1,1874,11),(2120,'ipsum. Donec','2020-06-19 20:05:58',2,1365,10),(2121,'mauris blandit mattis. Cras eget nisi dictum','2019-10-20 15:59:18',3,2199,5),(2122,'tellus lorem eu metus. In lorem.','2019-01-02 22:05:31',2,1242,2),(2123,'Sed congue,','2019-02-23 20:41:00',2,308,6),(2124,'lacinia.','2019-09-13 17:42:08',3,1077,7),(2125,'dui. Fusce aliquam, enim nec tempus scelerisque, lorem ipsum','2019-11-01 14:34:17',2,1134,11),(2126,'sapien. Cras','2019-03-04 18:48:57',3,1621,3),(2127,'scelerisque neque. Nullam','2020-09-03 14:10:05',2,476,5),(2128,'urna suscipit nonummy. Fusce fermentum fermentum arcu.','2019-12-03 05:32:34',3,255,4),(2129,'risus. Donec egestas. Aliquam nec enim. Nunc ut','2019-02-02 12:51:53',2,1185,5),(2130,'in faucibus','2020-01-22 07:13:49',1,1689,4),(2131,'parturient montes, nascetur ridiculus mus. Proin vel nisl.','2020-04-17 11:35:41',1,707,6),(2132,'magna et ipsum cursus vestibulum. Mauris magna.','2020-10-18 16:00:55',2,1911,3),(2133,'parturient montes, nascetur ridiculus mus. Proin vel nisl.','2019-03-06 10:04:10',1,277,11),(2134,'auctor non, feugiat','2019-06-24 16:16:24',1,920,11),(2135,'Suspendisse','2019-08-16 05:07:57',2,118,11),(2136,'non magna.','2019-12-24 02:19:38',3,1709,10),(2137,'Nulla semper tellus id nunc interdum feugiat. Sed nec metus','2020-07-23 22:23:49',1,1895,9),(2138,'lacus. Nulla tincidunt, neque vitae semper egestas,','2020-07-15 13:14:08',3,70,2),(2139,'neque sed dictum eleifend, nunc risus varius orci, in consequat','2019-10-12 23:40:36',2,2105,6),(2140,'consequat','2020-04-24 04:53:20',2,734,6),(2141,'at lacus.','2019-04-23 15:53:12',2,770,1),(2142,'lacinia vitae, sodales at, velit.','2019-06-06 06:04:06',1,1266,4),(2143,'Fusce','2020-07-13 12:32:58',2,1229,7),(2144,'non quam. Pellentesque habitant morbi','2020-09-03 03:02:06',1,1288,11),(2145,'arcu eu odio tristique','2019-02-05 07:04:21',1,1903,10),(2146,'pede, nonummy ut, molestie in, tempus eu, ligula. Aenean euismod','2020-07-13 21:31:49',1,87,11),(2147,'diam vel','2020-09-10 09:58:31',1,1184,9),(2148,'neque vitae semper egestas, urna justo faucibus lectus, a sollicitudin','2019-02-12 08:56:41',3,1799,5),(2149,'a','2019-11-23 00:40:23',2,218,8),(2150,'Nullam feugiat placerat velit. Quisque varius.','2020-08-11 00:23:10',2,129,10),(2151,'pede nec ante blandit','2019-09-10 17:34:20',1,588,9),(2152,'sapien. Cras dolor dolor, tempus non, lacinia','2020-06-04 22:34:51',2,143,10),(2153,'molestie tellus. Aenean egestas hendrerit neque. In ornare sagittis','2019-10-16 23:24:01',1,2020,10),(2154,'orci. Ut semper pretium neque. Morbi quis urna.','2019-10-10 16:28:38',2,477,8),(2155,'Lorem ipsum dolor sit amet, consectetuer adipiscing','2020-07-30 02:15:54',1,2046,5),(2156,'luctus lobortis. Class aptent taciti sociosqu ad litora torquent','2019-04-17 21:23:48',2,1038,4),(2157,'libero. Morbi accumsan laoreet','2019-10-11 02:59:43',3,1962,2),(2158,'vel','2019-01-19 14:45:37',1,885,1),(2159,'Donec feugiat metus sit','2020-07-14 10:21:39',2,2199,8),(2160,'augue. Sed molestie. Sed id risus quis diam luctus lobortis.','2020-05-28 18:15:56',3,852,4),(2161,'id','2019-06-22 07:47:55',3,601,8),(2162,'ac libero nec','2019-05-18 14:15:11',3,234,10),(2163,'Fusce aliquam, enim','2019-12-12 23:43:05',2,1896,7),(2164,'diam nunc, ullamcorper','2019-02-03 18:55:33',1,507,11),(2165,'Fusce','2019-04-22 19:48:39',2,854,7),(2166,'bibendum fermentum metus. Aenean sed pede nec','2020-02-03 12:17:08',2,105,3),(2167,'Etiam laoreet,','2020-06-25 02:46:06',3,988,2),(2168,'id, erat. Etiam vestibulum massa rutrum magna. Cras convallis convallis','2020-08-21 07:15:19',1,960,2),(2169,'semper pretium neque. Morbi quis urna.','2019-01-09 00:08:35',1,196,4),(2170,'nec metus facilisis lorem','2020-06-02 10:14:43',2,1942,5),(2171,'feugiat tellus lorem eu metus. In lorem. Donec elementum, lorem','2019-01-31 21:41:24',1,533,10),(2172,'cursus purus. Nullam scelerisque neque sed sem egestas','2019-07-05 20:10:34',2,1820,3),(2173,'neque vitae semper egestas, urna justo faucibus','2019-08-23 10:24:22',1,1813,9),(2174,'ornare, lectus ante dictum mi, ac mattis velit justo','2020-07-18 06:23:09',2,1095,4),(2175,'pretium neque. Morbi quis urna. Nunc quis arcu vel','2019-08-30 07:14:57',3,557,10),(2176,'posuere','2020-06-17 12:23:17',3,1656,2),(2177,'Suspendisse sagittis. Nullam','2019-07-29 03:11:08',2,1755,1),(2178,'tortor nibh sit amet orci. Ut sagittis','2020-07-03 06:17:29',3,1827,2),(2179,'sagittis placerat. Cras dictum ultricies ligula. Nullam enim.','2019-08-25 12:12:06',1,946,9),(2180,'tellus id nunc interdum feugiat.','2019-07-11 14:44:57',1,900,8),(2181,'enim. Nunc ut erat. Sed nunc est, mollis non,','2019-02-08 14:00:54',1,11,3),(2182,'ornare. In faucibus. Morbi vehicula. Pellentesque tincidunt tempus risus.','2020-08-04 10:01:55',2,137,10),(2183,'dictum. Phasellus in felis. Nulla tempor','2020-05-19 09:57:58',3,520,2),(2184,'fames ac turpis egestas. Aliquam fringilla cursus purus. Nullam','2019-11-25 19:58:49',3,1807,3),(2185,'ipsum primis in faucibus orci luctus et ultrices posuere','2019-01-18 01:10:22',1,886,2),(2186,'neque','2019-10-30 04:46:10',1,717,11),(2187,'cursus a, enim. Suspendisse aliquet, sem ut cursus','2019-07-07 17:25:21',3,499,1),(2188,'Vivamus nisi.','2019-02-24 04:08:57',3,269,1),(2189,'fermentum arcu.','2019-08-10 10:43:17',1,1260,2),(2190,'et magnis dis parturient montes, nascetur','2019-07-01 21:46:38',2,1151,11),(2191,'arcu. Curabitur ut odio vel est tempor','2019-04-13 06:09:07',2,1733,8),(2192,'cursus et, eros. Proin ultrices. Duis','2019-06-14 14:08:15',3,1332,6),(2193,'mi felis, adipiscing','2020-10-18 00:15:30',2,1240,9),(2194,'vulputate, lacus. Cras interdum. Nunc sollicitudin','2019-10-12 09:53:33',2,1103,7),(2195,'mauris. Integer sem','2019-04-27 00:16:02',3,1199,7),(2196,'pede, nonummy ut, molestie in, tempus','2019-03-10 21:48:44',3,154,2),(2197,'neque tellus, imperdiet non, vestibulum nec,','2019-07-25 17:32:27',2,1803,9),(2198,'nisl arcu iaculis','2020-07-24 03:51:47',1,403,3),(2199,'nec, leo. Morbi neque','2020-07-24 16:21:22',1,995,9),(2200,'Sed diam lorem, auctor quis, tristique','2019-09-23 09:31:32',2,1651,8),(2201,'iaculis','2019-07-08 14:56:02',2,802,10),(2202,'posuere cubilia Curae; Donec tincidunt. Donec','2019-01-08 18:03:45',2,1801,9),(2203,'eu enim. Etiam imperdiet dictum','2019-12-06 09:04:58',2,1354,8),(2204,'lobortis mauris. Suspendisse aliquet molestie tellus. Aenean egestas hendrerit','2019-04-27 05:11:41',2,765,10),(2205,'eget, venenatis a, magna. Lorem ipsum dolor sit amet, consectetuer','2019-11-11 00:25:19',3,1504,6),(2206,'luctus felis purus ac tellus. Suspendisse sed dolor.','2019-07-28 02:09:55',1,840,1),(2207,'aliquet molestie tellus. Aenean egestas','2020-02-18 09:44:23',1,1273,8),(2208,'arcu eu odio tristique','2019-02-23 09:50:24',1,1171,2),(2209,'Sed','2019-04-16 15:41:33',2,240,2),(2210,'lacus. Ut nec urna et','2019-06-14 03:57:00',2,1922,7),(2211,'ut mi. Duis risus odio,','2019-06-19 09:11:48',3,279,2),(2212,'id enim. Curabitur massa. Vestibulum accumsan neque et','2019-07-28 17:18:36',1,905,11),(2213,'eget odio. Aliquam','2019-07-10 11:45:59',3,1200,3),(2214,'ipsum dolor sit amet, consectetuer','2020-01-29 21:24:40',1,585,11),(2215,'mauris sit amet','2019-07-19 16:11:46',3,2176,8),(2216,'Proin non massa non ante','2019-01-18 12:11:47',2,1483,6),(2217,'Donec sollicitudin adipiscing ligula. Aenean gravida nunc sed pede. Cum','2019-08-30 22:33:12',1,76,1),(2218,'in molestie tortor nibh','2019-03-28 09:26:18',2,1513,5),(2219,'dolor. Donec fringilla. Donec feugiat metus sit','2020-06-03 11:29:43',2,830,8),(2220,'varius. Nam porttitor scelerisque neque.','2019-01-12 09:04:39',1,488,3),(2221,'Nulla eget metus eu erat semper rutrum. Fusce dolor','2020-02-08 00:54:30',1,697,9),(2222,'enim','2019-04-25 07:50:48',2,108,5),(2223,'ipsum primis in faucibus orci luctus et ultrices','2019-03-08 22:25:53',2,764,2),(2224,'non, luctus sit amet, faucibus ut, nulla.','2019-08-13 07:33:01',3,1327,1),(2225,'risus odio, auctor vitae, aliquet nec, imperdiet nec,','2019-01-27 22:32:01',1,71,3),(2226,'pretium neque. Morbi quis urna. Nunc','2019-07-02 22:00:38',3,1319,8),(2227,'mollis lectus pede et risus. Quisque libero lacus, varius','2020-09-05 06:26:12',2,706,10),(2228,'pede ac urna. Ut tincidunt vehicula risus. Nulla','2019-01-07 06:43:59',2,894,4),(2229,'mollis. Duis sit amet diam eu dolor','2019-09-12 03:24:01',2,1374,2),(2230,'Nullam velit dui, semper','2020-09-02 06:16:03',1,367,3),(2231,'hendrerit neque. In ornare sagittis felis. Donec tempor, est ac','2019-06-10 09:02:22',2,1229,8),(2232,'Proin dolor. Nulla semper','2019-01-29 11:27:31',1,2105,5),(2233,'quam quis diam. Pellentesque habitant morbi tristique','2020-06-23 21:20:55',3,139,11),(2234,'ipsum. Phasellus vitae mauris sit amet lorem semper auctor.','2019-09-28 02:28:45',1,826,1),(2235,'Etiam ligula tortor,','2019-01-15 17:48:46',2,1794,11),(2236,'facilisis eget, ipsum. Donec sollicitudin adipiscing','2019-09-16 07:08:10',1,207,9),(2237,'sodales','2019-06-12 11:40:35',2,1527,6),(2238,'posuere at, velit.','2019-10-18 13:35:12',3,2197,3),(2239,'pellentesque eget, dictum placerat, augue. Sed molestie. Sed id risus','2020-07-13 11:46:14',1,1435,10),(2240,'justo nec ante. Maecenas mi','2019-12-10 06:06:22',1,1550,2),(2241,'sed, est. Nunc laoreet lectus quis massa. Mauris','2019-10-17 08:29:55',1,2127,8),(2242,'quis accumsan convallis, ante lectus convallis','2019-06-20 12:44:26',1,1361,3),(2243,'est. Mauris eu turpis. Nulla aliquet. Proin','2019-06-03 18:04:31',2,1375,2),(2244,'Proin nisl','2019-10-06 01:45:16',3,1905,1),(2245,'magna et ipsum','2019-01-29 16:25:37',1,808,11),(2246,'montes, nascetur ridiculus mus. Aenean eget magna. Suspendisse tristique','2020-06-15 20:49:01',1,2125,7),(2247,'non leo. Vivamus','2019-04-21 05:50:17',3,1632,11),(2248,'amet, consectetuer adipiscing elit. Etiam laoreet, libero et','2019-08-09 08:34:38',3,1802,1),(2249,'Quisque porttitor eros nec tellus. Nunc lectus pede, ultrices','2019-03-11 09:19:34',2,101,4),(2250,'tincidunt, nunc ac mattis ornare, lectus ante','2019-05-15 08:07:46',2,1807,7),(2251,'arcu. Vestibulum ut eros non enim commodo','2019-12-11 02:27:42',1,1089,3),(2252,'malesuada augue ut lacus. Nulla tincidunt, neque vitae','2020-06-27 17:24:05',3,1648,11),(2253,'ipsum dolor sit amet, consectetuer adipiscing','2020-07-05 12:29:39',3,1437,10),(2254,'id ante dictum cursus. Nunc','2019-10-30 23:15:58',2,1046,6),(2255,'Ut tincidunt vehicula risus. Nulla eget metus eu','2019-08-17 07:15:38',2,548,10),(2256,'fermentum metus. Aenean sed pede nec ante','2019-01-23 16:08:14',2,239,10),(2257,'non massa non','2019-09-05 02:47:36',2,757,5),(2258,'nec luctus felis purus ac tellus. Suspendisse sed dolor. Fusce','2020-03-09 02:15:28',3,272,10),(2259,'convallis ligula. Donec luctus','2019-03-29 02:22:45',1,705,1),(2260,'velit dui, semper et, lacinia vitae, sodales','2020-06-06 14:29:23',1,1194,7),(2261,'massa. Suspendisse eleifend. Cras sed leo. Cras vehicula aliquet','2019-04-13 14:23:13',1,1701,7),(2262,'laoreet, libero et tristique pellentesque, tellus sem mollis dui,','2020-08-19 14:10:59',2,1089,10),(2263,'Praesent luctus. Curabitur egestas nunc sed','2019-01-21 23:19:22',2,2104,1),(2264,'taciti sociosqu ad','2019-10-04 00:21:23',1,1087,6),(2265,'purus','2019-08-28 16:55:09',3,1054,5),(2266,'ligula eu enim. Etiam imperdiet dictum magna. Ut','2019-02-21 06:51:10',3,1895,3),(2267,'gravida. Praesent eu','2019-08-09 08:37:16',2,521,10),(2268,'Aliquam tincidunt, nunc ac mattis ornare,','2020-06-12 12:51:04',2,1555,11),(2269,'Quisque tincidunt pede ac urna. Ut tincidunt vehicula risus.','2019-05-09 14:53:18',2,918,3),(2270,'sodales purus, in molestie tortor nibh','2019-05-03 12:28:13',2,835,11),(2271,'non, egestas a, dui. Cras pellentesque. Sed','2019-06-10 20:39:53',3,346,6),(2272,'ac libero nec ligula consectetuer rhoncus. Nullam velit dui, semper','2019-08-15 02:04:46',2,904,4),(2273,'sociis natoque','2020-07-06 17:21:34',1,443,9),(2274,'torquent','2019-10-12 14:04:47',3,1857,11),(2275,'nibh lacinia orci, consectetuer euismod est arcu ac orci. Ut','2020-02-09 05:29:28',2,615,7),(2276,'lorem, vehicula et, rutrum eu, ultrices','2020-06-30 00:59:13',2,724,3),(2277,'Aliquam auctor, velit eget laoreet posuere, enim nisl elementum purus,','2019-06-30 18:45:47',2,3,10),(2278,'risus. Donec nibh enim,','2019-03-21 22:13:14',3,63,10),(2279,'mauris sapien,','2019-03-04 02:36:06',1,317,5),(2280,'lorem tristique aliquet. Phasellus fermentum convallis ligula. Donec luctus','2019-01-20 10:35:41',2,773,11),(2281,'gravida. Praesent eu','2020-04-24 05:00:19',2,290,7),(2282,'Etiam bibendum','2019-04-26 00:44:37',1,1612,4),(2283,'mauris, rhoncus id, mollis nec, cursus a, enim. Suspendisse','2019-01-26 22:29:12',1,1045,11),(2284,'nibh. Donec est mauris, rhoncus id, mollis nec, cursus a,','2020-09-24 02:06:02',2,1697,1),(2285,'ullamcorper, velit in aliquet lobortis, nisi nibh lacinia orci, consectetuer','2019-03-31 07:09:34',1,1011,9),(2286,'est, vitae sodales nisi magna sed dui. Fusce aliquam, enim','2019-04-29 13:34:33',1,1876,5),(2287,'gravida. Praesent eu nulla at sem','2019-07-04 11:56:05',2,959,1),(2288,'Pellentesque','2019-08-31 19:53:28',1,418,10),(2289,'ut mi. Duis risus odio, auctor vitae, aliquet nec, imperdiet','2020-10-08 20:17:21',3,233,11),(2290,'Aenean egestas hendrerit neque. In ornare sagittis felis. Donec','2019-06-07 03:43:43',1,165,1),(2291,'euismod urna. Nullam lobortis quam a felis ullamcorper viverra.','2019-05-29 21:40:21',2,591,7),(2292,'fermentum vel, mauris. Integer sem elit, pharetra','2020-07-22 04:19:35',2,402,11),(2293,'erat semper','2020-01-10 22:17:41',1,2062,10),(2294,'In ornare sagittis felis. Donec tempor, est ac mattis semper,','2020-07-01 04:21:17',3,1706,9),(2295,'magna. Ut tincidunt orci quis lectus. Nullam suscipit, est','2019-07-17 15:13:37',3,1417,6),(2296,'rhoncus. Donec','2019-07-10 17:01:24',2,1564,7),(2297,'Integer','2020-08-21 00:10:48',1,1003,4),(2298,'Quisque imperdiet, erat nonummy','2019-08-27 18:55:53',3,1366,3),(2299,'tempus,','2019-05-05 12:26:05',3,983,6),(2300,'felis eget varius ultrices, mauris ipsum porta elit,','2020-07-21 15:01:19',2,1700,2),(2301,'ligula.','2019-08-11 02:51:51',3,339,1),(2302,'semper auctor. Mauris vel turpis.','2020-08-01 14:01:48',3,1912,4),(2303,'orci. Ut','2019-10-03 02:53:17',2,842,9),(2304,'feugiat placerat velit. Quisque varius. Nam','2020-02-11 07:04:42',2,2038,6),(2305,'Nam nulla magna,','2019-04-23 08:29:24',2,1988,4),(2306,'laoreet lectus quis massa. Mauris vestibulum, neque sed dictum','2020-05-31 17:29:16',1,1227,5),(2307,'auctor non,','2019-05-29 06:55:40',3,832,5),(2308,'sem ut','2020-06-01 03:56:21',1,614,9),(2309,'tincidunt, neque vitae','2019-11-06 01:31:18',3,891,6),(2310,'mauris eu elit. Nulla facilisi. Sed neque. Sed','2019-08-24 16:53:19',1,114,11),(2311,'interdum feugiat. Sed nec','2019-02-08 11:41:42',1,631,2),(2312,'est. Nunc laoreet','2020-07-26 23:39:41',1,1001,7),(2313,'risus. Nulla eget','2019-06-22 07:30:23',2,457,9),(2314,'nunc, ullamcorper eu, euismod ac, fermentum vel, mauris. Integer','2019-07-11 00:15:16',3,361,7),(2315,'in aliquet lobortis, nisi nibh lacinia orci, consectetuer euismod est','2020-03-01 00:24:10',1,335,7),(2316,'Nunc lectus pede, ultrices a, auctor non, feugiat','2019-01-23 13:42:41',2,1339,9),(2317,'Integer vitae nibh. Donec est mauris, rhoncus id,','2019-04-11 17:18:24',1,108,4),(2318,'convallis','2020-10-22 19:19:24',2,1435,9),(2319,'et ipsum','2020-02-20 18:22:02',2,1672,9),(2320,'dictum cursus. Nunc mauris elit, dictum eu, eleifend nec, malesuada','2019-04-19 03:17:42',2,569,11),(2321,'Mauris molestie','2019-06-19 20:12:42',1,2031,1),(2322,'Aenean eget metus. In nec orci. Donec nibh. Quisque','2020-01-27 02:57:17',2,593,7),(2323,'at sem molestie sodales.','2019-08-12 23:10:07',2,1898,2),(2324,'est tempor bibendum. Donec felis orci, adipiscing','2019-07-21 17:46:08',1,1050,1),(2325,'orci. Phasellus dapibus quam quis diam. Pellentesque habitant','2020-10-22 20:04:42',2,894,7),(2326,'vulputate, lacus. Cras interdum. Nunc sollicitudin','2020-06-21 11:41:37',1,1274,3),(2327,'Integer tincidunt aliquam arcu.','2020-06-15 09:55:02',1,1664,2),(2328,'Proin velit. Sed malesuada augue ut lacus. Nulla tincidunt,','2019-04-19 17:08:32',2,2057,6),(2329,'commodo','2020-03-18 08:13:03',2,821,3),(2330,'facilisis','2020-07-22 01:26:40',2,245,2),(2331,'consequat, lectus sit amet luctus vulputate, nisi sem','2019-10-07 16:22:56',3,851,8),(2332,'sodales. Mauris blandit enim consequat purus. Maecenas libero est,','2019-07-09 17:23:11',2,784,7),(2333,'nulla ante, iaculis nec, eleifend','2020-09-17 07:07:38',3,579,9),(2334,'eget mollis lectus pede et risus. Quisque libero lacus,','2020-07-18 01:52:53',3,1041,9),(2335,'leo elementum sem, vitae aliquam','2019-06-07 01:59:36',1,1909,10),(2336,'Nulla tincidunt, neque vitae semper','2020-08-02 09:11:08',1,1400,6),(2337,'tempus eu, ligula. Aenean euismod mauris eu','2020-09-08 22:01:27',2,1416,11),(2338,'ut eros non enim commodo hendrerit. Donec','2019-03-09 02:33:05',3,891,3),(2339,'Nullam','2019-02-04 05:04:40',3,31,11),(2340,'ante','2019-11-11 15:58:01',1,1453,4),(2341,'placerat velit. Quisque varius. Nam porttitor scelerisque neque. Nullam','2020-03-21 07:28:10',2,1970,4),(2342,'Nunc ut erat. Sed','2019-07-15 19:31:14',2,1132,7),(2343,'tristique ac, eleifend vitae, erat.','2019-03-04 09:33:18',2,2019,7),(2344,'sit amet luctus vulputate, nisi sem semper','2020-07-29 11:58:05',2,226,8),(2345,'libero dui nec','2019-04-23 22:22:49',3,1407,5),(2346,'Aliquam tincidunt, nunc ac mattis ornare, lectus ante dictum mi,','2019-04-30 06:23:01',3,1626,6),(2347,'sem magna nec quam. Curabitur','2019-09-05 23:56:32',1,1371,4),(2348,'nibh. Donec est','2019-02-20 12:57:17',2,238,3),(2349,'Nulla semper tellus id nunc interdum feugiat.','2020-03-16 07:34:17',3,301,8),(2350,'in, cursus et, eros. Proin ultrices.','2020-06-19 08:22:07',3,149,10),(2351,'et ultrices posuere cubilia Curae; Phasellus ornare. Fusce','2019-03-10 05:54:16',1,1188,4),(2352,'non enim commodo hendrerit. Donec porttitor tellus non magna. Nam','2019-03-11 10:56:23',3,1336,7),(2353,'ligula consectetuer rhoncus. Nullam','2020-09-25 20:18:21',1,376,9),(2354,'velit. Sed malesuada','2020-06-07 18:04:18',1,603,9),(2355,'in molestie tortor nibh sit amet orci.','2019-11-20 21:53:24',3,1674,11),(2356,'sit amet metus. Aliquam erat volutpat. Nulla facilisis. Suspendisse commodo','2019-03-09 21:50:49',1,52,2),(2357,'erat volutpat. Nulla dignissim. Maecenas','2019-02-10 14:40:35',2,345,11),(2358,'Class aptent taciti sociosqu ad litora torquent','2020-06-20 06:17:11',2,1117,2),(2359,'a','2019-07-30 16:28:32',1,179,3),(2360,'dolor','2019-09-22 10:26:47',1,516,9),(2361,'lorem fringilla ornare placerat, orci lacus vestibulum lorem,','2020-02-07 14:34:33',1,44,7),(2362,'non, vestibulum nec, euismod in, dolor. Fusce feugiat. Lorem','2019-01-14 22:48:17',3,1917,10),(2363,'nulla. Integer vulputate, risus a','2019-10-31 06:37:34',3,1216,2),(2364,'Mauris molestie pharetra nibh. Aliquam ornare,','2020-03-26 02:20:15',2,300,9),(2365,'in faucibus orci luctus et ultrices posuere cubilia Curae;','2019-03-09 16:48:09',3,1383,2),(2366,'ornare, elit elit fermentum','2020-07-12 06:12:54',2,266,10),(2367,'In','2019-04-15 02:22:27',3,2095,3),(2368,'vestibulum massa rutrum magna. Cras','2019-02-12 11:14:05',2,2056,6),(2369,'est, congue a, aliquet vel, vulputate eu, odio. Phasellus','2019-10-28 07:59:08',2,1614,4),(2370,'diam lorem, auctor quis, tristique ac, eleifend vitae,','2020-09-15 17:38:27',1,2020,8),(2371,'eu elit. Nulla facilisi. Sed neque.','2019-09-26 12:56:23',2,2158,2),(2372,'Donec non justo. Proin non massa non ante bibendum','2019-10-18 19:59:09',1,2,2),(2373,'ridiculus mus. Aenean eget magna. Suspendisse tristique neque venenatis','2019-03-03 21:35:36',1,458,6),(2374,'magnis dis parturient montes, nascetur ridiculus mus. Proin vel nisl.','2020-06-06 11:33:49',2,1687,11),(2375,'augue id','2019-06-02 07:49:33',1,2179,3),(2376,'eget massa. Suspendisse eleifend.','2020-05-12 02:58:31',2,1907,10),(2377,'malesuada. Integer id magna et ipsum','2020-09-07 04:06:08',2,1614,1),(2378,'arcu imperdiet ullamcorper.','2020-04-07 16:12:12',3,903,7),(2379,'dictum cursus.','2019-05-19 23:31:50',2,1554,9),(2380,'facilisis, magna tellus faucibus','2019-07-03 00:56:25',3,966,1),(2381,'lectus rutrum urna, nec luctus felis','2019-10-15 09:23:45',2,199,9),(2382,'risus odio, auctor vitae, aliquet nec, imperdiet','2019-06-24 01:50:56',1,1658,5),(2383,'varius orci, in consequat','2019-01-21 00:29:27',2,501,3),(2384,'et ultrices posuere cubilia Curae; Phasellus ornare. Fusce mollis.','2019-10-21 04:14:59',2,806,3),(2385,'id sapien.','2020-04-16 18:27:29',3,738,6),(2386,'mauris. Suspendisse aliquet molestie','2019-06-01 09:47:29',1,1980,1),(2387,'lectus pede, ultrices a, auctor non, feugiat nec,','2019-07-16 23:38:48',1,2179,9),(2388,'augue','2019-09-06 18:44:49',3,2112,5),(2389,'quis, pede. Praesent eu dui. Cum sociis natoque penatibus et','2020-08-27 23:49:30',3,716,9),(2390,'Donec nibh. Quisque nonummy ipsum non','2020-03-15 15:13:29',2,220,6),(2391,'ornare. In faucibus. Morbi','2019-05-21 23:55:48',1,367,4),(2392,'lorem ac risus. Morbi metus. Vivamus euismod urna. Nullam lobortis','2020-07-06 06:27:51',2,737,11),(2393,'sed, est. Nunc laoreet lectus quis massa. Mauris','2019-06-24 23:00:35',1,1900,4),(2394,'purus, in molestie tortor nibh sit amet orci. Ut','2019-10-12 04:06:58',3,2023,10),(2395,'malesuada ut, sem. Nulla interdum.','2020-07-25 20:18:11',3,376,7),(2396,'velit. Pellentesque ultricies dignissim lacus. Aliquam rutrum lorem','2020-05-31 01:03:24',3,1814,1),(2397,'lacus. Ut nec urna et arcu imperdiet ullamcorper. Duis','2020-03-10 21:01:57',2,115,6),(2398,'vulputate, nisi sem semper erat, in consectetuer ipsum','2019-07-21 01:22:40',1,1764,5),(2399,'ligula. Aenean gravida nunc sed pede. Cum sociis','2019-04-02 11:04:56',2,557,1),(2400,'quis massa. Mauris vestibulum, neque sed dictum eleifend, nunc','2020-10-04 12:12:17',2,1273,8),(2401,'morbi tristique senectus et','2019-07-31 12:52:34',1,1293,9),(2402,'netus et malesuada fames ac turpis','2019-02-17 07:42:31',2,683,9),(2403,'lorem ac risus. Morbi metus. Vivamus','2020-05-08 17:04:34',1,219,5),(2404,'nibh sit','2020-06-06 16:39:25',1,944,2),(2405,'Integer eu lacus.','2020-08-14 20:12:07',1,2125,2),(2406,'dolor sit amet, consectetuer adipiscing elit.','2019-10-29 00:56:14',1,419,5),(2407,'mattis. Cras eget','2020-01-02 12:43:53',3,1126,9),(2408,'molestie in, tempus eu, ligula. Aenean euismod mauris eu elit.','2020-06-01 00:28:53',3,1280,4),(2409,'eget varius ultrices,','2020-09-24 14:17:08',2,2020,5),(2410,'auctor vitae, aliquet','2020-02-22 14:40:14',3,1973,5),(2411,'risus. Donec egestas. Duis','2020-08-16 21:30:40',2,2147,10),(2412,'ut lacus. Nulla','2020-06-09 19:18:31',2,583,7),(2413,'Phasellus nulla. Integer vulputate, risus a ultricies adipiscing, enim','2020-04-28 01:20:07',3,1651,6),(2414,'nibh sit amet','2019-03-24 00:30:07',1,444,10),(2415,'nunc id enim. Curabitur massa. Vestibulum','2020-06-03 07:28:07',1,685,4),(2416,'vel lectus.','2019-04-04 21:18:47',3,1056,7),(2417,'dui quis accumsan convallis, ante lectus convallis est,','2020-06-19 17:25:07',1,114,6),(2418,'Nulla tempor augue ac ipsum.','2019-06-03 10:21:56',2,74,5),(2419,'at arcu. Vestibulum','2020-08-02 17:30:36',3,290,8),(2420,'In condimentum. Donec at arcu. Vestibulum ante ipsum primis','2019-05-22 02:46:19',1,434,7),(2421,'Nam consequat dolor vitae dolor. Donec fringilla. Donec','2019-10-05 11:49:31',2,2082,4),(2422,'congue, elit sed','2020-08-06 14:40:02',1,1264,11),(2423,'diam at pretium aliquet, metus urna','2019-02-12 16:04:26',3,1117,11),(2424,'eget laoreet','2019-06-29 04:25:11',1,1303,8),(2425,'mi. Duis risus odio, auctor vitae, aliquet','2020-04-12 19:05:50',1,2070,9),(2426,'non justo. Proin non','2019-11-11 17:30:09',1,440,3),(2427,'eu tellus','2019-06-07 12:07:40',3,1078,6),(2428,'felis, adipiscing','2019-01-04 15:59:09',2,193,6),(2429,'consequat','2019-08-17 02:02:01',3,1509,9),(2430,'Integer in magna. Phasellus dolor elit, pellentesque a, facilisis','2019-06-15 03:06:45',1,1387,10),(2431,'dolor elit, pellentesque a, facilisis non,','2020-04-08 14:55:57',3,635,11),(2432,'ac, fermentum vel,','2020-08-14 03:22:48',3,2096,11),(2433,'elit,','2019-01-30 00:40:59',2,281,10),(2434,'in, dolor. Fusce feugiat. Lorem ipsum dolor sit amet,','2019-06-17 02:15:51',3,799,11),(2435,'tincidunt tempus risus. Donec egestas. Duis ac','2020-03-04 13:50:40',2,525,4),(2436,'id, libero. Donec consectetuer mauris id sapien.','2019-04-04 02:56:45',3,1194,6),(2437,'conubia nostra, per inceptos hymenaeos. Mauris ut quam vel','2019-06-07 16:44:38',3,509,8),(2438,'tellus non magna. Nam ligula elit, pretium et, rutrum','2019-03-18 00:35:28',3,1881,4),(2439,'ligula. Aliquam erat volutpat. Nulla dignissim. Maecenas ornare','2019-05-10 15:47:00',1,1572,3),(2440,'luctus','2019-04-20 13:03:40',2,1714,9),(2441,'eget lacus. Mauris non dui','2020-09-11 12:58:45',3,983,11),(2442,'eu tempor erat neque non quam. Pellentesque','2019-02-24 23:15:25',1,2019,11),(2443,'Sed neque. Sed eget','2019-10-13 19:22:41',1,629,9),(2444,'enim. Sed nulla ante, iaculis nec, eleifend non,','2020-03-03 17:46:33',2,343,10),(2445,'imperdiet dictum magna. Ut tincidunt orci','2020-02-14 07:42:50',3,1117,11),(2446,'sem egestas blandit. Nam nulla magna, malesuada vel, convallis in,','2020-04-15 11:26:25',2,475,2),(2447,'est ac mattis semper, dui lectus','2019-07-25 12:23:17',1,1804,5),(2448,'lacus.','2020-06-04 11:34:51',3,1556,4),(2449,'sapien. Cras dolor dolor,','2019-03-26 02:55:43',1,648,4),(2450,'Aenean massa. Integer vitae nibh. Donec','2019-03-20 17:55:33',3,521,7),(2451,'eu tempor erat neque','2019-03-24 04:04:35',1,235,3),(2452,'ante ipsum primis in faucibus orci luctus','2020-07-23 04:00:43',2,980,8),(2453,'tempor diam dictum sapien. Aenean massa. Integer vitae nibh.','2020-06-20 15:32:28',3,143,2),(2454,'est. Mauris eu turpis. Nulla aliquet. Proin velit. Sed','2020-02-14 01:06:58',2,1052,11),(2455,'orci.','2020-07-01 05:05:23',2,1342,7),(2456,'Fusce fermentum fermentum arcu. Vestibulum ante ipsum primis in','2019-03-01 14:32:43',2,1788,6),(2457,'velit dui, semper et, lacinia vitae, sodales','2020-07-16 12:48:52',3,1947,2),(2458,'ornare','2019-05-22 14:42:38',2,45,7),(2459,'egestas. Fusce aliquet magna a neque. Nullam ut nisi a','2019-06-21 14:26:48',1,2050,2),(2460,'luctus aliquet odio. Etiam ligula tortor, dictum eu,','2020-06-11 06:53:20',2,1601,7),(2461,'cursus. Integer','2020-03-21 17:24:31',1,1746,1),(2462,'quam dignissim pharetra. Nam ac nulla. In tincidunt congue','2020-06-12 17:13:29',1,1052,1),(2463,'tempor','2019-10-06 12:39:28',1,1303,6),(2464,'fermentum fermentum arcu. Vestibulum ante ipsum primis in faucibus orci','2020-06-04 03:26:12',3,845,11),(2465,'ultricies ligula. Nullam enim. Sed nulla','2019-08-31 17:42:35',1,590,11),(2466,'mi, ac mattis velit justo nec ante.','2019-05-24 09:43:54',2,1127,5),(2467,'at augue id ante dictum cursus. Nunc mauris elit, dictum','2019-02-10 22:48:12',3,1264,1),(2468,'lacus. Quisque purus sapien,','2019-09-02 12:26:08',1,1967,11),(2469,'Aliquam tincidunt, nunc ac mattis ornare,','2019-09-05 08:13:04',2,739,6),(2470,'sem eget massa. Suspendisse','2019-08-25 12:59:00',1,818,9),(2471,'nunc id enim. Curabitur','2020-07-16 07:21:36',1,1511,6),(2472,'urna, nec luctus felis purus ac tellus. Suspendisse','2019-06-01 11:47:16',3,1721,10),(2473,'diam lorem, auctor quis, tristique ac, eleifend vitae,','2019-08-04 21:14:06',2,1681,9),(2474,'ut mi. Duis risus odio, auctor vitae,','2019-04-26 18:40:30',3,33,5),(2475,'Nulla facilisis. Suspendisse commodo tincidunt nibh. Phasellus nulla.','2019-01-06 01:04:06',2,1130,11),(2476,'tortor,','2019-07-26 23:27:31',1,1164,10),(2477,'metus. Aliquam erat volutpat. Nulla facilisis.','2019-09-23 06:36:04',3,568,10),(2478,'Donec elementum, lorem ut aliquam iaculis, lacus pede','2020-06-29 17:58:24',1,138,9),(2479,'lorem,','2019-05-23 05:27:11',3,32,6),(2480,'mattis. Cras eget nisi dictum','2019-01-16 06:50:29',3,596,5),(2481,'Integer sem elit, pharetra ut, pharetra sed, hendrerit a, arcu.','2019-06-16 09:47:19',1,1943,6),(2482,'congue. In scelerisque scelerisque dui.','2019-03-23 17:33:22',3,1038,8),(2483,'sed dictum eleifend, nunc risus varius orci, in consequat','2019-09-13 07:01:31',1,1440,8),(2484,'dictum mi, ac mattis','2019-09-13 04:19:34',3,765,8),(2485,'eget varius ultrices, mauris ipsum porta elit, a','2019-01-15 03:41:26',1,617,1),(2486,'dictum. Proin eget odio. Aliquam','2019-04-02 13:18:46',3,1384,1),(2487,'lacus pede sagittis augue,','2020-08-20 06:10:43',1,1784,11),(2488,'tellus.','2020-06-25 03:39:48',2,512,6),(2489,'Quisque fringilla euismod enim.','2019-02-11 02:23:36',3,1045,5),(2490,'penatibus et magnis','2020-04-04 10:25:53',3,258,2),(2491,'Sed diam lorem, auctor quis, tristique ac,','2020-07-21 04:06:49',1,469,5),(2492,'a nunc. In at pede. Cras vulputate','2020-06-21 11:33:56',2,1579,1),(2493,'sem','2019-04-30 17:05:32',1,1897,11),(2494,'eu odio tristique pharetra. Quisque ac','2019-08-19 18:54:20',3,1526,10),(2495,'ac orci. Ut','2020-05-12 21:52:36',3,229,11),(2496,'sapien. Nunc pulvinar arcu','2019-06-05 17:02:13',1,701,6),(2497,'non quam.','2019-01-01 01:18:53',1,1775,7),(2498,'et, euismod et, commodo at,','2019-01-17 21:03:51',3,1756,3),(2499,'non','2019-01-18 16:31:36',1,513,2),(2500,'Pellentesque habitant morbi tristique senectus et netus et malesuada','2019-08-27 20:16:02',2,1006,7);
/*!40000 ALTER TABLE `mensagens` ENABLE KEYS */;
UNLOCK TABLES;

--
-- Table structure for table `status`
--

DROP TABLE IF EXISTS `status`;
/*!40101 SET @saved_cs_client     = @@character_set_client */;
/*!50503 SET character_set_client = utf8mb4 */;
CREATE TABLE `status` (
  `idstatus` int NOT NULL AUTO_INCREMENT,
  `status` varchar(45) NOT NULL,
  PRIMARY KEY (`idstatus`)
) ENGINE=InnoDB AUTO_INCREMENT=4 DEFAULT CHARSET=utf8;
/*!40101 SET character_set_client = @saved_cs_client */;

--
-- Dumping data for table `status`
--

LOCK TABLES `status` WRITE;
/*!40000 ALTER TABLE `status` DISABLE KEYS */;
INSERT INTO `status` VALUES (1,'Nova'),(2,'Aprovada'),(3,'Corrigida');
/*!40000 ALTER TABLE `status` ENABLE KEYS */;
UNLOCK TABLES;

--
-- Table structure for table `usuarios`
--

DROP TABLE IF EXISTS `usuarios`;
/*!40101 SET @saved_cs_client     = @@character_set_client */;
/*!50503 SET character_set_client = utf8mb4 */;
CREATE TABLE `usuarios` (
  `idusuario` int NOT NULL AUTO_INCREMENT,
  `nome` varchar(50) NOT NULL,
  `email` varchar(255) NOT NULL,
  `data` datetime NOT NULL,
  PRIMARY KEY (`idusuario`)
) ENGINE=InnoDB AUTO_INCREMENT=2201 DEFAULT CHARSET=utf8;
/*!40101 SET character_set_client = @saved_cs_client */;

--
-- Dumping data for table `usuarios`
--

LOCK TABLES `usuarios` WRITE;
/*!40000 ALTER TABLE `usuarios` DISABLE KEYS */;
INSERT INTO `usuarios` VALUES (1,'Alden','vel.venenatis@velturpisAliquam.co.uk','2020-06-06 10:29:31'),(2,'Jonas','Pellentesque@Fusce.edu','2019-12-29 03:23:08'),(3,'Andrew','Ut.sagittis.lobortis@elementumsemvitae.com','2019-08-18 02:50:43'),(4,'Knox','lectus@non.org','2019-05-15 07:18:26'),(5,'Ila','ac.urna.Ut@adipiscingligulaAenean.com','2019-11-21 03:20:50'),(6,'Adara','est.arcu.ac@liberoMorbi.ca','2020-05-17 09:21:58'),(7,'Thane','Proin.velit.Sed@parturientmontes.co.uk','2019-10-16 03:09:18'),(8,'Kieran','lacinia@consectetueradipiscingelit.edu','2019-11-21 09:13:42'),(9,'Ignacia','rutrum.magna@egestasDuis.ca','2019-09-30 16:15:13'),(10,'Ian','convallis.ante.lectus@tortorInteger.edu','2020-04-16 04:12:28'),(11,'Basia','nec@dignissimmagna.net','2019-12-17 05:22:22'),(12,'Aidan','cubilia@massa.org','2019-04-14 10:15:53'),(13,'Patrick','cursus.non.egestas@cubiliaCuraeDonec.net','2019-06-09 21:00:51'),(14,'Devin','sem.vitae@egetnisidictum.edu','2019-02-08 20:38:03'),(15,'Naomi','dolor.dapibus.gravida@etultrices.co.uk','2019-08-18 16:16:17'),(16,'Lara','lorem.eu@Phasellusfermentum.ca','2020-03-12 01:41:22'),(17,'Sacha','ante.blandit@augue.ca','2019-10-09 09:26:26'),(18,'Galena','facilisi.Sed@aliquetodioEtiam.edu','2019-09-04 00:34:44'),(19,'Melinda','dui.semper@laoreetposuereenim.org','2019-07-15 03:46:42'),(20,'Len','mus@volutpatNulladignissim.co.uk','2019-08-17 13:40:25'),(21,'Sybil','quam.a@ipsumcursus.edu','2019-05-20 04:43:12'),(22,'Ulla','eget.laoreet.posuere@euduiCum.org','2019-09-16 05:20:37'),(23,'Dolan','orci.consectetuer@tortornibhsit.co.uk','2019-09-13 16:53:57'),(24,'Ivana','at.libero@idante.org','2019-07-23 03:56:32'),(25,'Moses','mauris@utpellentesque.org','2020-10-26 19:01:37'),(26,'Elton','Pellentesque@ornare.com','2019-08-25 08:03:30'),(27,'Quin','venenatis@netuset.edu','2019-10-03 22:21:16'),(28,'Rafael','sociis.natoque.penatibus@vestibulum.ca','2019-01-12 05:50:03'),(29,'Sierra','montes.nascetur.ridiculus@Aliquamnecenim.edu','2020-02-03 18:56:40'),(30,'Callum','sapien.gravida.non@semper.net','2020-06-10 10:42:43'),(31,'Candace','odio.Phasellus.at@cursusaenim.com','2019-11-01 12:03:41'),(32,'Scarlet','Nulla.interdum@scelerisque.net','2019-04-16 05:33:52'),(33,'Kenyon','massa.Vestibulum@mollisnec.net','2020-06-20 20:18:23'),(34,'Kay','Mauris.molestie@Nulla.net','2019-11-11 09:22:16'),(35,'Paul','lacus.Aliquam@adipiscingelit.net','2019-02-24 12:02:53'),(36,'Akeem','arcu@fringillaeuismodenim.co.uk','2020-05-29 07:34:13'),(37,'Alexis','quis@arcuSedeu.edu','2019-09-14 18:52:13'),(38,'Leilani','turpis.Nulla.aliquet@vulputatedui.co.uk','2020-08-18 19:05:22'),(39,'Lani','tellus.lorem@ametanteVivamus.ca','2020-06-21 22:26:03'),(40,'Karen','odio.a.purus@nonummyac.net','2019-05-04 05:09:41'),(41,'Michelle','ridiculus.mus@facilisis.com','2020-06-16 01:36:13'),(42,'Xaviera','laoreet.lectus.quis@tristiquenequevenenatis.com','2020-01-27 15:48:52'),(43,'Natalie','nec.leo.Morbi@turpisegestasFusce.co.uk','2020-07-21 00:22:18'),(44,'Miriam','porttitor.scelerisque.neque@sedpedenec.ca','2019-01-04 15:18:19'),(45,'Jeanette','non@feugiatnonlobortis.edu','2019-05-14 10:00:48'),(46,'Abel','risus.quis@lobortistellus.co.uk','2020-10-18 01:09:33'),(47,'Ariana','sit@ac.edu','2019-11-23 17:50:08'),(48,'Rae','consectetuer.rhoncus@Maecenasiaculisaliquet.com','2020-08-25 17:50:29'),(49,'Ferris','leo.Vivamus.nibh@sapien.net','2019-12-15 08:50:03'),(50,'Elliott','lacinia.vitae.sodales@consectetuerrhoncus.co.uk','2019-09-17 19:18:57'),(51,'Jordan','Duis@metusIn.co.uk','2019-12-02 00:37:02'),(52,'Maite','tristique.pellentesque.tellus@Cumsociis.com','2019-05-29 21:17:26'),(53,'Jeanette','tellus.eu.augue@necmalesuadaut.net','2020-04-30 15:51:19'),(54,'Aladdin','sollicitudin.a.malesuada@egestas.edu','2019-09-18 08:10:12'),(55,'Marah','dapibus.rutrum.justo@odiosagittissemper.com','2019-07-29 10:44:54'),(56,'Timothy','Quisque@purusNullamscelerisque.co.uk','2019-11-20 16:07:19'),(57,'Dexter','ornare.lectus@vitaevelit.co.uk','2020-03-03 11:31:44'),(58,'Daryl','diam.Duis.mi@Aeneaneget.com','2020-04-30 02:43:21'),(59,'Ocean','aliquam.eros@commodoatlibero.ca','2020-05-12 11:26:55'),(60,'Shelly','id.magna@ametornarelectus.edu','2020-05-24 10:05:41'),(61,'Talon','non.enim@at.ca','2019-12-21 00:48:42'),(62,'Sean','Curae.Phasellus@Crasdolordolor.edu','2020-02-27 14:23:01'),(63,'Cairo','eu.euismod.ac@ataugueid.co.uk','2020-07-07 23:35:04'),(64,'Bernard','pretium@orcisem.ca','2020-08-27 01:32:48'),(65,'Brock','Phasellus@feugiat.edu','2020-05-12 04:52:46'),(66,'Kessie','egestas@ornareliberoat.co.uk','2019-12-28 22:16:48'),(67,'Shellie','Nunc.sed.orci@acmattissemper.co.uk','2020-08-19 19:57:06'),(68,'Hamilton','elit.elit@sed.co.uk','2019-08-27 18:32:21'),(69,'Kirsten','lobortis.Class.aptent@egetmassa.org','2019-06-27 07:52:51'),(70,'Mariam','sed@penatibuset.com','2019-05-02 17:46:10'),(71,'Edward','ridiculus.mus@eros.ca','2020-10-08 15:16:26'),(72,'Jack','placerat.eget@vel.ca','2019-04-06 05:57:18'),(73,'Nadine','In.at@tempordiamdictum.com','2020-09-02 05:26:57'),(74,'Kenyon','ornare@nulla.co.uk','2019-06-30 01:09:21'),(75,'Molly','gravida@porta.org','2019-09-28 08:58:42'),(76,'Chandler','ullamcorper.nisl.arcu@lacus.ca','2019-04-23 19:59:05'),(77,'Timothy','a.tortor@ornareelit.com','2020-10-08 05:21:01'),(78,'Shelly','eu.metus.In@magnaSuspendisse.edu','2020-05-28 06:19:58'),(79,'Silas','Sed.neque@Seddiam.ca','2019-07-26 11:18:17'),(80,'Abdul','et@pellentesqueegetdictum.net','2019-05-08 01:40:52'),(81,'Ralph','Proin.vel@odio.org','2020-08-18 13:41:51'),(82,'Maryam','a@metuseu.net','2020-07-09 07:59:32'),(83,'Eric','nunc.sed@Pellentesquehabitantmorbi.ca','2020-05-09 01:46:07'),(84,'Vladimir','vulputate.risus.a@dolor.edu','2020-04-10 21:04:26'),(85,'Yasir','Cum.sociis.natoque@Craseu.co.uk','2020-10-04 15:22:34'),(86,'Fredericka','purus@ipsumportaelit.edu','2019-04-22 21:33:07'),(87,'Kathleen','odio.Aliquam.vulputate@felis.net','2020-02-13 08:30:27'),(88,'Jarrod','lorem.eget@urnaUttincidunt.edu','2019-07-31 17:22:02'),(89,'Mia','arcu.Vestibulum.ante@augueporttitorinterdum.net','2019-08-30 07:11:41'),(90,'Forrest','diam.vel@temporbibendum.edu','2020-05-23 11:45:17'),(91,'Yvonne','Aenean@felis.com','2020-06-02 10:16:43'),(92,'Ulysses','dui@velvulputate.ca','2019-08-03 18:10:44'),(93,'Lacy','Morbi@uteros.org','2019-12-29 06:18:24'),(94,'Neville','Donec.feugiat@nequeet.com','2019-05-26 10:20:54'),(95,'Lavinia','amet@convallisligula.net','2020-04-28 13:21:53'),(96,'Vanna','amet.metus.Aliquam@enimnonnisi.com','2020-01-17 16:53:05'),(97,'Zahir','tortor.at@Nuncullamcorpervelit.org','2019-01-09 18:28:53'),(98,'Demetria','feugiat.placerat.velit@orciPhasellusdapibus.edu','2020-02-12 07:14:01'),(99,'Upton','mauris.erat.eget@Donec.ca','2019-09-30 19:12:48'),(100,'Selma','libero.mauris@maurisaliquameu.co.uk','2019-11-24 07:55:37'),(101,'Omar','turpis.vitae.purus@atlacus.edu','2020-08-28 06:27:52'),(102,'Lewis','sociis@idmagnaet.net','2019-12-15 07:57:22'),(103,'Kaden','massa@temporaugueac.org','2019-10-13 00:22:11'),(104,'Wing','et.lacinia.vitae@Nullatempor.co.uk','2019-09-08 18:20:35'),(105,'Cameron','dolor.sit.amet@nuncullamcorpereu.net','2020-10-09 05:14:31'),(106,'Abbot','blandit@sollicitudinorcisem.org','2020-08-31 16:36:55'),(107,'Jana','orci@augueSed.com','2020-03-03 09:32:34'),(108,'Anjolie','pretium@Phaselluselit.org','2020-08-05 01:34:20'),(109,'Carson','sed.dolor.Fusce@egestaslacinia.co.uk','2020-09-29 16:22:38'),(110,'Leo','Phasellus.fermentum.convallis@ametconsectetuer.org','2019-10-24 21:04:17'),(111,'Chaim','et@conubianostraper.net','2020-08-26 03:43:38'),(112,'Brody','ante.lectus.convallis@urnajusto.org','2020-03-24 07:11:12'),(113,'Cherokee','massa.Suspendisse.eleifend@nonjusto.net','2020-01-18 10:40:24'),(114,'Carol','sed@euismodmauris.net','2019-10-01 20:54:58'),(115,'Carol','id.ante@tempusnonlacinia.co.uk','2020-06-17 01:12:47'),(116,'Fredericka','posuere@dictum.net','2020-08-23 12:56:24'),(117,'Kareem','diam.nunc.ullamcorper@felisDonec.com','2019-09-13 16:36:51'),(118,'Richard','eros.Nam.consequat@elitdictumeu.com','2019-12-27 12:33:29'),(119,'Camille','mauris.ipsum@seddui.com','2019-08-30 12:38:49'),(120,'Palmer','Cras.pellentesque@Phasellus.org','2019-09-26 01:37:17'),(121,'Odessa','Duis.sit.amet@velitegetlaoreet.edu','2020-07-10 04:04:06'),(122,'Aretha','in@cursus.co.uk','2019-02-08 13:36:46'),(123,'Emerson','dapibus.gravida@estmollisnon.ca','2020-04-06 04:07:57'),(124,'Ezekiel','ut@Cum.edu','2020-10-01 20:54:42'),(125,'Ivor','semper.et@vehiculaaliquetlibero.ca','2020-09-23 04:59:30'),(126,'Lev','dictum.cursus@orciUtsagittis.com','2020-07-20 11:48:03'),(127,'Joel','sem@euneque.com','2020-06-21 10:35:52'),(128,'Moana','diam.dictum.sapien@posuereenim.co.uk','2019-01-08 06:07:05'),(129,'Sylvester','quam.quis@nulla.net','2019-05-10 01:51:40'),(130,'Zephr','a.arcu.Sed@Morbivehicula.com','2020-06-19 11:33:05'),(131,'Charles','rutrum.non.hendrerit@Sed.org','2020-01-07 04:16:37'),(132,'Gareth','Quisque@morbitristiquesenectus.org','2019-11-05 10:44:50'),(133,'Irene','sem.molestie@mauris.edu','2020-01-11 20:49:57'),(134,'Keelie','aliquet.molestie.tellus@neccursus.ca','2020-06-20 02:30:38'),(135,'Ray','penatibus@rutrum.co.uk','2019-06-14 10:31:59'),(136,'Herrod','arcu@dignissim.ca','2019-09-13 12:55:12'),(137,'Jerome','quis.diam.Pellentesque@cursuseteros.ca','2020-07-25 19:03:03'),(138,'August','odio@Suspendissedui.com','2019-03-05 11:28:10'),(139,'Reuben','orci@blanditat.net','2020-06-01 21:09:05'),(140,'Ivor','quam@dolornonummyac.com','2020-02-06 11:16:10'),(141,'Carson','Sed@Duiselementum.co.uk','2019-08-11 00:11:11'),(142,'Marshall','adipiscing.lobortis.risus@mollisnoncursus.edu','2019-10-18 15:02:48'),(143,'Colton','purus.accumsan.interdum@magna.com','2019-01-07 13:53:04'),(144,'Lesley','vel.arcu.eu@sedorci.ca','2020-06-17 07:35:54'),(145,'Peter','feugiat.Sed@sollicitudin.com','2020-07-02 06:14:15'),(146,'Ashton','quis.arcu.vel@nonummy.ca','2020-07-26 17:42:39'),(147,'Thane','rutrum.lorem.ac@interdumSedauctor.org','2019-08-28 13:53:08'),(148,'Noah','dolor.elit@Vestibulum.org','2019-08-15 15:22:53'),(149,'Basia','sed@vitaepurus.net','2019-07-09 05:09:31'),(150,'Armand','ante@eunibhvulputate.edu','2019-08-25 05:44:45'),(151,'Victoria','ipsum.nunc.id@fringillacursuspurus.edu','2019-08-09 13:30:25'),(152,'Paul','dui.nec.tempus@congueInscelerisque.org','2019-05-10 23:35:53'),(153,'Alma','Vestibulum.ante.ipsum@quam.ca','2020-04-26 00:13:39'),(154,'Denise','laoreet.libero@amalesuadaid.org','2019-05-22 17:41:34'),(155,'Derek','Etiam.bibendum@etmagna.net','2020-02-26 01:38:05'),(156,'Cade','nulla.Donec.non@quis.net','2020-06-08 10:51:10'),(157,'Hillary','lorem.eget.mollis@etmagnisdis.edu','2019-04-01 12:10:44'),(158,'Lani','quis.lectus@miacmattis.net','2020-08-31 15:07:46'),(159,'Jessamine','sed.est@cursus.net','2020-06-23 09:55:06'),(160,'Yuri','Ut.nec.urna@sedtortor.co.uk','2019-01-26 00:41:53'),(161,'Graham','eu.ligula@consequatpurusMaecenas.net','2019-08-26 20:31:50'),(162,'Cedric','amet.ornare@accumsan.org','2020-03-06 13:21:08'),(163,'Blake','pede@magnisdis.org','2019-12-24 04:36:16'),(164,'Ciara','Sed@nectellusNunc.co.uk','2019-06-05 17:40:26'),(165,'Laith','facilisis.magna@sapien.ca','2020-10-12 01:36:05'),(166,'Prescott','Suspendisse@vulputate.org','2019-01-11 10:26:35'),(167,'Ivan','mauris@libero.edu','2020-07-18 00:07:56'),(168,'Danielle','ultrices.posuere.cubilia@nisl.co.uk','2019-03-20 01:27:57'),(169,'Vincent','vitae.nibh.Donec@consectetuermaurisid.net','2019-08-26 09:08:35'),(170,'Ruby','Quisque.imperdiet@consequatauctor.edu','2019-04-30 17:38:32'),(171,'Chandler','Aliquam.fringilla.cursus@gravida.ca','2020-07-14 15:10:38'),(172,'Kato','rhoncus@egetmassa.net','2019-12-21 16:55:26'),(173,'Vincent','orci@enim.net','2019-09-19 19:34:36'),(174,'Elvis','neque.Nullam.nisl@eudoloregestas.org','2020-05-07 05:39:40'),(175,'Malachi','elit@orci.org','2019-02-07 00:37:10'),(176,'Clinton','massa.rutrum@Quisqueporttitor.edu','2020-09-11 06:04:12'),(177,'Wylie','interdum.Sed.auctor@metus.net','2019-12-02 22:00:49'),(178,'Odysseus','tortor.Nunc@eget.ca','2019-09-10 06:37:41'),(179,'Charles','ornare@necleo.net','2019-07-24 06:19:23'),(180,'Silas','Nunc@rhoncusNullamvelit.edu','2019-08-02 22:04:13'),(181,'Kato','amet@massa.net','2020-10-29 01:32:17'),(182,'Lara','non@in.co.uk','2020-02-17 13:04:32'),(183,'Deirdre','consectetuer.adipiscing.elit@ipsum.com','2020-06-25 23:33:02'),(184,'Kalia','Proin@augueut.edu','2019-08-23 05:19:39'),(185,'Lucian','elit@liberomauris.edu','2020-04-27 08:45:30'),(186,'Tamara','rutrum.urna.nec@tempuseu.edu','2020-10-21 13:41:31'),(187,'Chantale','mollis.vitae.posuere@vulputateposuerevulputate.edu','2019-06-12 22:00:36'),(188,'Kieran','Phasellus.vitae@nibhenimgravida.net','2019-02-10 08:06:03'),(189,'Lyle','mauris.aliquam.eu@lectusCum.ca','2019-04-06 03:01:34'),(190,'Jeremy','Integer.in.magna@egestasFusce.net','2019-05-24 22:44:01'),(191,'Rana','lobortis.quam@elit.org','2020-06-25 07:07:22'),(192,'Otto','sem.consequat@aliquetmolestie.co.uk','2020-05-19 12:48:08'),(193,'Thomas','risus@consectetuer.co.uk','2020-03-04 16:15:40'),(194,'Shellie','Donec.felis@loremauctorquis.net','2020-07-17 23:04:50'),(195,'Faith','eget.laoreet@mattisCraseget.edu','2020-04-24 04:45:51'),(196,'John','montes.nascetur.ridiculus@sodaleselit.net','2019-05-23 18:11:33'),(197,'Brendan','interdum.libero.dui@facilisislorem.edu','2019-05-20 12:35:34'),(198,'Chandler','posuere.enim.nisl@arcu.org','2020-01-12 06:48:25'),(199,'TaShya','arcu.Sed.et@dolorsitamet.ca','2019-07-20 02:32:29'),(200,'Camilla','orci.Donec@egestas.edu','2020-09-27 21:56:26'),(201,'Amir','at.augue@eudui.org','2019-04-03 19:07:16'),(202,'Xantha','posuere.cubilia@euligulaAenean.ca','2019-10-01 09:01:13'),(203,'Cassidy','Suspendisse.ac@congueturpis.co.uk','2019-01-27 13:23:48'),(204,'Anne','Ut.tincidunt@ultriciesdignissim.net','2019-07-25 09:26:49'),(205,'Lee','Sed.et@tincidunt.edu','2020-10-22 06:54:25'),(206,'Rylee','erat@mieleifendegestas.co.uk','2019-08-18 23:40:25'),(207,'Vladimir','sit@porttitorerosnec.co.uk','2020-03-28 16:56:20'),(208,'Vernon','ut.odio@nunc.ca','2020-01-07 03:42:05'),(209,'Flavia','In@Pellentesqueut.com','2019-11-06 03:36:02'),(210,'Leo','neque@lobortis.co.uk','2019-06-11 18:05:06'),(211,'Carl','Sed@eu.co.uk','2019-05-30 02:05:55'),(212,'Hedwig','tellus.justo.sit@nondapibus.com','2020-02-18 04:23:43'),(213,'Abigail','congue.turpis.In@sempercursusInteger.net','2020-09-27 18:09:14'),(214,'Wayne','enim.nec.tempus@Morbiquis.ca','2019-05-16 02:45:11'),(215,'Xander','ac.feugiat@milacinia.net','2020-06-26 08:20:43'),(216,'Dustin','sed@anteNuncmauris.edu','2019-10-14 09:48:52'),(217,'Thor','Donec.consectetuer@necluctus.edu','2020-06-16 12:19:16'),(218,'Lester','sit@eusem.net','2020-02-27 03:38:58'),(219,'Kato','aliquam.eu.accumsan@interdum.co.uk','2019-01-12 22:23:29'),(220,'Cora','ac@erat.com','2020-03-28 07:05:49'),(221,'India','amet.metus@ornareelitelit.ca','2019-11-04 19:44:55'),(222,'Wade','auctor@Fusce.co.uk','2019-01-17 14:09:24'),(223,'Kai','fringilla.mi@Suspendisseeleifend.edu','2020-04-21 16:22:43'),(224,'Micah','vel.quam@eros.net','2020-06-25 06:16:11'),(225,'Cora','nulla@Nam.co.uk','2019-08-21 08:51:27'),(226,'Brandon','auctor.odio.a@interdum.ca','2019-11-23 07:27:32'),(227,'Nita','libero.mauris@montesnasceturridiculus.com','2020-01-29 09:09:54'),(228,'Dacey','dui.nec@eueleifend.co.uk','2020-07-24 13:11:32'),(229,'John','est@seddolor.com','2020-05-11 09:34:01'),(230,'Uma','Sed.nulla@enim.com','2019-07-04 00:43:19'),(231,'Brady','rutrum@blanditmattisCras.edu','2020-02-15 20:38:36'),(232,'Upton','orci.adipiscing@leoCras.ca','2020-04-13 07:40:07'),(233,'Wayne','in@pedeSuspendissedui.org','2019-05-31 11:12:50'),(234,'Jared','vitae.posuere@nisi.com','2020-03-26 10:57:48'),(235,'Sophia','dolor.tempus@pedeCumsociis.org','2020-10-29 13:50:22'),(236,'Allen','vitae.sodales@augue.org','2020-05-29 08:17:46'),(237,'August','mollis@tinciduntnibh.co.uk','2019-12-21 15:42:46'),(238,'Herman','gravida@Curabitur.org','2019-07-20 15:51:14'),(239,'Karyn','amet.risus.Donec@porttitorerosnec.org','2020-03-13 14:15:32'),(240,'Tad','lectus@semmolestie.edu','2019-09-02 09:42:38'),(241,'Adele','eget@penatibusetmagnis.org','2019-04-04 01:28:44'),(242,'Ulla','fringilla.est.Mauris@nulla.com','2020-03-08 01:19:07'),(243,'Talon','ac@id.edu','2019-08-06 19:44:30'),(244,'Rinah','orci.lacus@faucibusleo.edu','2019-06-02 07:47:46'),(245,'Eric','imperdiet.ullamcorper@velmauris.co.uk','2019-08-14 05:17:00'),(246,'Quynn','metus.facilisis.lorem@sapien.edu','2020-07-31 14:19:31'),(247,'Daniel','vel.nisl.Quisque@diamProin.co.uk','2019-06-02 17:46:23'),(248,'Ulla','ut@leoMorbineque.edu','2019-05-04 05:00:49'),(249,'Heidi','in@a.ca','2020-08-10 14:01:16'),(250,'Chadwick','enim.sit.amet@commodoipsum.com','2020-08-08 00:39:11'),(251,'Marsden','at.sem.molestie@sodalesat.org','2019-09-02 06:46:07'),(252,'Hector','ad.litora.torquent@est.net','2020-05-24 20:08:19'),(253,'Ahmed','quam@inaliquetlobortis.org','2020-09-20 01:46:11'),(254,'Coby','Integer.mollis@vulputate.com','2020-03-23 21:55:55'),(255,'Driscoll','et@euduiCum.edu','2020-05-13 02:14:16'),(256,'Troy','eu@Donecegestas.edu','2020-01-30 17:22:17'),(257,'Damon','dictum@Phasellusat.edu','2020-03-12 05:00:22'),(258,'Wyoming','Nullam.suscipit.est@MorbivehiculaPellentesque.com','2020-09-28 22:15:23'),(259,'Haley','Nulla@scelerisqueneque.ca','2019-09-21 10:08:24'),(260,'Jana','lobortis.augue@velit.edu','2020-02-24 01:37:45'),(261,'Cody','Etiam.vestibulum.massa@Quisqueimperdiet.edu','2019-05-28 08:05:55'),(262,'Slade','Morbi.metus@suscipit.net','2019-02-26 06:34:50'),(263,'Vladimir','Cras.convallis.convallis@mi.edu','2020-04-05 09:17:38'),(264,'Germaine','Aliquam.nisl.Nulla@orciPhasellusdapibus.co.uk','2019-11-07 21:14:11'),(265,'Burke','ipsum.dolor.sit@a.net','2019-07-16 21:04:48'),(266,'Quemby','sit@musAeneaneget.net','2020-05-18 01:31:46'),(267,'Kellie','scelerisque@sitametmetus.co.uk','2020-10-10 11:59:01'),(268,'Olivia','Aliquam.fringilla@Nullam.edu','2020-03-24 21:53:48'),(269,'Dolan','a.ultricies@lacusUt.co.uk','2020-07-25 06:14:44'),(270,'Charlotte','fermentum.vel.mauris@tempusnon.org','2019-11-07 18:30:30'),(271,'Xander','ridiculus@semper.com','2020-09-25 01:09:00'),(272,'Debra','ridiculus.mus@dictumeuplacerat.net','2019-08-21 15:15:18'),(273,'Colleen','commodo@risusDonec.com','2020-06-02 16:15:32'),(274,'Xyla','sit.amet@turpisegestas.edu','2019-11-10 17:12:21'),(275,'Adele','Nullam@Suspendisse.ca','2020-10-03 11:35:50'),(276,'Velma','elit.Curabitur.sed@aliquamenim.org','2019-06-10 21:15:56'),(277,'Daryl','molestie@duiCumsociis.org','2020-06-26 01:54:30'),(278,'Thaddeus','libero.at@sapienCrasdolor.ca','2020-06-25 14:22:10'),(279,'Fleur','non@penatibuset.com','2020-06-19 02:55:33'),(280,'Maia','non@inconsectetueripsum.edu','2020-05-31 20:13:32'),(281,'Rhoda','neque@amet.com','2020-01-20 12:30:14'),(282,'Hedy','lorem.ut@Duis.co.uk','2020-07-01 01:26:47'),(283,'Clark','dictum.ultricies@commodoat.edu','2020-10-13 14:10:44'),(284,'Eagan','imperdiet.nec@sapien.net','2020-07-21 03:46:15'),(285,'Elton','Cum@Suspendissetristique.com','2020-09-17 03:01:16'),(286,'Brett','ultrices.posuere.cubilia@ipsum.net','2020-05-10 16:44:40'),(287,'Jenna','mauris.Integer.sem@ipsumdolorsit.org','2020-07-13 05:58:15'),(288,'Curran','Ut@euismodurna.ca','2019-10-08 01:40:26'),(289,'Carson','ipsum.porta.elit@mattis.ca','2019-08-13 17:25:01'),(290,'Kendall','nec.cursus.a@metuseuerat.com','2020-05-06 07:35:43'),(291,'Cecilia','sem.Pellentesque@Vestibulum.ca','2020-10-14 13:15:43'),(292,'Blair','vel.est.tempor@fermentumrisusat.ca','2020-07-07 07:50:10'),(293,'Matthew','eleifend@dictumultriciesligula.net','2020-01-20 01:09:45'),(294,'Ruth','amet.massa@suscipitest.edu','2019-04-25 14:31:57'),(295,'Nissim','semper@Sedmalesuada.co.uk','2019-01-16 12:35:03'),(296,'Jeanette','lobortis@Donec.net','2020-09-16 16:29:26'),(297,'Orlando','adipiscing.ligula.Aenean@temporest.co.uk','2019-09-09 02:12:41'),(298,'Keith','in.sodales.elit@lectus.org','2020-01-02 09:18:24'),(299,'Montana','Curabitur@dignissimmagnaa.co.uk','2019-02-08 06:50:29'),(300,'Eagan','purus@Donec.org','2019-10-17 11:15:36'),(301,'Julie','convallis.ligula.Donec@libero.net','2019-05-29 13:50:56'),(302,'Rana','Quisque.imperdiet.erat@acarcu.org','2020-07-26 11:31:41'),(303,'Molly','blandit.at@dapibus.net','2019-10-20 21:22:26'),(304,'Reuben','amet.ante.Vivamus@vulputateveliteu.ca','2019-04-06 03:15:27'),(305,'Berk','quam.vel@porttitorinterdum.edu','2020-02-02 10:11:15'),(306,'Cassidy','amet.consectetuer.adipiscing@convallis.com','2019-05-20 14:14:11'),(307,'Daniel','hymenaeos.Mauris@Donec.org','2019-04-03 09:42:06'),(308,'Keelie','augue@euelitNulla.ca','2020-08-10 12:55:55'),(309,'Aiko','lectus.Nullam.suscipit@atpede.org','2020-07-19 00:00:49'),(310,'Sylvester','Nunc.mauris@euismodurna.net','2020-08-07 02:39:09'),(311,'Kibo','vel@Aliquameratvolutpat.ca','2019-02-15 15:20:40'),(312,'Brennan','non.arcu.Vivamus@at.org','2019-05-23 00:54:54'),(313,'Caleb','est.arcu.ac@feugiat.ca','2019-09-07 19:10:37'),(314,'Neve','consectetuer.cursus.et@miDuis.co.uk','2019-01-11 01:26:28'),(315,'Jason','et@luctus.edu','2020-05-23 06:45:43'),(316,'Meredith','convallis.erat@semper.ca','2020-06-03 13:51:01'),(317,'Germaine','Lorem.ipsum.dolor@Loremipsumdolor.net','2020-04-18 22:44:04'),(318,'Colton','ornare@facilisis.com','2020-04-06 18:46:12'),(319,'Marvin','tempor.lorem@Sedeu.org','2020-06-20 17:30:30'),(320,'September','Donec.dignissim.magna@gravidaPraesent.com','2020-06-26 22:28:45'),(321,'Fulton','id.ante@lacusvestibulum.ca','2019-04-29 08:32:57'),(322,'Caldwell','fringilla@Etiamvestibulummassa.ca','2019-09-07 02:21:41'),(323,'Uma','iaculis@dictumplacerat.co.uk','2019-02-19 02:00:31'),(324,'Holmes','Donec@sodalesMauris.co.uk','2019-05-29 16:04:57'),(325,'Logan','ornare@tempor.edu','2019-10-11 20:35:00'),(326,'Hiroko','elementum.at.egestas@laoreetlectus.com','2019-05-10 13:34:27'),(327,'Tiger','lacinia.mattis.Integer@luctuset.edu','2020-07-14 15:05:17'),(328,'Alexa','elit.erat.vitae@nec.co.uk','2020-05-30 06:49:21'),(329,'September','id.enim.Curabitur@Nuncmaurissapien.edu','2019-08-15 11:17:52'),(330,'Nicole','in@fringillaornare.ca','2019-08-31 13:30:46'),(331,'Wylie','in@mollisPhaselluslibero.org','2020-06-25 07:10:20'),(332,'Barrett','Donec@semeget.org','2019-05-21 22:25:27'),(333,'Erich','erat.eget.ipsum@eu.edu','2019-11-16 07:32:42'),(334,'Alexander','neque@fermentumfermentumarcu.net','2019-08-24 16:42:15'),(335,'Charles','urna.Nunc@ridiculus.net','2020-04-07 13:47:35'),(336,'Benedict','neque.non@tristiquepellentesque.ca','2020-05-30 06:04:18'),(337,'Chase','id@in.edu','2019-04-22 06:42:19'),(338,'Felix','Nunc.pulvinar.arcu@eleifendCras.com','2020-06-03 11:51:50'),(339,'Bianca','ultricies@ridiculus.co.uk','2019-04-09 08:38:30'),(340,'Lysandra','mi.lacinia@elitpedemalesuada.ca','2020-08-02 20:59:09'),(341,'Deirdre','Nullam.velit.dui@magnaPhasellus.co.uk','2020-08-14 06:26:49'),(342,'Bo','at.egestas@convallisante.co.uk','2019-05-03 08:57:43'),(343,'Preston','in@posuerecubilia.net','2019-06-05 13:57:40'),(344,'Quintessa','sit.amet@erateget.co.uk','2019-03-16 03:23:35'),(345,'Judah','per.conubia@ligulaeu.org','2019-10-23 08:44:55'),(346,'Jade','faucibus@metusInnec.org','2020-03-11 00:57:42'),(347,'Stuart','ornare@luctus.com','2019-12-23 20:11:37'),(348,'Karina','et.ipsum.cursus@cubiliaCuraeDonec.edu','2019-04-07 05:23:21'),(349,'Imogene','Aenean.eget.magna@dui.net','2020-05-29 01:46:38'),(350,'Sawyer','nunc.nulla@etipsumcursus.ca','2020-09-26 05:02:09'),(351,'Carolyn','Nunc.sollicitudin@aliquetdiamSed.com','2020-07-17 06:45:37'),(352,'Uriel','condimentum@famesac.com','2020-04-22 02:09:48'),(353,'Alden','nisl.arcu@magnisdisparturient.ca','2019-03-15 08:34:05'),(354,'Keane','ad.litora.torquent@seddictumeleifend.net','2019-04-27 07:28:51'),(355,'Ursula','consequat.enim@vestibulumneceuismod.org','2019-09-07 23:02:52'),(356,'Bianca','ornare.In@consectetueradipiscingelit.com','2020-09-07 05:25:44'),(357,'Cade','natoque@arcu.co.uk','2020-07-09 00:16:41'),(358,'Beck','felis.ullamcorper@dictum.co.uk','2019-12-26 08:07:38'),(359,'Vera','fringilla.mi@amet.co.uk','2020-05-22 14:59:58'),(360,'Guy','Mauris@vestibulummassa.ca','2020-09-30 05:21:55'),(361,'Maile','eget@convallisconvallisdolor.edu','2019-09-07 16:32:38'),(362,'Lysandra','Nullam@penatibuset.net','2020-02-09 03:59:57'),(363,'Macaulay','Aliquam.nisl.Nulla@luctusaliquet.ca','2019-07-15 12:48:06'),(364,'Pascale','dui.Cum@ornaretortor.net','2020-07-30 23:04:07'),(365,'Hollee','vulputate.velit@aliquet.net','2019-08-24 07:17:48'),(366,'Jonah','venenatis@tortorNunc.co.uk','2019-10-22 17:15:35'),(367,'Aidan','ipsum.primis@nuncIn.org','2019-02-25 11:26:27'),(368,'Inga','sed.est@vel.edu','2019-11-24 07:45:29'),(369,'Yolanda','elementum.purus.accumsan@afacilisisnon.com','2019-11-25 04:01:04'),(370,'Odysseus','quam@arcuiaculis.edu','2020-03-21 12:02:30'),(371,'Russell','enim@ipsumSuspendissesagittis.org','2019-02-20 19:28:17'),(372,'Tana','ac.ipsum.Phasellus@vehicula.com','2019-11-18 11:50:28'),(373,'Remedios','sed.dui@aarcu.com','2020-10-04 10:47:42'),(374,'Wing','euismod.mauris@ullamcorpereueuismod.edu','2019-01-08 05:35:19'),(375,'Morgan','nec@Namnulla.co.uk','2019-01-13 14:31:36'),(376,'Nigel','Aenean@antelectusconvallis.co.uk','2019-12-15 07:32:42'),(377,'Genevieve','Nullam@netusetmalesuada.net','2020-07-28 14:46:31'),(378,'Ali','pede.ac.urna@parturientmontes.ca','2020-03-14 06:32:18'),(379,'Geraldine','vulputate@nec.com','2019-09-04 23:19:05'),(380,'Lesley','non@egestashendreritneque.ca','2020-09-25 22:04:17'),(381,'George','Integer.in@sagittisDuis.org','2020-09-01 23:27:06'),(382,'Knox','mollis@pedeultrices.net','2020-07-29 20:32:24'),(383,'Channing','lorem@dolor.net','2020-08-31 23:12:10'),(384,'Ciara','Donec.tempus.lorem@et.co.uk','2020-01-23 14:17:53'),(385,'Tiger','sit.amet@urna.org','2020-05-19 08:42:45'),(386,'Leilani','enim.diam.vel@loremvehicula.co.uk','2019-06-02 20:11:11'),(387,'Idona','velit@pharetranibh.net','2020-01-21 17:28:11'),(388,'Paula','nonummy.ut.molestie@scelerisquemollis.ca','2020-10-02 19:53:53'),(389,'Cassidy','vestibulum.neque.sed@a.com','2020-04-10 00:30:58'),(390,'Porter','eu.tempor@dictumaugue.co.uk','2020-05-25 17:18:46'),(391,'Clare','a.neque@Nunc.edu','2019-08-23 02:07:47'),(392,'Charles','sed@pedeCumsociis.edu','2019-02-25 03:29:41'),(393,'Jael','netus.et@massaVestibulum.net','2020-09-26 00:26:11'),(394,'Wayne','orci.Donec.nibh@posuereenim.net','2019-10-07 22:03:18'),(395,'Kyle','risus.Quisque@felisegetvarius.ca','2019-02-15 22:07:32'),(396,'Mufutau','sit.amet.consectetuer@varius.ca','2019-09-01 09:20:43'),(397,'Kirsten','eu@Morbinonsapien.org','2019-01-21 04:54:33'),(398,'Yoshio','euismod@Aliquam.net','2020-08-15 03:11:30'),(399,'Phelan','Nulla.eget@semper.ca','2020-06-13 18:57:48'),(400,'Lilah','Nunc@iaculisnec.co.uk','2020-02-16 09:31:19'),(401,'Jena','hendrerit@mifringillami.org','2019-05-11 23:38:01'),(402,'Linda','hendrerit.id@Aenean.edu','2020-09-07 22:38:57'),(403,'Daniel','a@vulputate.com','2020-07-19 00:13:20'),(404,'Francesca','tincidunt.nibh.Phasellus@quis.co.uk','2020-06-09 11:38:44'),(405,'Kasimir','Sed.diam.lorem@quamCurabitur.ca','2019-11-28 09:12:02'),(406,'Kiayada','accumsan.neque.et@vel.edu','2020-04-08 03:34:21'),(407,'Hayes','Ut.semper.pretium@urna.net','2019-08-06 16:32:38'),(408,'Hop','ac@Aeneangravidanunc.co.uk','2019-06-07 00:05:15'),(409,'Gemma','accumsan.neque@tinciduntadipiscing.co.uk','2019-02-04 19:45:53'),(410,'Mason','convallis.ligula.Donec@est.ca','2019-07-04 01:48:49'),(411,'Gavin','ante@quamCurabitur.edu','2020-07-30 06:04:33'),(412,'Sigourney','magna@diamDuismi.ca','2019-05-20 13:56:13'),(413,'Jacqueline','orci.Phasellus@felisDonec.ca','2020-05-31 19:50:24'),(414,'Ryan','tellus@scelerisquescelerisquedui.ca','2019-07-25 12:46:40'),(415,'Aubrey','Morbi.neque@non.ca','2020-02-04 12:53:45'),(416,'Farrah','fames@perconubia.com','2019-07-05 16:14:01'),(417,'Mohammad','consectetuer.mauris@asollicitudinorci.co.uk','2020-09-08 03:25:12'),(418,'Jackson','consectetuer.adipiscing@luctusCurabitur.co.uk','2019-08-08 04:46:26'),(419,'Stone','magna@eu.ca','2019-02-21 22:14:57'),(420,'Reese','magna@cursusin.ca','2019-07-19 02:24:53'),(421,'Sybill','non@ascelerisquesed.co.uk','2020-02-22 23:59:06'),(422,'Avye','enim.gravida.sit@necmetus.co.uk','2020-10-01 15:57:52'),(423,'Naida','aliquam.iaculis@Duisacarcu.net','2020-10-15 07:44:48'),(424,'Quinn','parturient.montes.nascetur@Quisque.com','2019-01-13 20:58:43'),(425,'Carly','neque@sitamet.co.uk','2019-07-31 15:02:03'),(426,'Vaughan','cursus.et@eu.com','2019-04-20 03:04:25'),(427,'Urielle','et.ultrices.posuere@eulacus.edu','2020-09-06 23:07:06'),(428,'Devin','dui.semper.et@etliberoProin.org','2019-03-27 09:38:28'),(429,'Germaine','metus.urna.convallis@Curabiturdictum.ca','2020-07-20 22:46:23'),(430,'Scarlett','nunc.interdum@euismodurna.co.uk','2019-02-06 06:54:55'),(431,'Marny','vel@et.co.uk','2020-04-25 22:26:25'),(432,'Rigel','ac.turpis@elementumdui.ca','2020-02-17 10:16:03'),(433,'Noelle','risus.odio@idmagna.net','2020-06-28 16:21:38'),(434,'Priscilla','nulla.magna@loremipsum.org','2020-09-11 14:19:24'),(435,'Paul','sapien.molestie@dis.edu','2020-05-15 08:53:29'),(436,'Cain','orci@utodio.org','2019-02-14 11:47:58'),(437,'Yuri','lectus.a@massa.org','2019-12-31 20:24:49'),(438,'Joy','consectetuer.rhoncus.Nullam@dignissimlacus.ca','2020-02-21 18:33:15'),(439,'Willa','montes@ornareegestasligula.ca','2020-06-25 10:57:22'),(440,'Flynn','aliquet.molestie@gravida.co.uk','2020-09-12 01:27:59'),(441,'Chester','In.mi.pede@elementumpurus.co.uk','2019-10-14 08:23:39'),(442,'Rebekah','mauris.eu.elit@cursusNunc.net','2020-08-17 15:38:13'),(443,'Brynne','magna@veliteu.net','2019-10-28 00:27:48'),(444,'Hakeem','porttitor.eros@nibh.net','2019-05-04 08:11:32'),(445,'Tatum','mollis@diam.org','2020-06-03 13:19:47'),(446,'Asher','tortor.dictum.eu@dui.co.uk','2019-03-17 23:22:16'),(447,'Octavius','lobortis@apurusDuis.org','2020-04-20 21:42:24'),(448,'Shea','et.malesuada@Nullam.co.uk','2020-02-23 09:11:02'),(449,'Paul','nulla.Integer@egestasSed.net','2019-01-02 01:47:54'),(450,'Tatyana','nec@lorem.org','2019-01-18 08:37:42'),(451,'Jackson','dapibus@sedfacilisisvitae.ca','2019-05-15 00:42:59'),(452,'Chester','a@utpellentesque.co.uk','2020-06-28 02:16:14'),(453,'Chancellor','nonummy@arcuVestibulum.co.uk','2019-04-18 23:26:39'),(454,'Aladdin','enim.mi@ipsumPhasellus.ca','2019-05-22 11:26:45'),(455,'Shad','lorem.eget@eu.org','2020-05-07 21:33:20'),(456,'Denise','non.cursus.non@nequenon.ca','2019-08-23 01:38:30'),(457,'Kiona','vulputate.risus@hendrerit.net','2019-12-22 13:57:52'),(458,'Galvin','facilisis.eget.ipsum@cursus.co.uk','2020-08-11 18:27:06'),(459,'Kai','neque.tellus.imperdiet@sapienCras.com','2019-11-27 23:39:49'),(460,'Galena','semper@nullaIn.org','2019-01-28 20:41:40'),(461,'Benjamin','arcu@ultricies.net','2019-12-18 02:05:31'),(462,'Quynn','ultrices@ornarelectus.org','2019-08-24 18:35:19'),(463,'Deborah','laoreet@tristique.edu','2019-06-06 23:13:53'),(464,'Armand','auctor.velit.Aliquam@Etiam.org','2019-01-18 21:19:35'),(465,'Yardley','vestibulum.massa@malesuadavel.com','2020-09-05 09:21:15'),(466,'Flavia','sociosqu.ad@nislQuisquefringilla.edu','2019-07-03 03:36:50'),(467,'Fatima','lacinia.Sed.congue@risusodioauctor.net','2020-06-23 00:03:06'),(468,'Hiram','tristique@magna.co.uk','2019-04-21 19:43:50'),(469,'Cailin','dapibus@euelitNulla.co.uk','2019-12-25 00:39:04'),(470,'Amelia','neque.Morbi@ut.ca','2019-12-29 18:41:40'),(471,'Keane','In@massa.net','2020-08-15 16:46:15'),(472,'Mason','lacus.Etiam@consectetuermauris.org','2019-09-13 05:07:05'),(473,'Brooke','consequat@Phasellusdapibusquam.com','2020-08-17 08:42:01'),(474,'Reese','ligula.elit@sapiengravidanon.net','2019-05-13 09:18:00'),(475,'Wendy','aliquet@convalliserateget.ca','2019-07-29 20:07:07'),(476,'Candice','Curabitur@semperpretium.edu','2020-07-31 17:30:20'),(477,'Lavinia','pede.ultrices@sit.ca','2020-07-03 21:29:59'),(478,'Naida','Aliquam.nisl@auctorquistristique.net','2020-06-04 16:15:47'),(479,'Kiara','enim.nec@molestieintempus.ca','2020-10-22 04:36:53'),(480,'Aquila','tempor.augue.ac@eratSednunc.ca','2020-04-23 02:50:35'),(481,'Lara','diam@Vestibulumaccumsanneque.ca','2020-10-15 23:09:23'),(482,'Emi','eu.erat.semper@enim.com','2020-01-18 23:21:07'),(483,'Delilah','montes.nascetur@vitae.edu','2020-05-10 01:46:36'),(484,'Nissim','bibendum.Donec.felis@interdumSed.org','2019-06-22 16:12:23'),(485,'Nero','nec.cursus.a@magnanec.org','2019-11-27 08:34:42'),(486,'Darius','nibh.dolor@est.edu','2020-01-04 14:15:46'),(487,'Susan','fringilla.mi.lacinia@Aliquamerat.edu','2019-11-15 12:40:21'),(488,'Stacey','Cras@quislectusNullam.ca','2020-05-14 23:37:34'),(489,'Quail','euismod@tempusnonlacinia.com','2019-05-23 14:44:24'),(490,'Cairo','mollis.nec.cursus@diamSeddiam.org','2019-09-24 02:39:59'),(491,'Driscoll','pede.Suspendisse.dui@Fuscediam.org','2020-04-02 12:18:02'),(492,'Orlando','per@nuncest.co.uk','2020-05-08 20:38:46'),(493,'Serina','purus.in@eumetus.co.uk','2020-07-30 08:21:33'),(494,'Charity','molestie.in.tempus@Suspendisse.com','2019-06-14 10:53:05'),(495,'Winifred','in.cursus@necurna.net','2020-07-14 17:25:38'),(496,'Angela','Etiam.gravida.molestie@Curae.com','2019-04-30 05:33:32'),(497,'Ursula','turpis.egestas.Aliquam@etmagnisdis.edu','2019-03-02 18:27:09'),(498,'Tamara','Proin.vel@Sed.co.uk','2020-02-07 09:34:58'),(499,'Melinda','Duis.sit@montesnascetur.net','2019-03-05 03:20:12'),(500,'Dorian','nulla.vulputate.dui@sapien.com','2020-05-09 21:13:55'),(501,'Maia','feugiat@Pellentesque.com','2020-10-24 21:45:37'),(502,'Garrett','Donec.luctus@Phasellus.ca','2020-08-23 03:07:24'),(503,'Yoshi','posuere@Cras.edu','2020-05-12 09:19:30'),(504,'Serina','magna@tortordictumeu.ca','2019-01-09 11:02:47'),(505,'Perry','magna@temporloremeget.org','2020-01-08 08:29:57'),(506,'Marcia','mauris@utnisia.net','2019-05-07 13:22:39'),(507,'Rogan','at.nisi.Cum@turpisnecmauris.net','2020-05-18 06:12:23'),(508,'Sheila','arcu@ipsumCurabitur.org','2019-07-20 23:50:46'),(509,'McKenzie','posuere.at.velit@non.org','2019-03-23 07:52:34'),(510,'Harlan','tempor@blandit.net','2020-04-04 03:01:16'),(511,'Duncan','Integer.eu@interdumNuncsollicitudin.edu','2020-06-11 22:23:57'),(512,'Gemma','Proin.velit.Sed@mauriselitdictum.org','2020-06-08 21:09:30'),(513,'Kibo','Maecenas@aliquam.net','2019-12-28 22:30:02'),(514,'Brett','eleifend.nec@sapienimperdiet.edu','2019-03-22 00:11:33'),(515,'Gannon','nunc.est@semperdui.net','2020-06-22 07:41:27'),(516,'Cathleen','lorem@convallisestvitae.com','2019-10-17 22:53:40'),(517,'Flavia','ipsum@scelerisque.com','2019-11-03 11:27:28'),(518,'Brett','non@blanditNam.net','2020-08-21 22:51:44'),(519,'Chester','neque.sed@faucibus.ca','2019-03-07 03:36:29'),(520,'Declan','orci@nec.edu','2020-07-29 15:19:41'),(521,'Bernard','luctus.Curabitur@et.ca','2020-07-24 07:43:05'),(522,'Conan','Quisque.fringilla.euismod@et.edu','2020-09-18 19:46:20'),(523,'Malcolm','sem.elit@magnaa.co.uk','2020-01-02 00:27:06'),(524,'Anjolie','aliquam.adipiscing.lacus@Nuncullamcorpervelit.org','2020-05-20 07:43:57'),(525,'Erasmus','dignissim.pharetra@feugiat.edu','2020-08-11 07:13:51'),(526,'Xena','In.scelerisque.scelerisque@sollicitudinadipiscing.co.uk','2019-01-29 12:34:45'),(527,'Teegan','nulla.vulputate.dui@necimperdiet.edu','2020-07-07 07:29:54'),(528,'Gloria','eleifend@loremvitaeodio.com','2019-04-03 07:02:39'),(529,'Brennan','erat.semper@massa.ca','2020-08-19 04:09:40'),(530,'Minerva','diam.at.pretium@quis.net','2019-03-20 07:11:49'),(531,'Salvador','mus@augueSed.net','2020-09-13 03:24:09'),(532,'Arden','Duis.ac.arcu@InfaucibusMorbi.net','2020-03-21 17:13:36'),(533,'Talon','Etiam.gravida.molestie@dolor.ca','2020-04-18 19:37:44'),(534,'Chase','ante.iaculis.nec@aauctor.edu','2020-07-03 04:21:22'),(535,'Clayton','eros@sollicitudin.org','2020-03-07 23:40:44'),(536,'Gannon','Ut@mattis.edu','2020-10-14 23:16:17'),(537,'Jarrod','molestie.arcu.Sed@odiosagittissemper.ca','2020-06-09 11:24:56'),(538,'Philip','quis@liberoProin.co.uk','2019-11-06 12:11:37'),(539,'Scott','ipsum@aliquet.com','2020-10-18 12:32:38'),(540,'Rooney','semper.rutrum@milorem.net','2020-06-07 11:32:50'),(541,'Castor','Sed@acturpis.com','2020-01-30 02:33:33'),(542,'Sylvia','Quisque.ornare@ametdapibusid.edu','2019-07-15 03:54:20'),(543,'Seth','erat.neque@eu.com','2020-06-19 18:36:50'),(544,'Mercedes','ultrices@Vivamus.edu','2020-01-31 10:28:45'),(545,'Jenette','arcu.imperdiet@nonenim.ca','2020-03-16 10:06:56'),(546,'Naida','natoque.penatibus@SedmolestieSed.ca','2019-04-10 21:56:48'),(547,'Kane','non.dapibus@lorem.net','2020-04-05 03:44:48'),(548,'Colby','gravida@consectetuer.net','2020-08-25 08:00:16'),(549,'Ainsley','mauris@ultricesDuis.co.uk','2020-03-17 07:40:22'),(550,'Jonah','eu.odio.tristique@orciPhasellusdapibus.co.uk','2020-03-24 07:47:48'),(551,'Signe','Phasellus.ornare.Fusce@facilisisegetipsum.edu','2019-09-13 05:22:47'),(552,'Kasimir','luctus.ipsum@sed.co.uk','2019-09-04 06:01:45'),(553,'Maris','mattis@etnunc.net','2019-05-14 04:33:48'),(554,'Mufutau','dignissim.lacus.Aliquam@dolorQuisque.co.uk','2019-06-29 18:57:56'),(555,'Kelly','vitae.erat@rutrummagna.ca','2020-02-28 03:42:56'),(556,'Vera','euismod.mauris.eu@ligulaeuenim.edu','2019-01-04 21:38:03'),(557,'Dora','primis@mollisvitaeposuere.edu','2019-02-12 23:00:19'),(558,'Prescott','lectus.justo@Fuscediamnunc.org','2020-02-03 11:32:39'),(559,'India','tristique.pellentesque@nequeSedeget.ca','2019-05-19 21:52:07'),(560,'Walter','rutrum@commodoipsum.edu','2020-04-13 06:54:26'),(561,'Ruby','Integer.eu@dolor.co.uk','2019-05-19 09:44:57'),(562,'Jonas','magna@ultricies.net','2020-03-28 03:11:51'),(563,'Jared','Cras.vehicula@volutpatNulla.org','2019-02-28 12:09:30'),(564,'Dexter','mollis@ligulaAeneaneuismod.net','2019-01-27 14:26:58'),(565,'Mercedes','justo@ipsumCurabiturconsequat.edu','2019-05-25 00:07:32'),(566,'Demetria','non.lorem@nasceturridiculus.net','2020-08-08 02:48:29'),(567,'Alice','Morbi@sollicitudina.org','2020-04-12 18:05:23'),(568,'Linus','euismod.est@vellectusCum.ca','2020-02-08 09:06:06'),(569,'Willow','vulputate@etmagnisdis.co.uk','2020-02-14 05:14:43'),(570,'Malcolm','varius@arcuvelquam.co.uk','2019-11-27 00:31:41'),(571,'Germaine','a.mi.fringilla@purussapien.ca','2020-05-21 07:22:41'),(572,'Julie','magna.Phasellus@Sed.net','2020-03-10 08:28:51'),(573,'Joan','erat.nonummy.ultricies@sitametornare.edu','2019-09-26 09:52:09'),(574,'Lavinia','montes@per.co.uk','2019-08-02 20:03:48'),(575,'Nita','ornare@Donecporttitor.ca','2019-08-30 09:24:46'),(576,'Iola','amet.orci@pellentesque.edu','2019-11-06 21:20:26'),(577,'Clinton','amet.risus@Etiamligulatortor.net','2019-06-18 23:48:17'),(578,'Karen','Lorem.ipsum.dolor@liberoMorbiaccumsan.com','2020-06-27 08:15:13'),(579,'Gisela','Fusce.mi@ornareIn.org','2020-09-20 21:22:06'),(580,'Kalia','dui.in.sodales@vitaenibhDonec.edu','2019-01-17 23:58:20'),(581,'Alika','nibh@Quisque.org','2019-06-01 00:47:48'),(582,'Francesca','vitae.purus@libero.com','2019-07-09 21:42:48'),(583,'Phyllis','Suspendisse@ipsumdolorsit.co.uk','2020-02-06 17:01:06'),(584,'Philip','non.ante.bibendum@ultricies.edu','2020-06-09 21:36:09'),(585,'Natalie','In.lorem.Donec@id.com','2019-05-06 04:19:15'),(586,'Emerald','est.arcu@venenatisvelfaucibus.edu','2020-03-25 17:57:28'),(587,'Adele','et.tristique@gravida.net','2019-05-16 23:23:00'),(588,'Zoe','in.lobortis.tellus@posuere.co.uk','2019-03-04 05:57:57'),(589,'Leo','eget.nisi.dictum@euelitNulla.ca','2020-08-24 12:53:23'),(590,'Josiah','aptent@Sednulla.co.uk','2020-05-26 08:34:21'),(591,'Daria','ac.ipsum.Phasellus@dapibusrutrumjusto.ca','2019-01-25 10:58:37'),(592,'Cathleen','rhoncus@Sednec.ca','2019-05-29 16:50:56'),(593,'Frances','quam@utsemNulla.co.uk','2019-01-20 01:24:18'),(594,'Emerson','Aliquam.erat@eleifendCrassed.net','2019-11-13 16:33:13'),(595,'Kylan','Quisque.ornare.tortor@Sednunc.net','2020-07-11 07:03:51'),(596,'Ryan','hendrerit.id@PhasellusnullaInteger.net','2020-05-10 06:29:55'),(597,'Samson','arcu.imperdiet@luctuslobortisClass.edu','2020-08-12 05:12:50'),(598,'Blaze','est.arcu.ac@Quisqueornaretortor.org','2020-02-23 02:56:59'),(599,'Iola','bibendum.sed.est@idmollisnec.edu','2020-04-10 17:37:30'),(600,'Moana','sollicitudin@sociosqu.org','2020-03-08 08:27:15'),(601,'Echo','turpis@rutrum.co.uk','2019-02-13 22:04:03'),(602,'Callum','eros.Proin@vitaesemperegestas.net','2019-07-16 02:46:47'),(603,'Kendall','erat@tinciduntnequevitae.com','2020-02-16 11:12:51'),(604,'Riley','nibh@massa.edu','2019-02-26 08:43:30'),(605,'Erasmus','risus@nislQuisque.com','2020-02-17 10:42:48'),(606,'Virginia','Mauris.blandit@ac.net','2019-11-20 02:53:28'),(607,'Beck','aliquet.lobortis@facilisisegetipsum.edu','2020-07-10 05:04:51'),(608,'Myles','Donec.at.arcu@metusInlorem.co.uk','2019-04-16 16:28:26'),(609,'Rahim','ultricies@Nullamenim.co.uk','2020-06-07 14:24:25'),(610,'Rama','est@Vestibulum.com','2019-11-29 13:07:46'),(611,'Ima','vitae.erat@nuncsed.co.uk','2020-09-01 06:22:27'),(612,'Hyatt','in.faucibus.orci@diamPellentesquehabitant.edu','2020-05-09 06:57:31'),(613,'Wyatt','ridiculus@est.ca','2019-04-26 21:19:04'),(614,'Marsden','augue@duiFuscealiquam.org','2020-06-20 16:06:40'),(615,'Hanae','Nunc.lectus.pede@etlaciniavitae.ca','2019-03-08 13:50:18'),(616,'Martina','purus@et.edu','2019-12-22 03:18:56'),(617,'Hop','eu.lacus@atvelitPellentesque.ca','2020-07-09 20:49:58'),(618,'Yoshio','cursus.luctus@semmollis.co.uk','2019-01-30 20:43:36'),(619,'Ivy','erat@lacus.org','2019-11-21 14:36:15'),(620,'Ian','neque.Sed.eget@lectusjustoeu.edu','2020-07-14 04:59:50'),(621,'Travis','Sed.dictum@Duiscursus.ca','2020-06-13 13:55:55'),(622,'Zoe','erat.Sed.nunc@morbi.net','2020-07-23 07:46:25'),(623,'Eagan','Phasellus.in.felis@ut.com','2020-07-18 10:12:11'),(624,'Raymond','Etiam.laoreet@utaliquam.org','2020-07-14 22:14:05'),(625,'Daquan','ante@vulputate.co.uk','2020-04-17 23:46:04'),(626,'Melinda','Praesent@consectetuer.edu','2020-08-12 18:42:03'),(627,'Lewis','euismod.enim@Curabiturvellectus.net','2020-02-25 22:18:29'),(628,'Tanisha','et.magnis.dis@vulputatenisisem.ca','2019-09-24 19:04:55'),(629,'Justin','commodo@erat.net','2019-02-09 10:22:26'),(630,'Ora','Duis.at.lacus@varius.net','2019-07-19 22:18:15'),(631,'Lesley','Suspendisse@Nunclaoreet.com','2020-04-20 06:11:43'),(632,'Emily','Proin.non@elementum.edu','2020-04-07 08:55:41'),(633,'Aileen','enim.nisl.elementum@Duismienim.co.uk','2020-10-30 19:31:42'),(634,'Unity','egestas@urna.com','2019-12-14 02:07:06'),(635,'Mufutau','interdum@Vestibulumante.edu','2020-02-24 13:59:15'),(636,'Lane','in@augue.ca','2019-08-30 10:59:26'),(637,'Akeem','magnis@risusNunc.ca','2020-04-01 13:40:53'),(638,'Lesley','lorem@acurna.ca','2019-08-03 19:48:05'),(639,'Trevor','consequat.enim@egestasligula.net','2020-08-31 13:17:04'),(640,'Hanae','Etiam.gravida.molestie@auctorMauris.com','2019-11-23 11:32:24'),(641,'Upton','turpis@posuere.co.uk','2019-01-28 07:54:52'),(642,'Guy','lectus.pede@nisi.net','2020-07-15 19:26:13'),(643,'Nehru','Nullam.vitae.diam@orci.ca','2019-10-01 18:30:41'),(644,'Iona','vel.turpis@acliberonec.org','2019-10-01 18:23:05'),(645,'Cadman','nulla@Integertinciduntaliquam.org','2020-03-26 02:29:29'),(646,'Zorita','vitae@netus.co.uk','2019-04-27 03:58:09'),(647,'Erica','ligula@luctusipsum.org','2019-04-24 08:19:27'),(648,'Melissa','bibendum.Donec@ipsumPhasellusvitae.org','2019-11-05 10:29:40'),(649,'Alexis','rhoncus.Proin.nisl@conubia.org','2020-06-16 19:42:56'),(650,'Madaline','et.magnis.dis@nequeSedeget.edu','2019-04-13 16:18:31'),(651,'Desiree','diam.luctus@leoCras.edu','2020-05-31 04:19:12'),(652,'Zephr','enim.Nunc.ut@elementum.com','2019-12-17 01:35:18'),(653,'Lance','non.bibendum@pharetraNam.ca','2020-07-08 15:53:54'),(654,'Ann','urna.suscipit@litoratorquent.edu','2019-02-20 15:57:56'),(655,'Addison','nec.tempus.scelerisque@Maecenas.co.uk','2019-10-18 16:44:07'),(656,'Keith','euismod@posuereat.net','2020-05-06 14:33:41'),(657,'Kyla','adipiscing.ligula.Aenean@eu.ca','2020-07-31 22:17:35'),(658,'Blythe','iaculis.quis.pede@anteNuncmauris.org','2019-03-08 23:23:12'),(659,'Cameran','convallis@enimnon.com','2020-03-05 11:30:36'),(660,'Hyatt','dui.Cum.sociis@elementumlorem.co.uk','2019-06-20 15:41:09'),(661,'Robert','Donec.tempor.est@ipsumportaelit.co.uk','2020-03-25 16:23:34'),(662,'Ignacia','Cras.convallis.convallis@id.net','2020-01-07 05:07:43'),(663,'Yvonne','orci@sed.co.uk','2019-12-17 12:19:58'),(664,'Jeremy','volutpat.Nulla.facilisis@doloregestasrhoncus.net','2020-05-11 20:36:48'),(665,'Daphne','egestas@tellus.edu','2020-01-24 11:37:13'),(666,'Karina','nec.orci@lacuspede.org','2019-01-27 00:17:26'),(667,'Cassandra','luctus@loremDonecelementum.net','2019-09-10 03:59:07'),(668,'Troy','In.mi.pede@Fuscemollis.edu','2019-12-11 12:25:03'),(669,'Ignatius','dictum.mi.ac@ultricesposuerecubilia.org','2020-07-16 03:25:10'),(670,'Emmanuel','venenatis@nislarcuiaculis.co.uk','2020-10-11 18:20:03'),(671,'Graiden','Phasellus@Phasellus.ca','2020-01-13 20:46:43'),(672,'Thane','per.inceptos.hymenaeos@molestie.edu','2019-03-07 01:25:10'),(673,'Yardley','purus.mauris.a@nonduinec.edu','2019-01-07 20:51:50'),(674,'Judah','dolor@necorciDonec.edu','2020-03-03 18:42:23'),(675,'Libby','ligula@mattis.net','2019-08-15 09:39:21'),(676,'Cherokee','mi@aliquetmetus.ca','2020-10-09 20:56:20'),(677,'Coby','urna@eleifend.net','2020-05-26 04:34:14'),(678,'Shana','sociosqu.ad@molestie.org','2020-04-11 01:12:47'),(679,'Cecilia','Duis@utnullaCras.net','2019-11-12 14:00:41'),(680,'Claudia','Cum@loremDonec.com','2020-06-15 05:45:43'),(681,'Sydnee','feugiat.placerat.velit@Donecat.ca','2019-03-25 10:12:26'),(682,'Marny','nec.imperdiet.nec@sapienmolestie.net','2020-07-21 15:41:27'),(683,'Galena','risus.Donec@eratsemperrutrum.ca','2019-07-18 14:44:01'),(684,'David','ut.molestie@pedeCumsociis.com','2019-07-07 07:45:41'),(685,'Oliver','urna.Vivamus.molestie@sitamet.co.uk','2019-04-01 22:45:06'),(686,'Marsden','Suspendisse.sagittis@sit.co.uk','2020-07-12 09:31:31'),(687,'Quinlan','semper.dui.lectus@odioauctorvitae.co.uk','2019-08-30 08:50:40'),(688,'Cheryl','Curabitur.vel.lectus@nasceturridiculusmus.edu','2019-03-24 00:10:06'),(689,'Brett','luctus.et@CuraeDonec.com','2019-08-16 23:59:53'),(690,'Maisie','Praesent.eu.dui@vitaesodales.edu','2020-03-11 07:08:17'),(691,'Teagan','mauris.Suspendisse.aliquet@Nunc.net','2019-06-21 12:12:48'),(692,'Sebastian','at.risus.Nunc@tristiquesenectuset.com','2020-09-23 11:45:55'),(693,'Burton','sem.egestas.blandit@auctor.net','2020-04-08 12:57:44'),(694,'Rajah','Ut.tincidunt@cubilia.ca','2019-04-08 01:59:11'),(695,'Destiny','arcu.Sed.eu@vehicula.ca','2019-10-27 03:23:21'),(696,'Hedley','ipsum.dolor.sit@SednequeSed.net','2019-04-05 08:25:51'),(697,'Whilemina','interdum@tellussemmollis.org','2020-03-07 07:06:56'),(698,'Karina','bibendum.ullamcorper.Duis@ametultricies.net','2020-10-15 13:05:22'),(699,'Linus','ut.sem@odioNam.org','2019-09-25 14:22:56'),(700,'Stewart','habitant.morbi@quistristique.net','2019-02-20 18:03:49'),(701,'Xyla','vitae.purus.gravida@dolordapibus.co.uk','2019-09-08 06:45:41'),(702,'Piper','Vivamus.euismod.urna@atnisi.ca','2019-02-20 16:18:32'),(703,'Alvin','sed.turpis.nec@Integervulputaterisus.net','2019-07-05 18:17:15'),(704,'Tobias','erat@eleifendegestasSed.co.uk','2019-10-30 05:59:44'),(705,'Jaime','porttitor@nec.org','2020-07-30 12:01:30'),(706,'Raven','lorem@mienim.ca','2019-10-01 22:37:53'),(707,'Nero','mattis.Integer@nec.edu','2020-01-23 16:53:02'),(708,'Jelani','convallis.ligula.Donec@erat.co.uk','2020-03-24 15:38:33'),(709,'Raphael','odio.semper@erat.net','2019-05-07 18:03:49'),(710,'Orlando','nec.enim.Nunc@aliquamenimnec.co.uk','2020-05-19 15:41:14'),(711,'Adele','odio.vel.est@vitaemaurissit.edu','2019-11-14 04:33:01'),(712,'Jesse','adipiscing.elit.Etiam@varius.ca','2019-04-25 20:42:31'),(713,'Emery','aliquet.vel@adipiscingfringillaporttitor.net','2020-04-28 05:24:00'),(714,'Nasim','Curabitur.sed.tortor@maurisa.net','2019-06-14 18:59:47'),(715,'Jack','felis.orci.adipiscing@Praesentluctus.org','2019-12-29 05:40:54'),(716,'Mallory','nisi.Cum.sociis@vehiculaPellentesquetincidunt.ca','2019-02-02 04:03:22'),(717,'Vaughan','massa.Integer.vitae@atpedeCras.org','2019-12-04 23:33:22'),(718,'Bell','nonummy@risusDonec.edu','2020-08-13 21:27:36'),(719,'Gisela','et@commodo.com','2020-02-20 07:24:37'),(720,'Leo','Sed@lectusCum.ca','2020-08-16 21:04:30'),(721,'Magee','consequat@sollicitudincommodoipsum.com','2019-02-23 06:50:26'),(722,'Danielle','pellentesque.Sed@velmaurisInteger.ca','2020-10-13 14:33:51'),(723,'Andrew','vel.lectus.Cum@auctorMauris.co.uk','2019-11-28 07:01:17'),(724,'Gregory','eu.turpis@pede.co.uk','2020-04-10 04:19:47'),(725,'Francesca','mauris@atnisiCum.edu','2019-10-16 23:54:48'),(726,'Kalia','amet.luctus@hendreritidante.com','2019-08-13 19:06:53'),(727,'Melodie','Nam.nulla.magna@Maecenasmifelis.com','2020-04-18 19:53:30'),(728,'Kareem','nibh@a.edu','2020-02-10 02:23:18'),(729,'Malik','semper.erat.in@cursusInteger.ca','2020-04-14 06:06:27'),(730,'Wang','a@turpisAliquam.edu','2019-11-15 06:01:31'),(731,'Chase','fermentum.metus.Aenean@Proin.org','2020-01-18 18:55:28'),(732,'Carson','neque.In.ornare@ametdapibus.net','2020-06-27 20:20:35'),(733,'Burke','Fusce.mollis@maurisSuspendisse.co.uk','2019-05-13 13:17:50'),(734,'Lev','eget.odio@necurna.org','2020-09-22 11:26:26'),(735,'Ulla','ipsum.primis@Fuscealiquam.net','2019-11-08 12:48:34'),(736,'Lenore','libero@Sed.ca','2020-02-24 04:35:32'),(737,'Madeline','euismod@at.ca','2019-10-04 10:38:23'),(738,'Laurel','posuere.cubilia@erat.edu','2020-06-04 01:24:37'),(739,'Kiara','adipiscing.elit@massa.net','2020-02-11 20:12:57'),(740,'Norman','amet.consectetuer@natoquepenatibuset.com','2019-05-24 17:39:53'),(741,'Justina','porttitor@vitaealiquetnec.edu','2019-08-07 18:32:16'),(742,'Fritz','justo@Fusce.org','2019-12-31 18:16:10'),(743,'Ramona','Lorem.ipsum.dolor@Mauris.com','2020-10-15 15:00:23'),(744,'Edward','vel@odioapurus.co.uk','2020-03-07 02:08:17'),(745,'Alisa','sapien.Cras@Curabitur.org','2019-08-23 19:22:52'),(746,'Zephania','fames@Nuncmauris.org','2019-12-06 05:25:40'),(747,'Declan','lectus.pede@dui.com','2020-06-14 00:46:29'),(748,'Boris','non@ipsumcursusvestibulum.edu','2020-01-02 07:49:16'),(749,'Ina','erat.vel@risusatfringilla.org','2019-11-17 19:52:44'),(750,'Howard','magna@diam.com','2020-08-19 22:51:33'),(751,'Roth','dictum@antedictummi.ca','2019-03-19 06:26:43'),(752,'Nehru','elit@montes.ca','2019-10-07 01:26:15'),(753,'Nicholas','Nulla.tincidunt.neque@adipiscingfringillaporttitor.org','2019-03-27 23:19:50'),(754,'Emerald','rutrum.magna.Cras@Nunclectuspede.com','2020-10-07 18:10:00'),(755,'Barclay','nulla.Donec@liberoduinec.net','2019-03-05 01:23:31'),(756,'Vance','arcu.Morbi.sit@urnaet.com','2019-03-16 04:01:15'),(757,'Jasmine','interdum@pharetrafelis.org','2020-03-21 01:04:44'),(758,'Matthew','Nunc@velitjustonec.org','2019-11-01 22:24:03'),(759,'Jamal','risus@eu.co.uk','2020-08-12 17:37:18'),(760,'Kalia','aliquet.diam@nisiAeneaneget.com','2019-01-20 12:22:38'),(761,'Riley','tincidunt.dui.augue@Etiam.net','2019-12-18 00:30:58'),(762,'Hyacinth','parturient.montes.nascetur@ipsumacmi.co.uk','2019-06-25 01:27:58'),(763,'Cherokee','ipsum.nunc.id@Aeneaneget.ca','2020-09-22 15:39:28'),(764,'Alexander','ac@luctuset.com','2020-08-27 15:08:31'),(765,'Jerry','convallis.convallis@lacusUtnec.net','2020-10-03 14:05:55'),(766,'Azalia','diam.Pellentesque.habitant@loremipsum.com','2019-05-17 11:57:54'),(767,'Hop','lacus.Ut@libero.org','2019-01-18 07:38:55'),(768,'Minerva','lacus.Nulla@hendrerit.ca','2020-09-09 21:18:19'),(769,'Gary','Aliquam.auctor.velit@Cras.ca','2020-08-09 12:44:00'),(770,'Gray','Duis.gravida.Praesent@magna.co.uk','2020-08-12 07:50:00'),(771,'Kelsey','ipsum@sagittisplaceratCras.co.uk','2020-08-10 12:19:18'),(772,'Riley','sapien.Nunc@malesuadafames.co.uk','2019-02-15 21:47:48'),(773,'Kenyon','lorem.fringilla@velit.ca','2019-06-14 23:27:45'),(774,'Orlando','tincidunt.nibh@egetlacusMauris.org','2019-05-24 23:27:44'),(775,'Reese','dis.parturient@malesuada.ca','2020-06-28 12:17:44'),(776,'Susan','tristique.aliquet@iaculisaliquet.net','2019-07-25 21:23:14'),(777,'Boris','velit@ac.net','2019-05-20 02:27:54'),(778,'Ali','rhoncus.id.mollis@Mauris.edu','2019-10-17 10:37:58'),(779,'Charissa','inceptos.hymenaeos.Mauris@at.co.uk','2020-04-23 07:51:56'),(780,'Sylvester','tortor.at.risus@lectusquismassa.co.uk','2019-12-19 21:21:59'),(781,'Meredith','et@magnaDuisdignissim.net','2020-09-14 06:44:06'),(782,'Elton','ante.iaculis@et.edu','2019-05-01 18:08:04'),(783,'Vincent','adipiscing.Mauris.molestie@et.co.uk','2020-10-14 02:59:51'),(784,'Lance','enim.Sed@Mauriseuturpis.co.uk','2020-01-16 09:44:19'),(785,'Jason','semper.dui.lectus@Etiam.edu','2019-09-09 21:40:04'),(786,'Luke','dolor.Fusce@fringilla.com','2019-09-12 15:38:49'),(787,'Victoria','ipsum.leo@neceleifendnon.org','2019-01-02 02:14:03'),(788,'Uriah','tristique.senectus@Donec.org','2020-08-31 11:43:41'),(789,'Ashton','In.ornare.sagittis@placeratCrasdictum.co.uk','2019-04-03 19:57:37'),(790,'Christian','pede.ac.urna@ac.com','2020-05-18 08:17:28'),(791,'Noble','amet.dapibus.id@Mauris.org','2020-09-15 13:51:53'),(792,'Xyla','Curabitur@sedturpis.net','2019-03-02 20:13:13'),(793,'Hamish','nunc@eutelluseu.net','2019-04-18 14:50:55'),(794,'Ginger','metus@vitaepurus.edu','2020-09-01 09:50:17'),(795,'Quinn','dolor@lectusjusto.ca','2020-05-10 06:09:08'),(796,'Blaze','odio.a.purus@liberoProinsed.net','2020-05-21 02:58:53'),(797,'Yuli','vestibulum.neque@justo.edu','2019-04-19 11:19:30'),(798,'Jermaine','mollis.non.cursus@necurna.org','2019-10-09 15:22:39'),(799,'Hanae','montes.nascetur@commodo.ca','2019-07-11 00:09:13'),(800,'Doris','Integer.sem@musAenean.com','2019-11-09 13:40:28'),(801,'Ora','tempor.augue.ac@consectetueradipiscing.net','2020-03-21 18:10:02'),(802,'Kelsie','ac@vitaealiquameros.com','2020-06-23 09:29:42'),(803,'Mallory','vitae.erat.Vivamus@nectellus.org','2019-04-06 21:01:46'),(804,'Burton','cursus.a.enim@ac.com','2020-07-15 02:47:52'),(805,'Renee','ligula@felisDonectempor.org','2020-04-13 23:21:18'),(806,'Mollie','vulputate.dui.nec@convallisest.co.uk','2019-04-04 09:10:17'),(807,'Ethan','eget@euismodin.edu','2020-06-22 20:36:15'),(808,'Meghan','nisi.magna.sed@malesuada.org','2019-11-15 13:25:24'),(809,'Rose','cursus.Nunc.mauris@erosNam.net','2020-09-15 21:52:07'),(810,'Shea','magna@tempusrisusDonec.co.uk','2020-09-06 13:16:47'),(811,'Walter','mi.ac@et.co.uk','2019-12-01 21:47:52'),(812,'Zahir','nisi@blandit.org','2019-05-08 14:10:43'),(813,'Roanna','Nulla.tincidunt@at.co.uk','2020-10-31 21:03:49'),(814,'Cara','neque@vel.net','2019-09-24 06:56:30'),(815,'Amir','condimentum@mi.edu','2020-08-03 12:52:14'),(816,'Kasper','risus.In@velit.co.uk','2020-04-26 23:22:39'),(817,'Heather','erat@mauris.org','2020-09-20 06:03:18'),(818,'Timon','Cras.eu@nuncullamcorpereu.edu','2019-06-13 13:40:37'),(819,'Jonah','Aliquam.vulputate.ullamcorper@ac.edu','2020-02-13 22:30:12'),(820,'Len','Sed.dictum.Proin@pellentesque.net','2020-10-21 20:23:15'),(821,'Julie','semper.auctor@Donecsollicitudin.ca','2019-11-18 00:01:16'),(822,'Gray','massa.Vestibulum.accumsan@non.com','2019-08-10 02:37:02'),(823,'Kirk','sit@massaInteger.com','2019-11-27 15:22:44'),(824,'Breanna','ante@mauris.org','2020-08-13 07:58:22'),(825,'Hadassah','ipsum@nonbibendumsed.org','2020-02-09 05:52:30'),(826,'Kylee','eget.metus@feliseget.co.uk','2020-10-06 09:35:17'),(827,'Omar','vitae@ligula.com','2019-04-15 03:57:06'),(828,'Nayda','sem.eget@liberoest.co.uk','2019-08-02 15:12:49'),(829,'Farrah','ridiculus.mus.Aenean@sapienAeneanmassa.net','2019-03-28 00:06:20'),(830,'Hasad','Curae.Donec.tincidunt@eleifendnec.co.uk','2019-06-24 20:49:15'),(831,'Quemby','eros.Nam.consequat@nonfeugiatnec.ca','2019-07-13 02:04:26'),(832,'Axel','sagittis.Nullam.vitae@VivamusrhoncusDonec.com','2019-07-04 20:40:35'),(833,'Zoe','ut@massaSuspendisse.net','2019-05-24 19:06:31'),(834,'Hayden','augue.eu@Donec.ca','2020-08-15 17:51:55'),(835,'Ila','diam.lorem@eget.edu','2020-06-13 06:22:37'),(836,'Barclay','Nullam.vitae.diam@tempusrisus.co.uk','2019-06-03 20:12:36'),(837,'Sara','hendrerit.a@convallisest.edu','2019-02-05 09:16:17'),(838,'Leigh','lobortis.augue.scelerisque@Vivamusnonlorem.ca','2019-12-22 18:40:44'),(839,'Harper','facilisis.facilisis@ipsumnunc.edu','2020-02-16 07:47:17'),(840,'Keiko','ligula.Nullam.feugiat@ametmassaQuisque.net','2020-09-20 09:15:56'),(841,'Herrod','orci.Ut@adipiscingligula.net','2019-08-31 13:40:11'),(842,'Caldwell','non.dapibus@dui.net','2020-07-15 07:41:21'),(843,'Plato','Suspendisse.aliquet.sem@luctussitamet.org','2020-02-17 13:13:16'),(844,'Octavius','Ut.semper.pretium@atfringillapurus.ca','2019-06-25 22:27:30'),(845,'Berk','nunc.interdum@Etiamvestibulum.org','2020-03-11 22:50:14'),(846,'Martha','vitae@mienim.co.uk','2019-07-24 15:02:58'),(847,'Noah','dolor@temporbibendum.co.uk','2020-03-24 06:23:05'),(848,'Arsenio','ut@luctuslobortisClass.org','2019-08-22 05:20:03'),(849,'Lev','eu@et.net','2020-02-23 15:44:38'),(850,'Joan','at.pretium@dignissim.co.uk','2019-12-10 23:06:49'),(851,'Lara','interdum.Curabitur@iaculisaliquet.net','2019-03-29 00:41:12'),(852,'Bradley','dapibus@sem.com','2019-03-01 14:26:29'),(853,'Kenyon','Sed@SeddictumProin.com','2019-09-29 21:12:32'),(854,'Natalie','ipsum@diamluctus.co.uk','2019-07-31 18:29:21'),(855,'Ethan','nunc.est.mollis@mitemporlorem.edu','2019-07-26 02:32:59'),(856,'Hilel','semper.dui.lectus@utaliquam.org','2020-05-30 09:23:34'),(857,'Abigail','vestibulum@atortor.ca','2019-05-15 12:36:49'),(858,'Emery','Proin.ultrices@vitae.co.uk','2019-06-05 16:30:29'),(859,'Dieter','enim@vel.net','2020-04-17 20:02:53'),(860,'Germaine','dapibus@nequepellentesquemassa.ca','2019-04-17 05:28:38'),(861,'Illana','Donec.non.justo@Fuscemi.net','2020-10-16 07:15:29'),(862,'Dolan','a.sollicitudin.orci@dapibus.co.uk','2020-05-10 14:00:19'),(863,'Shaeleigh','non.massa@nuncnulla.ca','2020-03-03 12:22:54'),(864,'Lael','vulputate.lacus.Cras@Vestibulumuteros.co.uk','2019-11-03 01:42:09'),(865,'Heather','risus.at@sit.co.uk','2019-10-20 23:02:23'),(866,'Hedwig','Mauris.ut@elitAliquam.com','2020-09-02 13:21:00'),(867,'Preston','amet@utipsumac.org','2020-03-27 13:13:56'),(868,'Irene','lacus@milorem.ca','2019-05-16 02:36:02'),(869,'Geraldine','nisi.nibh.lacinia@lacusUt.net','2019-06-28 14:13:11'),(870,'Quinn','lectus.convallis.est@luctusfelispurus.org','2020-05-24 22:08:25'),(871,'Cleo','Mauris.blandit@odio.net','2020-07-25 20:28:00'),(872,'Tara','lorem.lorem.luctus@amifringilla.ca','2019-06-13 00:46:12'),(873,'Edward','malesuada.augue.ut@diamatpretium.ca','2019-10-02 03:12:55'),(874,'Daniel','mi.lorem@arcuvel.co.uk','2019-04-09 20:15:30'),(875,'Prescott','non.hendrerit@Phasellus.org','2019-01-20 05:56:25'),(876,'Melyssa','et.magnis.dis@nuncrisus.net','2019-08-04 23:24:14'),(877,'Garrett','Nulla.tempor@interdumenimnon.ca','2020-10-25 14:32:51'),(878,'Curran','ac.tellus@aultriciesadipiscing.ca','2020-03-26 20:22:58'),(879,'Marshall','justo.eu@pedeetrisus.co.uk','2020-10-24 23:53:15'),(880,'Kadeem','convallis.convallis@egetmagnaSuspendisse.co.uk','2020-08-06 17:16:53'),(881,'Honorato','ligula.elit@Aeneaneuismod.org','2020-05-11 05:05:48'),(882,'Naomi','per@sociisnatoque.net','2019-05-21 13:27:20'),(883,'Grace','a.felis.ullamcorper@commodoauctorvelit.co.uk','2020-06-12 07:02:32'),(884,'Colin','ultrices.iaculis.odio@acurna.org','2020-06-12 03:38:18'),(885,'Jesse','Sed.congue.elit@fringillaeuismod.org','2020-04-19 17:55:19'),(886,'Wyoming','sem.vitae@Aeneaneget.com','2019-04-25 02:42:18'),(887,'Axel','Nulla.eu@adipiscing.net','2019-05-12 16:04:09'),(888,'Vivien','ultrices.Duis@Phaselluselitpede.ca','2020-06-02 10:22:46'),(889,'Paki','feugiat.non@maurisipsumporta.co.uk','2019-09-04 09:29:02'),(890,'Wing','et.netus@ac.net','2019-11-22 14:40:25'),(891,'Rhona','eu@Aeneanegestashendrerit.net','2020-10-13 13:21:41'),(892,'Lyle','mi.pede@vehicularisusNulla.net','2019-02-28 23:16:04'),(893,'Cody','eleifend@gravidasitamet.ca','2019-03-10 16:15:33'),(894,'Jared','eu@luctusipsumleo.net','2019-04-19 15:17:47'),(895,'Erich','natoque@estmaurisrhoncus.com','2020-02-22 19:19:03'),(896,'Sophia','Aliquam@sed.edu','2019-10-11 17:20:37'),(897,'Jolene','molestie.tellus.Aenean@risusa.co.uk','2020-07-14 08:51:36'),(898,'Maxwell','ipsum.Donec.sollicitudin@pedePraesent.com','2020-03-11 11:36:37'),(899,'Nehru','Suspendisse.aliquet@a.co.uk','2020-04-20 13:24:47'),(900,'Brody','Vestibulum.ante@ut.net','2020-10-07 09:21:24'),(901,'Ira','tellus@Nullatempor.org','2019-05-22 09:06:49'),(902,'Shoshana','parturient@apurus.ca','2020-07-06 00:43:44'),(903,'Jarrod','nibh.lacinia.orci@fringillaporttitorvulputate.ca','2019-06-13 11:42:52'),(904,'Malcolm','Proin.nisl@estMauriseu.com','2019-06-27 13:00:51'),(905,'Amaya','mauris.sagittis@luctuslobortis.org','2019-01-16 00:07:11'),(906,'Zelenia','ipsum.ac.mi@semegestas.ca','2019-04-22 10:42:12'),(907,'Keiko','tincidunt.nibh.Phasellus@congueIn.org','2019-03-11 20:07:43'),(908,'Sierra','orci.Phasellus.dapibus@Intincidunt.com','2020-06-19 17:12:26'),(909,'Haley','nibh.sit.amet@acmattis.ca','2020-07-03 09:05:28'),(910,'Hollee','rutrum.eu.ultrices@semper.net','2020-02-04 01:09:52'),(911,'Sebastian','Curae.Donec.tincidunt@dignissimlacus.co.uk','2019-12-07 03:28:25'),(912,'Macaulay','Cras.vehicula@vitae.org','2019-03-17 04:05:40'),(913,'Maxwell','semper.et.lacinia@Nuncsollicitudincommodo.edu','2020-07-02 13:49:46'),(914,'Seth','amet.faucibus@placeratCras.co.uk','2019-06-21 20:57:34'),(915,'Illana','primis.in@Vestibulumut.net','2020-09-24 11:13:30'),(916,'Megan','Mauris.quis@Incondimentum.co.uk','2020-03-29 20:09:51'),(917,'Phillip','suscipit.nonummy.Fusce@non.com','2019-06-12 21:21:35'),(918,'Iola','vulputate.nisi.sem@euismodmauris.net','2020-05-06 19:20:54'),(919,'Wendy','adipiscing.Mauris@id.edu','2019-02-09 06:51:04'),(920,'Kelsie','Nulla@cursus.co.uk','2020-06-24 20:51:43'),(921,'Abigail','consectetuer.cursus.et@est.co.uk','2020-09-18 21:40:22'),(922,'Shannon','semper.erat@eueuismodac.net','2019-12-18 02:13:20'),(923,'Christopher','magna.a.tortor@vulputatedui.com','2019-11-22 17:16:08'),(924,'Tatyana','Mauris.vel@netus.ca','2020-02-21 02:53:59'),(925,'Eliana','luctus@cursuseteros.co.uk','2019-12-15 13:36:38'),(926,'Dara','nec@lacinia.co.uk','2020-04-06 00:23:49'),(927,'Adena','Morbi.vehicula@posuereenim.co.uk','2019-08-14 15:12:01'),(928,'Griffin','laoreet@dapibus.org','2019-07-22 17:41:27'),(929,'Darius','massa.rutrum.magna@ProinultricesDuis.edu','2020-02-02 23:59:31'),(930,'Hammett','mauris.ut.mi@dapibus.co.uk','2020-01-29 13:00:03'),(931,'Inga','mus.Proin@Morbinequetellus.ca','2020-04-21 15:56:39'),(932,'Cameron','ac.risus@erosnectellus.co.uk','2020-07-23 04:33:23'),(933,'Jasper','at.pede.Cras@euarcuMorbi.edu','2019-05-04 07:45:54'),(934,'Janna','eleifend@eueleifend.ca','2020-08-16 23:09:41'),(935,'Paki','ullamcorper@portaelit.org','2019-06-13 01:16:08'),(936,'Cherokee','cursus.et.magna@vulputatemauris.co.uk','2019-02-23 13:31:06'),(937,'Halee','risus@duiquisaccumsan.co.uk','2019-05-04 06:38:41'),(938,'Arthur','commodo@eunibh.edu','2019-05-07 14:25:06'),(939,'Priscilla','porttitor.scelerisque@eusem.ca','2019-05-20 08:58:04'),(940,'Calista','elit.pellentesque@loremacrisus.co.uk','2020-05-11 16:43:06'),(941,'Sonya','et.tristique.pellentesque@senectus.org','2020-08-16 01:24:50'),(942,'Cooper','aliquet.diam.Sed@Sedauctorodio.ca','2020-02-27 23:41:45'),(943,'Michael','ante.Vivamus.non@egestasDuis.ca','2020-07-02 10:09:14'),(944,'Althea','sodales.nisi@dapibusrutrumjusto.com','2019-05-06 06:37:25'),(945,'Elvis','pellentesque.tellus.sem@tinciduntdui.ca','2019-11-16 10:00:38'),(946,'Brittany','libero.et.tristique@vel.edu','2019-03-07 02:22:13'),(947,'Rana','Sed.eget@quam.co.uk','2019-08-31 06:08:17'),(948,'Jolene','auctor.Mauris.vel@Quisque.ca','2020-09-26 21:11:56'),(949,'Raja','Pellentesque.tincidunt.tempus@imperdietnonvestibulum.org','2019-02-27 12:45:52'),(950,'Clare','ac.fermentum@maurisut.ca','2019-02-14 22:17:58'),(951,'Nomlanga','eu@cursusinhendrerit.net','2020-08-17 03:52:25'),(952,'Raja','mollis@mifelis.co.uk','2019-07-31 20:48:48'),(953,'Magee','Donec.tincidunt@tellusnonmagna.org','2019-01-09 22:38:11'),(954,'Lev','nulla@non.edu','2019-04-16 08:15:01'),(955,'Lana','Morbi.sit@necmalesuadaut.ca','2019-11-03 10:33:01'),(956,'Lysandra','tincidunt@cursusinhendrerit.com','2020-06-21 07:50:18'),(957,'Karina','enim.nisl.elementum@idanteNunc.ca','2019-08-15 23:24:36'),(958,'Edan','varius@arcuSed.com','2019-08-17 14:12:05'),(959,'Leroy','Sed@vulputateeu.co.uk','2019-12-04 19:57:41'),(960,'Hannah','ornare@risusquisdiam.edu','2019-08-03 01:12:17'),(961,'Ariel','ut.erat.Sed@consectetueradipiscing.ca','2020-08-03 17:46:51'),(962,'Carter','imperdiet.nec@sitametlorem.edu','2020-07-18 20:58:38'),(963,'Armand','quis@ametluctusvulputate.org','2019-10-15 23:14:25'),(964,'Ifeoma','Nam.tempor@Proin.com','2020-06-16 06:13:52'),(965,'Valentine','cursus.Nunc.mauris@ipsumleo.net','2019-01-09 19:01:13'),(966,'Reece','nisl@aliquetdiamSed.net','2019-07-08 10:31:53'),(967,'Nolan','Lorem.ipsum@aliquet.ca','2020-07-20 19:51:40'),(968,'Illiana','in.faucibus.orci@Donecnon.net','2019-09-03 00:59:00'),(969,'Rhona','amet.lorem@ligulaNullam.edu','2020-04-24 11:36:02'),(970,'Zahir','ac.feugiat@Duisac.org','2020-03-30 15:39:00'),(971,'Illiana','eu@massaSuspendisseeleifend.co.uk','2020-06-03 16:25:57'),(972,'Maxwell','sit.amet@magnisdisparturient.com','2020-07-03 05:30:34'),(973,'Matthew','suscipit@vitae.net','2020-08-17 02:03:13'),(974,'Cole','a.feugiat.tellus@Donecnonjusto.org','2019-08-26 02:24:14'),(975,'Hamish','mauris.erat.eget@fermentumconvallisligula.org','2019-11-29 01:13:57'),(976,'Driscoll','ante@elita.org','2019-09-13 22:37:07'),(977,'Deacon','vitae@etultricesposuere.com','2019-07-26 14:58:59'),(978,'Naida','Fusce.fermentum.fermentum@Proinsedturpis.ca','2019-07-20 01:57:53'),(979,'Isaac','magna.a@lectusasollicitudin.edu','2019-07-02 22:49:30'),(980,'Jonah','penatibus@ametconsectetueradipiscing.ca','2020-08-27 03:47:50'),(981,'Brendan','facilisis.non.bibendum@erat.co.uk','2020-07-03 03:35:22'),(982,'Jerome','rhoncus.Nullam.velit@purusgravida.ca','2020-04-13 23:24:00'),(983,'Fay','at.augue@amalesuada.com','2020-07-30 05:45:24'),(984,'Odette','fermentum@massaMaurisvestibulum.com','2020-10-03 12:52:55'),(985,'Tasha','bibendum.sed.est@pedeNuncsed.org','2020-06-16 10:50:02'),(986,'Shelley','lacus@enimdiamvel.com','2020-10-26 06:19:07'),(987,'Olga','neque@orciconsectetuereuismod.com','2019-01-23 07:31:17'),(988,'Valentine','ut@facilisisvitaeorci.co.uk','2020-02-06 06:28:15'),(989,'Emerald','Sed.auctor.odio@vitae.edu','2020-09-23 06:29:23'),(990,'Logan','lectus.pede.ultrices@Namporttitor.edu','2019-01-25 20:44:49'),(991,'Madison','consequat.purus@acarcuNunc.com','2019-05-16 17:36:16'),(992,'Charity','In.ornare@nequeNullam.ca','2019-02-02 04:26:02'),(993,'Malcolm','Sed.pharetra@vestibulumnequesed.co.uk','2020-05-30 19:12:45'),(994,'Sylvester','accumsan.neque@purussapiengravida.ca','2020-06-08 05:28:11'),(995,'Carson','dui@litora.co.uk','2019-08-24 04:16:46'),(996,'Carlos','In@nisl.org','2019-01-26 17:30:15'),(997,'Emi','nunc.Quisque.ornare@massaMaurisvestibulum.co.uk','2020-03-08 05:47:47'),(998,'Glenna','nunc.ac.mattis@massaInteger.co.uk','2020-03-09 06:06:02'),(999,'Keiko','sed.dui.Fusce@Namacnulla.com','2020-04-27 09:56:20'),(1000,'Galena','pede.blandit.congue@portaelit.net','2019-07-03 19:10:55'),(1001,'Alvin','justo.Praesent@luctus.ca','2020-06-16 14:36:53'),(1002,'Alec','in.hendrerit@Cras.co.uk','2019-10-11 08:06:23'),(1003,'Wylie','Aenean.eget.magna@elitpellentesque.com','2020-09-19 02:05:10'),(1004,'Dustin','arcu.ac@velvenenatis.ca','2019-01-19 00:14:27'),(1005,'Faith','ac@eget.org','2020-07-02 06:42:27'),(1006,'Byron','vitae.velit.egestas@Duis.com','2019-08-24 03:13:41'),(1007,'Josiah','scelerisque@tortorIntegeraliquam.net','2019-10-03 07:41:20'),(1008,'Sylvester','semper@vitae.org','2020-09-17 07:01:41'),(1009,'Yardley','gravida.Aliquam.tincidunt@nullaInteger.net','2019-01-09 22:16:17'),(1010,'Gregory','ante.dictum@arcuVestibulumante.edu','2019-03-07 19:20:34'),(1011,'Ila','Vestibulum@etarcuimperdiet.com','2020-04-07 04:45:00'),(1012,'Stephanie','nisl.sem.consequat@nislQuisquefringilla.org','2020-07-06 23:20:19'),(1013,'Sandra','ornare.lectus.ante@bibendumDonecfelis.ca','2019-06-14 13:19:17'),(1014,'Lisandra','orci@vestibulum.net','2019-04-14 09:41:14'),(1015,'Martin','id@miDuisrisus.co.uk','2020-07-15 21:34:37'),(1016,'Kylan','mi.Duis.risus@Classaptenttaciti.ca','2020-02-12 06:15:53'),(1017,'Desiree','Pellentesque@Aliquamauctorvelit.org','2019-10-17 03:05:58'),(1018,'Lara','sem.semper.erat@Sedetlibero.edu','2019-08-09 08:20:58'),(1019,'Cullen','nulla.ante.iaculis@vehicula.com','2020-07-19 16:16:47'),(1020,'Mari','id.ante.Nunc@risus.org','2020-07-03 08:14:01'),(1021,'Addison','erat.Vivamus@Quisquelibero.net','2019-11-05 19:19:36'),(1022,'Uriah','cubilia.Curae@sodalesnisi.org','2019-09-07 06:40:06'),(1023,'Athena','et@erat.org','2019-09-07 14:28:54'),(1024,'Drake','libero.Integer@aaliquet.ca','2020-02-17 11:27:53'),(1025,'Halla','in.magna.Phasellus@turpisAliquamadipiscing.com','2019-12-15 23:18:35'),(1026,'Tallulah','amet@magnaa.com','2019-05-07 01:53:57'),(1027,'Noah','non.nisi.Aenean@sitametmetus.ca','2020-10-10 19:56:24'),(1028,'Ramona','sed@idmagnaet.net','2019-07-30 12:37:00'),(1029,'Idona','accumsan.convallis.ante@anequeNullam.co.uk','2019-01-07 01:17:56'),(1030,'Freya','Cum.sociis@Quisqueimperdieterat.co.uk','2020-10-07 22:42:09'),(1031,'Edan','risus@Duis.co.uk','2019-03-24 17:50:00'),(1032,'Amity','senectus.et.netus@inceptoshymenaeosMauris.com','2020-07-19 05:19:47'),(1033,'Naida','eget@penatibusetmagnis.co.uk','2020-07-15 04:08:29'),(1034,'Rhiannon','Nullam.scelerisque@ligulaelitpretium.org','2020-04-13 03:41:47'),(1035,'Oscar','Duis@mus.edu','2020-04-27 04:09:52'),(1036,'Roanna','sit.amet@sagittislobortis.ca','2020-01-27 05:41:40'),(1037,'Cyrus','tellus.lorem@utdolor.edu','2019-06-29 22:11:35'),(1038,'Addison','nec@etcommodoat.co.uk','2020-02-17 10:23:24'),(1039,'Basia','luctus.ipsum.leo@fringillapurus.edu','2019-08-30 03:35:41'),(1040,'Riley','ultrices.posuere.cubilia@liberoet.ca','2020-01-11 17:06:02'),(1041,'Pascale','dis@Mauris.edu','2019-12-13 10:29:51'),(1042,'Melvin','Nullam.suscipit.est@loremut.net','2019-07-22 21:49:31'),(1043,'Omar','ultricies.ornare@Integerin.com','2019-10-17 11:21:46'),(1044,'MacKenzie','enim.Suspendisse.aliquet@eget.edu','2019-01-13 19:56:14'),(1045,'Keaton','Quisque@odioapurus.ca','2020-08-09 19:32:19'),(1046,'Harlan','non.bibendum@hendreritDonecporttitor.com','2020-10-01 04:15:11'),(1047,'Fatima','pede@euerosNam.com','2019-09-23 10:06:49'),(1048,'Quincy','tellus.imperdiet@acmattissemper.org','2020-07-03 05:48:41'),(1049,'Kirsten','vel@utodio.ca','2020-04-17 22:55:13'),(1050,'Arden','congue.a.aliquet@sem.edu','2019-08-06 05:21:22'),(1051,'Abraham','Fusce@lobortismauris.edu','2019-08-12 12:00:40'),(1052,'Paloma','non@sed.ca','2020-08-21 09:14:42'),(1053,'Lesley','ultrices.a@ultrices.net','2020-05-29 07:12:21'),(1054,'Amity','erat.neque.non@metus.co.uk','2020-02-04 14:20:39'),(1055,'Marcia','mauris.Morbi@facilisis.com','2019-04-27 16:37:58'),(1056,'Xerxes','vel.convallis@sodales.org','2019-05-02 06:47:10'),(1057,'Blythe','eleifend@odioauctor.ca','2019-08-06 20:04:59'),(1058,'Josephine','In@lectusa.co.uk','2020-09-11 22:11:03'),(1059,'Shay','Nam@ut.net','2019-08-30 08:42:57'),(1060,'Shelley','lobortis@hendreritid.net','2020-01-12 13:24:05'),(1061,'Tiger','commodo.ipsum@Aliquam.co.uk','2020-03-03 01:11:30'),(1062,'Simon','dolor.Fusce@egetdictum.net','2020-06-30 21:45:02'),(1063,'Macaulay','lectus@dui.net','2020-10-03 11:22:13'),(1064,'Quynn','Curabitur.egestas.nunc@mollis.net','2020-05-04 13:45:19'),(1065,'Sheila','dictum@ornarelectusante.org','2020-05-24 13:09:38'),(1066,'Dawn','Nullam@nibhenim.net','2019-12-18 10:51:43'),(1067,'Logan','suscipit.est@Maurisvestibulum.edu','2019-07-09 01:46:17'),(1068,'Chaney','vestibulum.neque.sed@commodotinciduntnibh.net','2020-09-13 06:42:45'),(1069,'Gannon','in.tempus.eu@mauris.com','2019-03-25 12:42:26'),(1070,'Edan','sit.amet.lorem@tempuslorem.co.uk','2019-12-06 04:24:51'),(1071,'Donovan','vestibulum@nequenon.edu','2019-02-03 13:33:34'),(1072,'Brielle','sapien.imperdiet@infelis.co.uk','2019-07-05 15:46:17'),(1073,'Craig','auctor.ullamcorper.nisl@urnaNullam.net','2019-09-01 11:43:53'),(1074,'Naida','molestie.Sed.id@feugiatmetus.com','2019-08-06 22:09:50'),(1075,'Sasha','at.velit.Pellentesque@vel.com','2020-09-25 07:39:23'),(1076,'Amela','turpis@loremipsum.org','2020-09-24 10:38:11'),(1077,'Tatum','pede.nec@liberoInteger.com','2020-10-26 05:58:12'),(1078,'Tate','dictum.augue.malesuada@necdiamDuis.com','2020-07-15 22:51:53'),(1079,'Travis','nibh.dolor@Donecest.com','2020-07-05 19:34:40'),(1080,'Tatiana','Proin.nisl.sem@lorem.net','2019-02-08 18:34:14'),(1081,'Eagan','amet@feugiat.ca','2020-09-23 06:18:32'),(1082,'Kai','sapien.molestie@gravidaPraesent.ca','2019-07-20 18:15:00'),(1083,'Lucius','faucibus.orci@dolorsit.net','2019-08-08 09:44:18'),(1084,'Noelle','eget.lacus.Mauris@maurisrhoncusid.org','2020-05-11 17:40:24'),(1085,'Addison','malesuada.vel.venenatis@fermentumvelmauris.co.uk','2019-06-17 13:11:53'),(1086,'Justine','Duis.ac.arcu@Namtempordiam.org','2019-09-02 21:30:05'),(1087,'Garrison','orci.luctus.et@dolor.co.uk','2019-09-23 11:05:34'),(1088,'Adrienne','nec@metussit.edu','2020-04-30 06:48:28'),(1089,'Dillon','interdum.Nunc.sollicitudin@egestasFusce.edu','2019-04-17 23:36:52'),(1090,'Brianna','leo@Cum.com','2019-03-30 22:38:06'),(1091,'Basil','Sed.pharetra.felis@acrisusMorbi.ca','2019-12-21 13:27:05'),(1092,'Kevin','odio@atpede.edu','2020-06-05 20:11:06'),(1093,'Linus','eu@mollisduiin.org','2019-09-08 13:40:20'),(1094,'Miriam','cursus@nuncQuisque.ca','2019-05-21 00:17:23'),(1095,'Hop','odio.Phasellus@liberoettristique.com','2020-02-28 18:42:15'),(1096,'Elmo','ornare@cubiliaCurae.ca','2020-02-17 09:19:27'),(1097,'Martena','molestie@iaculis.edu','2019-08-17 21:49:27'),(1098,'Jin','vehicula.aliquet.libero@venenatis.org','2019-09-07 05:38:19'),(1099,'Lane','magna@temporeratneque.ca','2019-12-19 22:34:31'),(1100,'Mufutau','diam@augueidante.co.uk','2020-07-03 19:05:09'),(1101,'Gillian','diam@vitaedolorDonec.edu','2020-06-16 21:40:12'),(1102,'Dylan','sed.dui.Fusce@vulputateullamcorper.org','2019-04-19 14:01:48'),(1103,'Keane','pretium.et@morbitristiquesenectus.net','2020-02-06 01:58:24'),(1104,'Keely','nec@turpisIn.ca','2019-03-02 18:13:47'),(1105,'Ivory','sit@Nam.net','2019-09-10 20:37:19'),(1106,'Patrick','nec.metus@sollicitudinamalesuada.ca','2020-05-20 22:50:17'),(1107,'Mari','non@pedemalesuadavel.co.uk','2020-09-06 02:15:39'),(1108,'Ima','Praesent@sagittis.org','2019-09-04 00:00:47'),(1109,'Elliott','commodo.auctor@sagittislobortismauris.ca','2020-01-08 21:19:51'),(1110,'Candice','risus@blanditcongueIn.ca','2019-06-17 08:51:45'),(1111,'Edan','Aenean.massa.Integer@fermentumvel.net','2020-03-04 01:00:46'),(1112,'Melissa','Nullam@arcuCurabitur.net','2020-03-07 18:47:18'),(1113,'Yolanda','tellus.lorem.eu@etlacinia.co.uk','2020-06-12 15:32:40'),(1114,'Giselle','dui.lectus.rutrum@nuncidenim.net','2019-12-03 09:25:17'),(1115,'Kennedy','at.fringilla@orci.com','2019-09-29 05:09:36'),(1116,'Irma','Integer.id@Cras.com','2020-08-08 09:57:23'),(1117,'Morgan','est.arcu.ac@ac.net','2020-06-01 19:54:05'),(1118,'Kitra','at.libero.Morbi@pedesagittis.ca','2020-07-07 15:01:41'),(1119,'Anjolie','metus.vitae.velit@ultriciesadipiscingenim.net','2019-12-28 23:56:01'),(1120,'Ima','mi.eleifend@lacus.edu','2020-10-16 23:19:18'),(1121,'Harrison','orci.lacus.vestibulum@Maurisutquam.net','2020-09-13 23:56:06'),(1122,'Kiayada','nascetur@Quisque.edu','2019-07-23 11:33:24'),(1123,'Ashton','Duis.elementum@turpisIncondimentum.com','2020-01-06 11:24:15'),(1124,'Imelda','posuere.at.velit@sociosquad.co.uk','2020-01-09 11:05:44'),(1125,'Cairo','a.arcu@idblandit.edu','2020-09-13 09:44:02'),(1126,'Sarah','in@acfermentumvel.org','2020-07-13 18:34:45'),(1127,'Owen','sapien@commodo.edu','2019-01-30 15:43:49'),(1128,'Kibo','Praesent.eu.nulla@Duisvolutpatnunc.edu','2020-08-21 00:27:55'),(1129,'Kyle','enim.nisl@ipsumacmi.edu','2020-03-31 04:24:55'),(1130,'Keith','est@Etiamimperdiet.ca','2020-09-12 23:23:01'),(1131,'Norman','ante.iaculis.nec@Lorem.ca','2020-07-16 17:01:20'),(1132,'McKenzie','odio.tristique.pharetra@tinciduntnibh.edu','2019-07-29 11:28:11'),(1133,'Wyoming','sagittis.Duis.gravida@ultricessit.co.uk','2020-04-08 23:37:00'),(1134,'Ali','placerat.velit@nequeIn.co.uk','2020-04-29 08:38:16'),(1135,'Perry','scelerisque.lorem.ipsum@pedeCrasvulputate.ca','2019-05-30 02:14:28'),(1136,'Chava','bibendum.sed@ametconsectetuer.edu','2019-06-14 10:31:18'),(1137,'Mara','Nulla.dignissim@Maurisquisturpis.edu','2019-02-25 15:20:48'),(1138,'Adria','sem@imperdietullamcorperDuis.co.uk','2020-07-23 00:15:19'),(1139,'Stephen','penatibus@pharetra.com','2020-01-21 02:55:04'),(1140,'Aimee','Curabitur@urnasuscipit.co.uk','2020-01-06 14:31:32'),(1141,'Cassidy','ac.ipsum@risusquisdiam.co.uk','2019-11-07 10:56:11'),(1142,'Jason','suscipit.est.ac@erat.com','2019-01-05 10:17:55'),(1143,'Justine','eu.ligula.Aenean@Quisque.co.uk','2020-01-27 14:49:43'),(1144,'Xerxes','auctor.Mauris.vel@luctusaliquetodio.org','2019-08-17 11:35:49'),(1145,'Grant','sem.mollis@facilisiSed.org','2020-10-24 07:54:19'),(1146,'Phelan','metus.In.lorem@nondui.ca','2020-03-15 01:01:19'),(1147,'Isaac','iaculis.lacus.pede@elitafeugiat.ca','2020-07-04 10:09:10'),(1148,'Kane','purus@nibh.co.uk','2020-07-14 06:55:26'),(1149,'Cameran','adipiscing@ipsum.edu','2019-11-21 08:22:33'),(1150,'Camden','purus@molestie.edu','2019-08-26 12:17:55'),(1151,'Sandra','nisl.arcu@ut.org','2020-05-30 23:22:20'),(1152,'Dalton','libero.at@vulputate.com','2019-12-08 13:32:35'),(1153,'Nelle','placerat.velit.Quisque@tristique.com','2020-06-30 05:09:49'),(1154,'Flynn','mattis@Phasellus.org','2019-12-19 20:34:14'),(1155,'Hamish','pharetra.felis.eget@et.org','2019-02-09 16:05:23'),(1156,'Brent','magna@leo.ca','2020-06-01 04:04:51'),(1157,'Axel','nec.tellus.Nunc@volutpatNulla.net','2019-07-24 22:25:03'),(1158,'Hamish','dolor@nonbibendum.edu','2019-07-07 20:09:16'),(1159,'Daria','vestibulum.Mauris.magna@pellentesque.ca','2020-03-01 07:44:58'),(1160,'Leroy','convallis.in@Morbinequetellus.edu','2020-03-18 12:52:07'),(1161,'Jasper','aliquet@imperdiet.com','2019-06-27 22:10:43'),(1162,'Nadine','Fusce@ac.org','2019-11-10 17:15:53'),(1163,'Riley','quam.quis@a.org','2019-08-31 08:36:15'),(1164,'Uma','mi.fringilla@volutpatnunc.org','2020-07-18 06:06:51'),(1165,'Marcia','magna.Duis.dignissim@erosnonenim.co.uk','2020-07-04 23:54:45'),(1166,'Gil','dui.Suspendisse.ac@loremsitamet.net','2019-04-18 21:26:03'),(1167,'Yetta','volutpat.ornare.facilisis@auctorvitaealiquet.edu','2019-09-29 07:42:38'),(1168,'Walter','mollis.non@enimEtiam.org','2020-05-12 07:07:13'),(1169,'Charissa','eu.elit@cursusluctusipsum.com','2020-06-20 08:51:21'),(1170,'Aphrodite','dis.parturient.montes@Cras.net','2019-05-29 11:04:16'),(1171,'Diana','Morbi.accumsan@nonmassanon.net','2019-06-22 18:32:33'),(1172,'Cassandra','dolor@adipiscingfringillaporttitor.ca','2019-08-06 10:50:29'),(1173,'Margaret','molestie.tortor.nibh@odio.co.uk','2020-01-02 06:44:37'),(1174,'Ivory','nunc.ac@nulla.org','2019-02-22 15:39:37'),(1175,'Trevor','tortor.dictum.eu@nisl.co.uk','2020-02-07 15:44:42'),(1176,'Lester','senectus.et@Morbiquisurna.edu','2020-08-04 04:10:46'),(1177,'Vance','non@porttitoreros.co.uk','2019-03-05 11:27:11'),(1178,'Leslie','Curae@dolortempusnon.net','2020-01-31 21:35:47'),(1179,'Marcia','vel.est@dictum.co.uk','2020-01-09 00:15:14'),(1180,'Oscar','inceptos.hymenaeos@felis.co.uk','2019-01-09 16:58:36'),(1181,'Christen','libero.Donec@magna.net','2019-08-28 06:57:51'),(1182,'Sarah','tortor.Integer@nibhAliquam.edu','2020-06-03 01:09:38'),(1183,'Bert','ut.erat.Sed@mollisPhasellus.edu','2020-09-21 21:12:45'),(1184,'Shad','Cras@auctorquistristique.com','2020-03-18 14:07:43'),(1185,'Francis','eu.ligula@tellusfaucibus.org','2019-06-30 23:39:25'),(1186,'Cameron','amet@necquam.ca','2019-05-06 21:16:13'),(1187,'Rhonda','ligula@Fusce.org','2020-06-09 18:46:48'),(1188,'Paul','feugiat@augue.ca','2020-07-08 10:56:57'),(1189,'Camilla','dui@tinciduntnequevitae.com','2019-03-28 07:43:15'),(1190,'Hilary','a@in.org','2019-10-03 08:33:26'),(1191,'Ronan','mattis.ornare@accumsansed.org','2019-10-20 12:31:52'),(1192,'Jasper','morbi@estac.com','2019-05-16 06:24:19'),(1193,'Allegra','blandit.enim.consequat@lacusUtnec.net','2019-08-30 21:58:35'),(1194,'Juliet','hendrerit.neque.In@massaVestibulum.ca','2020-08-24 22:56:51'),(1195,'Carson','vehicula@fringillacursuspurus.ca','2019-09-01 21:48:32'),(1196,'Gary','Integer.mollis@iaculis.co.uk','2020-05-05 01:07:29'),(1197,'Chaney','pulvinar.arcu.et@diamvelarcu.org','2020-04-14 05:36:24'),(1198,'Brynne','elit@Sednullaante.com','2019-11-02 16:58:04'),(1199,'Dorothy','ipsum.dolor@elitpretiumet.org','2020-04-22 19:41:03'),(1200,'Lester','vulputate.dui.nec@Quisqueliberolacus.com','2020-05-16 23:56:47'),(1201,'Eliana','in.faucibus.orci@malesuadaiderat.co.uk','2019-05-01 19:25:24'),(1202,'Pamela','Curabitur.ut.odio@perconubia.net','2020-10-02 13:55:42'),(1203,'Ashton','lacinia.orci@Duisrisusodio.ca','2020-07-27 01:31:14'),(1204,'Hu','In.scelerisque.scelerisque@Pellentesque.org','2020-06-15 19:45:24'),(1205,'Cara','risus.a.ultricies@convallisincursus.edu','2019-05-11 09:57:41'),(1206,'Dylan','vel@variusNam.net','2020-09-09 13:59:02'),(1207,'Carly','lorem.lorem.luctus@magna.ca','2020-10-30 16:33:50'),(1208,'Ava','faucibus.id@Morbiaccumsanlaoreet.com','2019-11-14 06:24:18'),(1209,'Cara','velit.Sed@at.ca','2019-08-16 01:11:30'),(1210,'Halla','Ut.tincidunt@Nunc.org','2019-05-01 02:49:18'),(1211,'Miriam','luctus.felis.purus@nonnisi.co.uk','2019-04-23 12:59:35'),(1212,'Maryam','molestie.dapibus@pretiumaliquetmetus.net','2019-07-14 05:01:34'),(1213,'Bert','neque.Nullam@consectetueradipiscingelit.edu','2019-02-01 18:49:30'),(1214,'Barclay','mollis.nec.cursus@sed.ca','2020-07-14 06:52:14'),(1215,'Mira','consectetuer@dapibusid.edu','2019-02-09 13:18:18'),(1216,'Jerome','malesuada@Phasellus.co.uk','2020-03-06 19:05:59'),(1217,'Callum','faucibus.orci@Donec.com','2020-05-12 22:57:53'),(1218,'Myles','Donec.egestas@eget.com','2019-02-05 05:36:09'),(1219,'Graiden','amet@adipiscing.com','2020-01-28 13:24:41'),(1220,'Colorado','lobortis.nisi@sodaleseliterat.ca','2019-09-24 05:52:08'),(1221,'Renee','ut.cursus.luctus@Nullam.ca','2019-02-04 23:43:05'),(1222,'Daniel','nascetur@atpretiumaliquet.net','2020-07-03 14:18:28'),(1223,'Xander','amet.faucibus@tristique.org','2020-10-14 09:02:26'),(1224,'Chancellor','ante.ipsum@nibhdolor.org','2020-06-03 05:50:32'),(1225,'Holly','in@Pellentesque.edu','2019-09-04 17:44:32'),(1226,'Laith','tempus.non@Duisgravida.edu','2019-10-26 00:57:30'),(1227,'David','Curabitur@luctus.ca','2019-07-30 05:25:08'),(1228,'Willa','mi.fringilla@ultricesVivamus.edu','2019-01-31 13:58:24'),(1229,'Colby','nulla@ac.com','2019-08-09 07:49:32'),(1230,'Lee','ipsum@Aenean.org','2020-04-21 15:37:49'),(1231,'Celeste','Aliquam@semperegestas.edu','2020-07-08 00:06:23'),(1232,'Cally','bibendum.sed.est@necante.co.uk','2020-08-18 07:14:04'),(1233,'Damian','euismod.mauris.eu@magnaNam.ca','2020-03-30 20:05:56'),(1234,'Caldwell','Nunc.commodo@vitae.com','2019-02-04 20:00:15'),(1235,'Nell','tempus@dapibusgravida.org','2019-01-14 16:00:30'),(1236,'Odette','vitae.erat.vel@sedturpisnec.com','2019-11-01 01:58:48'),(1237,'Andrew','id.sapien.Cras@Seddiam.edu','2019-08-30 01:21:22'),(1238,'Troy','sollicitudin@Aenean.co.uk','2020-01-29 12:04:55'),(1239,'Jennifer','gravida.sit@gravida.co.uk','2019-01-31 13:15:13'),(1240,'Celeste','velit@pharetra.co.uk','2020-01-14 16:56:43'),(1241,'Justin','enim@magnaUt.com','2019-10-06 01:03:40'),(1242,'Maxwell','mauris@malesuada.net','2020-07-03 14:21:24'),(1243,'Sandra','velit@magnaseddui.org','2019-11-19 16:48:11'),(1244,'Kathleen','metus.facilisis.lorem@semper.com','2019-01-29 13:36:19'),(1245,'Germane','eget.laoreet.posuere@lacusNullatincidunt.org','2019-05-06 18:47:36'),(1246,'Risa','Quisque@in.org','2020-03-05 17:16:09'),(1247,'Ria','nascetur.ridiculus@dictummagna.co.uk','2019-01-09 11:17:26'),(1248,'Alvin','cursus.purus@ataugueid.org','2020-06-21 02:58:37'),(1249,'Brett','ac@rutrummagna.edu','2020-07-26 15:28:26'),(1250,'Priscilla','lacus.pede@liberonecligula.com','2019-03-21 14:05:39'),(1251,'Elvis','ante.bibendum@faucibuslectus.net','2020-03-31 06:13:38'),(1252,'Keegan','Aliquam.ultrices.iaculis@Vestibulum.co.uk','2019-09-06 16:17:32'),(1253,'Shaeleigh','tortor.dictum.eu@rutrum.com','2020-08-23 07:21:42'),(1254,'Jordan','orci@orci.co.uk','2019-01-02 07:25:48'),(1255,'Macaulay','amet.metus.Aliquam@sit.ca','2019-07-27 23:45:17'),(1256,'Kasper','tellus.justo@tincidunt.ca','2020-02-19 11:10:33'),(1257,'Jada','urna@at.ca','2020-09-30 23:40:53'),(1258,'Uma','ullamcorper.viverra.Maecenas@lorem.com','2019-05-13 12:05:01'),(1259,'Fiona','Quisque.ac@veliteget.com','2020-01-05 02:08:26'),(1260,'Craig','Nam.nulla@laoreetposuereenim.org','2019-09-05 06:19:25'),(1261,'Brynn','Sed.dictum.Proin@Suspendissetristiqueneque.org','2019-08-27 05:06:26'),(1262,'William','mi.Aliquam@antedictumcursus.org','2019-09-14 18:15:24'),(1263,'Branden','eget@rhoncus.edu','2019-01-13 07:37:07'),(1264,'Garth','pharetra.Quisque.ac@eros.co.uk','2019-06-24 03:24:00'),(1265,'Jeanette','egestas.Duis@SuspendisseeleifendCras.ca','2019-10-22 17:10:01'),(1266,'Summer','libero.est.congue@Maurisvel.net','2019-03-16 07:50:22'),(1267,'Xander','Maecenas.malesuada@acfermentum.co.uk','2019-11-22 04:04:14'),(1268,'Cooper','cursus.et.eros@Cumsociisnatoque.org','2019-02-26 21:45:25'),(1269,'Veronica','aliquam.enim.nec@mauriselit.org','2020-07-06 16:42:11'),(1270,'Tamara','molestie.tortor@aliquam.co.uk','2019-03-22 21:17:11'),(1271,'Arsenio','Nulla.tempor.augue@justoeu.net','2020-07-27 14:20:29'),(1272,'Steel','arcu.iaculis@eleifendCrassed.edu','2019-02-10 14:32:58'),(1273,'Cheryl','Nulla.facilisis.Suspendisse@pharetrautpharetra.org','2019-12-05 03:05:24'),(1274,'Phillip','orci.sem.eget@ipsumdolorsit.ca','2019-10-02 10:17:45'),(1275,'Beck','risus@Loremipsum.org','2020-08-23 20:42:35'),(1276,'Shea','odio.Phasellus.at@non.ca','2019-03-21 01:53:05'),(1277,'Priscilla','nostra.per@enimnon.com','2019-09-19 11:58:50'),(1278,'Gretchen','Quisque.varius@nequevitaesemper.ca','2019-09-29 05:54:51'),(1279,'Wang','sem.egestas.blandit@non.edu','2019-11-10 05:36:44'),(1280,'Trevor','sit@laciniaatiaculis.net','2020-08-06 18:08:55'),(1281,'Jerome','vehicula.aliquet.libero@velit.co.uk','2020-05-24 08:06:02'),(1282,'Deanna','tellus@molestie.com','2020-09-30 21:01:09'),(1283,'Reagan','felis.ullamcorper@nequenon.org','2019-02-09 15:06:05'),(1284,'Alyssa','vitae@nuncsedlibero.ca','2019-12-25 19:49:16'),(1285,'Melvin','Sed@aliquam.org','2019-08-25 01:15:22'),(1286,'Cooper','Aliquam@a.ca','2019-05-20 16:13:35'),(1287,'Noah','magnis.dis.parturient@Ut.org','2020-05-12 20:04:20'),(1288,'Alvin','eu.tempor@aclibero.co.uk','2020-08-03 06:07:19'),(1289,'Vielka','cursus.diam@Morbiaccumsan.ca','2020-07-08 17:38:48'),(1290,'Serina','sit.amet.lorem@hendreritid.com','2019-11-14 10:04:34'),(1291,'Clinton','Sed.dictum.Proin@liberoMorbi.org','2020-07-25 01:43:56'),(1292,'Sierra','vulputate@semperrutrumFusce.edu','2020-09-09 15:18:20'),(1293,'Tanek','mi@pellentesquemassa.ca','2020-05-07 22:54:42'),(1294,'Sylvester','lorem@eros.ca','2019-04-01 22:08:45'),(1295,'Alexa','quis.pede.Suspendisse@nec.ca','2019-11-03 19:18:33'),(1296,'Aline','Sed.nulla.ante@ultricesiaculisodio.net','2019-08-07 02:16:22'),(1297,'Edan','vitae.mauris.sit@Proinnonmassa.edu','2020-06-13 17:31:36'),(1298,'Illiana','et.ultrices@eu.edu','2020-01-21 04:20:34'),(1299,'Amethyst','hendrerit.consectetuer.cursus@luctuset.co.uk','2020-08-03 11:04:14'),(1300,'Declan','aliquet.odio.Etiam@miloremvehicula.ca','2019-06-26 03:52:33'),(1301,'Emma','ut.odio.vel@ut.net','2020-07-07 14:43:03'),(1302,'Lev','pharetra.sed@loremluctusut.edu','2020-07-24 21:08:22'),(1303,'Lionel','blandit.at@Namconsequatdolor.edu','2020-07-06 14:59:06'),(1304,'Trevor','lacinia.at@Suspendissetristiqueneque.org','2020-09-09 11:26:59'),(1305,'Jana','mauris@sapienCrasdolor.net','2019-07-31 15:06:06'),(1306,'Charity','est.vitae.sodales@sedpede.com','2019-05-31 22:09:30'),(1307,'Chantale','Duis.gravida.Praesent@euplacerateget.ca','2020-08-18 18:49:04'),(1308,'Brock','est@eleifend.org','2019-09-27 07:53:04'),(1309,'Peter','arcu.ac.orci@utaliquam.org','2020-06-17 06:11:26'),(1310,'Leilani','odio.vel@idmagnaet.net','2020-08-19 15:53:10'),(1311,'Gray','augue.eu@mauris.org','2020-08-11 17:50:48'),(1312,'Oscar','aliquet@molestieSedid.org','2020-08-16 09:15:00'),(1313,'Lawrence','nascetur.ridiculus.mus@egestaslaciniaSed.net','2020-08-30 19:07:04'),(1314,'Rebecca','Sed.nunc.est@Donecfelisorci.org','2020-04-30 01:02:37'),(1315,'Otto','Curabitur@ideratEtiam.net','2019-10-23 04:21:32'),(1316,'Samuel','vitae@euismodindolor.net','2020-06-28 22:26:47'),(1317,'Tobias','bibendum.fermentum.metus@sedfacilisisvitae.org','2019-10-18 12:44:37'),(1318,'Castor','dolor.Fusce@ridiculus.org','2020-01-29 16:00:07'),(1319,'Adam','Integer.mollis.Integer@rutrumeu.net','2020-01-04 10:58:01'),(1320,'Anjolie','velit.egestas@maurisipsumporta.edu','2019-06-16 16:37:52'),(1321,'Sopoline','risus@consectetueradipiscing.co.uk','2020-07-05 22:38:38'),(1322,'Howard','Morbi.accumsan.laoreet@imperdietullamcorper.net','2019-01-06 03:59:02'),(1323,'Uriah','nisl@eu.ca','2019-04-12 12:34:03'),(1324,'Donna','purus.Maecenas.libero@gravidasagittis.org','2020-05-21 19:21:51'),(1325,'Octavius','diam.at.pretium@nibhvulputatemauris.co.uk','2019-03-10 23:30:18'),(1326,'Signe','eu@erosturpis.co.uk','2019-01-16 11:12:09'),(1327,'Karyn','arcu@justoProin.net','2019-12-18 16:14:56'),(1328,'Kiona','Donec@duinec.co.uk','2020-05-25 04:19:53'),(1329,'Zane','vulputate@mi.ca','2020-06-05 00:34:10'),(1330,'Indira','Curabitur.sed@lobortis.net','2020-07-19 16:30:01'),(1331,'Kirby','mauris@sem.edu','2020-10-03 18:10:07'),(1332,'Kessie','Proin.sed.turpis@FuscefeugiatLorem.org','2020-10-31 07:39:51'),(1333,'Ulla','sapien.Aenean@sitamet.net','2020-07-23 01:22:26'),(1334,'Ryder','lorem@rutrum.ca','2019-12-17 11:35:38'),(1335,'Lev','mollis@velit.net','2019-05-09 16:03:42'),(1336,'Deirdre','et.lacinia@pedeblandit.edu','2019-01-27 06:04:03'),(1337,'Hermione','magna@egetdictumplacerat.org','2019-05-04 18:05:28'),(1338,'Patrick','Donec@Integervulputaterisus.com','2020-02-23 22:28:52'),(1339,'Indigo','neque.vitae.semper@vitaerisus.co.uk','2019-07-09 17:43:35'),(1340,'Honorato','eleifend.non@vestibulum.ca','2019-05-09 10:51:31'),(1341,'Drew','blandit.at.nisi@posuereat.com','2019-09-12 06:34:04'),(1342,'Ursula','quis.diam@Maurisblanditenim.edu','2020-04-04 07:02:12'),(1343,'Hollee','metus.Vivamus@tristique.ca','2020-06-10 22:36:19'),(1344,'Gareth','cubilia.Curae@eunibhvulputate.co.uk','2019-10-29 02:26:50'),(1345,'Abbot','Curabitur.massa@semper.net','2020-10-16 15:22:11'),(1346,'Myra','massa@tellusAeneanegestas.net','2019-10-11 07:07:14'),(1347,'Hakeem','sed.orci@nuncac.com','2019-07-07 18:43:38'),(1348,'Trevor','cursus.purus@inceptoshymenaeos.net','2020-10-05 13:24:07'),(1349,'Ignatius','lectus@enimcondimentum.ca','2020-05-14 11:39:24'),(1350,'Ella','arcu.imperdiet@nisi.edu','2020-05-05 18:01:50'),(1351,'Audrey','primis@est.ca','2019-08-06 03:47:45'),(1352,'Kennedy','arcu.Aliquam@sodalespurus.com','2020-04-20 05:59:11'),(1353,'Maya','non@risus.org','2020-02-19 08:48:48'),(1354,'Murphy','lectus@nequeInornare.net','2019-06-25 23:38:33'),(1355,'Macey','sapien@loremut.net','2020-02-17 05:14:41'),(1356,'Chase','facilisis.lorem@mi.net','2019-11-03 03:27:27'),(1357,'Keefe','nunc.sit.amet@Nulla.org','2020-07-22 12:23:41'),(1358,'Beck','purus.sapien.gravida@odiosagittis.org','2020-02-02 15:54:14'),(1359,'Ronan','dui@Loremipsum.com','2019-10-09 10:55:06'),(1360,'Wylie','bibendum.Donec.felis@purusaccumsaninterdum.org','2019-12-11 14:25:07'),(1361,'Frances','nulla@fringillaornareplacerat.edu','2020-06-28 09:25:16'),(1362,'Blossom','Integer@quisturpisvitae.co.uk','2020-07-07 21:15:14'),(1363,'Richard','sociis@Aliquamadipiscinglobortis.org','2020-08-22 00:45:42'),(1364,'Brooke','metus.urna@orci.org','2020-07-12 16:40:48'),(1365,'Gregory','in.faucibus@purusMaecenaslibero.net','2019-06-08 00:28:07'),(1366,'Graiden','Curae.Donec.tincidunt@neque.co.uk','2019-05-24 06:14:12'),(1367,'Leila','dolor@faucibusorciluctus.ca','2020-05-18 07:22:32'),(1368,'Hadley','eu.metus.In@Infaucibus.edu','2019-06-04 17:48:40'),(1369,'Garrison','Mauris.vestibulum@gravida.co.uk','2020-05-05 08:31:16'),(1370,'Reagan','fermentum.arcu.Vestibulum@imperdietnecleo.ca','2020-04-24 10:11:13'),(1371,'Riley','et.magnis@eratvolutpatNulla.co.uk','2020-05-26 05:57:02'),(1372,'Griffin','mi.fringilla.mi@consequatpurus.ca','2020-10-19 00:38:17'),(1373,'Jared','arcu@consectetuercursus.co.uk','2020-01-06 03:20:55'),(1374,'Teegan','suscipit.nonummy.Fusce@Donec.net','2020-02-26 10:55:08'),(1375,'Blossom','adipiscing@fermentumconvallisligula.org','2019-12-13 14:55:41'),(1376,'Kenyon','nibh.enim@Craseu.ca','2019-10-15 05:01:53'),(1377,'Aubrey','velit.Cras@sapien.net','2020-04-22 02:39:04'),(1378,'Wesley','dictum.cursus.Nunc@vel.ca','2020-03-16 09:26:10'),(1379,'Kareem','dui.nec@augueutlacus.org','2019-10-17 12:35:37'),(1380,'Cairo','Morbi@Fuscedolor.com','2019-11-01 01:21:42'),(1381,'Rebekah','amet.ante.Vivamus@senectusetnetus.ca','2020-08-31 05:14:54'),(1382,'Lydia','Fusce.aliquet.magna@velitegestas.com','2019-08-01 01:07:56'),(1383,'MacKensie','at.nisi.Cum@ornare.ca','2019-08-02 01:31:55'),(1384,'Thor','augue@consectetuer.ca','2019-03-14 10:25:34'),(1385,'Bevis','convallis.ante.lectus@aliquet.co.uk','2020-05-27 03:18:40'),(1386,'Rhonda','ridiculus.mus.Donec@dolorsitamet.com','2019-11-19 04:58:03'),(1387,'Ian','amet.nulla@arcuVivamus.ca','2019-03-05 05:26:27'),(1388,'Jameson','Nullam@convallisconvallis.edu','2020-06-22 10:10:48'),(1389,'Nyssa','dolor.sit.amet@pedeCumsociis.org','2020-05-08 08:09:51'),(1390,'Leonard','facilisis@Nullam.net','2019-09-06 15:13:21'),(1391,'Brandon','cursus.non@scelerisque.edu','2019-06-02 07:37:16'),(1392,'Kane','vel.arcu@tellus.com','2020-10-17 20:05:31'),(1393,'Lucius','Morbi.quis@sitametante.co.uk','2019-12-27 03:59:46'),(1394,'Gary','egestas@nislMaecenasmalesuada.ca','2020-07-31 20:49:02'),(1395,'Reuben','ipsum@Aliquamornarelibero.co.uk','2019-01-10 13:57:08'),(1396,'Sawyer','amet@risusMorbi.org','2019-08-24 20:21:57'),(1397,'Judith','adipiscing.elit@vel.net','2020-07-14 05:04:08'),(1398,'Cade','amet.luctus@enim.net','2020-06-26 19:11:40'),(1399,'Kamal','ornare.lectus.ante@lectusantedictum.ca','2020-04-28 00:10:29'),(1400,'Felicia','sociis.natoque.penatibus@tempus.edu','2020-01-20 12:34:47'),(1401,'Virginia','a.odio@interdum.org','2020-02-03 05:01:15'),(1402,'Nerea','amet.massa.Quisque@Namconsequatdolor.co.uk','2020-06-07 18:32:39'),(1403,'Austin','taciti@sem.co.uk','2020-04-26 23:48:01'),(1404,'Vielka','consequat@faucibusutnulla.org','2020-05-08 19:54:56'),(1405,'Omar','dui.in@Mauriseuturpis.ca','2020-06-01 10:51:50'),(1406,'Craig','volutpat@magnis.net','2020-10-27 04:23:09'),(1407,'Paki','posuere.cubilia.Curae@velesttempor.net','2020-02-16 06:44:07'),(1408,'Frances','Cum.sociis.natoque@dolortempusnon.edu','2020-06-21 17:01:43'),(1409,'Rowan','interdum@turpisNulla.com','2019-05-03 15:07:13'),(1410,'Lionel','enim.Suspendisse@risus.net','2020-07-13 19:36:20'),(1411,'Cain','libero.lacus@cursusdiam.co.uk','2020-06-11 09:21:22'),(1412,'Brent','eget.ipsum@primis.co.uk','2020-07-23 20:30:04'),(1413,'Mufutau','in.magna@ornaresagittis.net','2020-02-21 04:41:01'),(1414,'Lee','Maecenas@sem.co.uk','2019-06-16 09:27:58'),(1415,'Baker','Aliquam@neccursus.co.uk','2019-11-09 08:05:33'),(1416,'Lenore','at@dolorNullasemper.com','2020-06-04 18:23:46'),(1417,'Ahmed','ligula.elit@rutrumeu.org','2019-02-10 14:32:57'),(1418,'Jermaine','dolor.nonummy@odio.ca','2020-07-28 18:26:18'),(1419,'Macy','enim.Etiam.gravida@Quisque.ca','2019-05-20 07:21:28'),(1420,'Linus','ut@parturient.co.uk','2019-01-16 04:05:20'),(1421,'Reuben','facilisis.eget@acrisusMorbi.edu','2020-04-14 16:10:18'),(1422,'Adam','nascetur.ridiculus.mus@Cum.com','2020-10-09 13:52:27'),(1423,'Brendan','mi.eleifend@varius.net','2020-02-15 13:22:40'),(1424,'Rachel','iaculis.odio@lobortisClassaptent.ca','2020-08-03 06:37:49'),(1425,'Nehru','eleifend.non.dapibus@vel.org','2020-07-29 10:10:24'),(1426,'Jenette','urna.convallis.erat@magnisdis.edu','2020-08-19 16:46:24'),(1427,'Karly','Phasellus.libero.mauris@sedsem.ca','2020-06-07 15:27:30'),(1428,'Brody','neque.Sed@vulputateveliteu.edu','2019-01-28 19:52:16'),(1429,'Angela','senectus.et@diamPellentesque.co.uk','2020-01-24 22:00:58'),(1430,'Cassandra','adipiscing.lobortis.risus@maurissit.net','2020-08-22 06:21:12'),(1431,'Gay','orci.adipiscing@Praesent.ca','2019-05-08 06:34:46'),(1432,'Ralph','eu@Maecenasornare.com','2019-01-06 17:02:34'),(1433,'Beck','dictum.Phasellus.in@nisidictumaugue.edu','2019-03-26 23:19:02'),(1434,'Isabella','Duis.dignissim.tempor@Nunc.net','2019-07-04 11:41:01'),(1435,'Rigel','tempus.risus.Donec@atvelitPellentesque.com','2020-07-03 04:02:21'),(1436,'Teegan','est@ipsumSuspendissenon.edu','2020-04-01 20:29:58'),(1437,'Reagan','pede.malesuada.vel@odioPhasellusat.ca','2019-09-12 02:18:25'),(1438,'Lucius','sagittis@Sedegetlacus.net','2019-07-29 14:02:27'),(1439,'Roth','Integer@euismod.net','2019-08-29 04:10:45'),(1440,'Philip','Duis@nulla.co.uk','2019-03-22 20:44:50'),(1441,'Vance','velit@odio.net','2020-06-11 10:58:23'),(1442,'Dexter','vitae.mauris@Vivamus.com','2020-07-20 11:16:30'),(1443,'Reese','quis@posuere.co.uk','2020-10-31 16:56:50'),(1444,'Basil','Curabitur@Donecegestas.ca','2019-12-02 14:40:09'),(1445,'Amir','sem.magna.nec@cursuset.com','2019-02-12 05:50:54'),(1446,'Lucian','eu@nisisem.net','2020-08-11 17:44:40'),(1447,'Deacon','sodales.at.velit@nunc.edu','2020-06-23 09:36:42'),(1448,'Beatrice','sollicitudin.orci.sem@nequeSedeget.net','2020-04-01 21:46:49'),(1449,'Bernard','Integer@quamPellentesquehabitant.com','2020-10-01 00:02:22'),(1450,'Charlotte','eros.nec@vitaeerat.ca','2020-09-07 19:03:35'),(1451,'Prescott','diam.Pellentesque.habitant@scelerisquesed.com','2020-06-05 04:31:47'),(1452,'Maile','nonummy@felispurusac.ca','2019-12-24 03:21:25'),(1453,'Vaughan','dictum@posuerecubilia.ca','2019-04-05 18:13:37'),(1454,'Deacon','et.magna.Praesent@afeugiattellus.edu','2020-09-09 01:28:33'),(1455,'Abdul','mollis.non@quama.co.uk','2020-05-19 03:59:18'),(1456,'Selma','tincidunt.nibh.Phasellus@FuscemollisDuis.ca','2019-10-11 07:29:28'),(1457,'Martin','a@Proinmi.edu','2020-08-20 09:36:30'),(1458,'Rooney','nunc.est.mollis@erat.org','2020-02-23 08:24:04'),(1459,'Pascale','vel.vulputate@liberoestcongue.edu','2019-03-20 22:37:35'),(1460,'Rinah','egestas.a@pharetraNamac.com','2019-04-18 16:53:03'),(1461,'Francis','non.justo@nequenonquam.ca','2020-03-30 15:34:42'),(1462,'Clayton','tincidunt@tempus.net','2019-04-08 01:17:30'),(1463,'Amy','ligula.Aenean.gravida@risusvarius.com','2020-03-17 18:41:57'),(1464,'Arden','risus@lectus.edu','2019-01-23 02:22:02'),(1465,'Rhoda','metus.eu.erat@sodales.ca','2019-09-21 05:48:34'),(1466,'Dale','tempus@ornarelectus.org','2020-03-29 04:03:09'),(1467,'Abel','Donec.fringilla@magnamalesuadavel.ca','2019-07-26 05:16:31'),(1468,'Marvin','ut.erat@massaInteger.edu','2019-10-10 16:41:34'),(1469,'Quinn','lacus.Quisque.purus@primis.co.uk','2020-05-04 14:53:02'),(1470,'Nero','malesuada@nisiMaurisnulla.net','2020-06-11 13:49:08'),(1471,'Xaviera','elementum.purus.accumsan@montesnasceturridiculus.net','2020-04-07 05:58:17'),(1472,'Karina','tincidunt.tempus@Vivamussit.com','2019-08-19 11:20:16'),(1473,'Jana','orci@semperetlacinia.com','2020-02-22 17:37:06'),(1474,'Rashad','aliquet.metus@velitduisemper.com','2020-10-24 20:41:42'),(1475,'Zoe','nisl.Quisque@et.ca','2019-11-19 20:13:34'),(1476,'Cody','molestie.in@sociosquadlitora.net','2019-05-28 06:17:14'),(1477,'Wilma','Nullam@dapibusligula.ca','2019-05-08 01:06:58'),(1478,'Alec','lacus@ultriciesdignissim.edu','2020-07-22 02:52:51'),(1479,'Darius','quis.pede.Praesent@magnisdisparturient.com','2019-01-26 12:49:15'),(1480,'Pearl','Phasellus.at.augue@vitaerisus.co.uk','2019-05-28 06:44:54'),(1481,'Quentin','fermentum@pede.ca','2020-06-24 17:42:13'),(1482,'Scarlett','In.nec.orci@non.com','2019-03-19 03:55:26'),(1483,'Angelica','ipsum.porta.elit@risusNulla.org','2019-06-08 09:57:54'),(1484,'Gabriel','Quisque.purus.sapien@arcu.com','2020-02-19 04:27:55'),(1485,'Damon','bibendum.sed@molestiedapibus.edu','2020-06-19 02:44:30'),(1486,'Kato','erat.Etiam@Etiamvestibulummassa.com','2019-05-30 18:44:19'),(1487,'Kieran','enim.Mauris@et.co.uk','2019-01-21 11:39:45'),(1488,'Hall','eros@ideratEtiam.com','2020-08-22 19:27:16'),(1489,'Lyle','eleifend@pedenecante.co.uk','2019-09-07 02:45:14'),(1490,'Dennis','ut.quam.vel@risusDuisa.ca','2020-08-23 01:33:03'),(1491,'Sophia','et.arcu@idblanditat.co.uk','2019-05-27 10:20:39'),(1492,'Jerry','ante@Cum.net','2020-02-15 22:23:56'),(1493,'Kane','Curae.Donec@risusIn.com','2020-07-21 22:50:47'),(1494,'Kristen','malesuada.id@elementumsemvitae.co.uk','2020-07-20 17:24:59'),(1495,'Sebastian','ultrices.mauris@cursus.net','2020-03-22 19:57:46'),(1496,'Colorado','eu.augue@velquam.com','2020-06-16 19:23:54'),(1497,'Larissa','orci@aliquetmagnaa.ca','2020-04-18 05:43:33'),(1498,'Oliver','natoque@nislQuisquefringilla.org','2019-02-13 06:34:05'),(1499,'Fiona','est@ligula.edu','2019-09-06 10:09:05'),(1500,'Kyle','at.auctor.ullamcorper@habitantmorbitristique.com','2020-07-03 12:56:20'),(1501,'Ralph','interdum@magnamalesuadavel.ca','2020-07-25 04:50:41'),(1502,'Ignatius','ullamcorper.Duis@acipsum.com','2019-04-19 02:42:30'),(1503,'Karyn','adipiscing@et.ca','2019-09-30 10:21:02'),(1504,'Brenden','Nam.porttitor@a.ca','2019-05-18 05:45:37'),(1505,'Carter','diam.nunc.ullamcorper@massa.co.uk','2019-04-09 02:24:07'),(1506,'Thane','imperdiet.ornare@Vestibulum.net','2019-10-02 03:10:42'),(1507,'Imani','Integer@aliquetProin.edu','2019-11-25 03:57:16'),(1508,'Conan','nec.ligula.consectetuer@massa.com','2020-07-24 12:22:32'),(1509,'Ryder','blandit.mattis@mi.co.uk','2019-08-04 17:24:57'),(1510,'Erich','malesuada.fames@neceleifendnon.co.uk','2019-04-15 05:16:41'),(1511,'Briar','dictum.eu.eleifend@elitelitfermentum.edu','2019-05-11 17:51:57'),(1512,'Thomas','Nulla@quam.com','2019-12-22 20:06:17'),(1513,'Fleur','Quisque.ac.libero@acmattis.net','2019-05-19 17:32:34'),(1514,'Wylie','neque.Sed.eget@tempor.ca','2019-03-24 04:43:12'),(1515,'Fatima','est.Nunc@erosnonenim.ca','2019-07-11 05:53:31'),(1516,'Victor','urna.nec@Suspendissedui.ca','2020-07-12 09:29:18'),(1517,'Violet','ultrices.posuere@tincidunt.org','2020-09-17 11:05:52'),(1518,'Maris','mauris.aliquam.eu@hendrerit.org','2020-10-18 06:17:20'),(1519,'Remedios','augue.porttitor.interdum@nonvestibulum.co.uk','2019-01-30 07:39:58'),(1520,'Oren','Nam.interdum@Donec.net','2019-07-03 11:04:05'),(1521,'Hop','Ut.semper.pretium@iaculis.co.uk','2019-06-15 05:28:37'),(1522,'Caldwell','sem.magna@Quisque.edu','2020-08-31 11:35:18'),(1523,'Caryn','Aliquam@Curabiturut.net','2019-03-15 20:15:12'),(1524,'Kerry','dolor.egestas.rhoncus@metus.co.uk','2019-10-23 19:52:37'),(1525,'Faith','blandit.Nam.nulla@Donecfelis.edu','2019-05-10 10:57:33'),(1526,'Oleg','nec.luctus.felis@acarcu.co.uk','2020-09-28 15:37:50'),(1527,'Plato','consequat.auctor@lacusQuisque.ca','2020-05-08 20:04:31'),(1528,'Alea','lectus.pede.ultrices@quisurnaNunc.edu','2020-01-06 17:08:02'),(1529,'Francis','Nunc.laoreet.lectus@Donectemporest.co.uk','2020-06-15 02:12:01'),(1530,'Melyssa','sed.leo@Crasvehiculaaliquet.net','2019-03-05 07:14:05'),(1531,'Colby','nascetur.ridiculus.mus@dignissim.org','2019-10-14 13:46:33'),(1532,'Austin','vitae@porttitorvulputate.org','2019-01-16 18:36:31'),(1533,'Nasim','suscipit.nonummy.Fusce@Suspendisse.org','2019-09-23 12:55:14'),(1534,'Alice','massa.lobortis.ultrices@feugiatnecdiam.org','2020-04-24 18:16:05'),(1535,'Lewis','in.lobortis.tellus@estvitaesodales.com','2020-08-25 16:42:43'),(1536,'Fleur','feugiat.Sed@blandit.net','2020-07-22 21:37:37'),(1537,'Lila','malesuada.augue.ut@luctussitamet.net','2019-12-02 12:31:15'),(1538,'Julie','sed.facilisis.vitae@amet.edu','2019-01-14 15:24:01'),(1539,'Daquan','non.lobortis.quis@euismodurna.edu','2020-03-23 06:13:31'),(1540,'Ciaran','auctor.odio.a@Aliquamornarelibero.ca','2020-07-22 19:44:24'),(1541,'TaShya','enim.gravida@ipsum.ca','2019-11-08 21:21:01'),(1542,'Sheila','vitae.mauris.sit@sitametante.ca','2020-07-13 22:33:50'),(1543,'Aurora','ornare.Fusce@orciUtsagittis.edu','2020-04-09 08:01:08'),(1544,'Keegan','tincidunt@orciquislectus.co.uk','2019-03-07 12:52:32'),(1545,'Beau','vehicula.et@facilisisfacilisis.net','2020-05-06 07:18:07'),(1546,'Yasir','amet@Duisami.org','2020-09-27 00:39:18'),(1547,'Avram','pulvinar@risusNulla.com','2020-05-16 08:28:40'),(1548,'Claire','sed.leo.Cras@acmetus.ca','2019-04-09 15:16:07'),(1549,'Travis','et.lacinia.vitae@velest.net','2020-06-15 03:45:21'),(1550,'Ray','sapien@ac.net','2019-08-03 20:14:59'),(1551,'Leilani','risus@ettristiquepellentesque.org','2020-04-10 13:44:58'),(1552,'Vivian','Mauris.vestibulum@ultrices.net','2020-06-09 17:04:55'),(1553,'Jared','faucibus@egetmetuseu.edu','2020-08-03 05:21:29'),(1554,'Kato','ut.nisi.a@infelis.com','2019-03-15 07:45:00'),(1555,'Colby','ut@loremvehicula.com','2020-08-21 20:02:40'),(1556,'Jillian','sollicitudin.adipiscing@fames.ca','2019-12-26 08:38:55'),(1557,'Unity','convallis.erat@loremutaliquam.com','2019-03-04 12:55:45'),(1558,'Jack','auctor@a.ca','2019-05-31 18:34:20'),(1559,'Amir','Nunc.ac.sem@lectus.net','2020-03-22 17:30:23'),(1560,'Reece','tempus.risus.Donec@maurissitamet.edu','2020-07-30 12:24:37'),(1561,'Octavia','mollis.Duis@feugiatSed.edu','2020-07-21 16:46:35'),(1562,'David','Proin.vel.arcu@malesuadaiderat.ca','2019-01-22 03:17:36'),(1563,'Lee','ut.erat.Sed@vitaealiquetnec.net','2019-09-15 06:12:08'),(1564,'Kamal','elit.dictum.eu@Aenean.com','2020-06-10 00:16:26'),(1565,'Eleanor','Integer.vulputate.risus@iaculisodio.co.uk','2020-03-10 07:48:04'),(1566,'Madeline','Nullam.lobortis@placerat.edu','2020-07-30 21:02:06'),(1567,'Hop','felis.ullamcorper.viverra@miAliquam.org','2019-04-06 17:49:50'),(1568,'Sage','convallis.erat@idnuncinterdum.org','2020-01-30 12:00:23'),(1569,'Ruby','gravida.mauris@sapienNuncpulvinar.com','2020-03-14 02:18:50'),(1570,'Zena','lorem@magna.edu','2019-04-24 14:23:23'),(1571,'Lee','semper@pellentesquemassa.ca','2019-02-11 04:05:33'),(1572,'Jarrod','dictum@montes.edu','2020-07-14 07:24:11'),(1573,'Eden','enim.consequat.purus@magnaUt.com','2020-10-20 07:36:38'),(1574,'Magee','tempor.arcu@temporaugue.edu','2020-08-17 04:55:19'),(1575,'Troy','Morbi.neque@ornareplacerat.org','2020-01-05 07:22:28'),(1576,'Justin','habitant@Integerurna.com','2020-06-08 04:07:26'),(1577,'Roary','accumsan.neque@eratvolutpat.edu','2020-10-09 20:21:53'),(1578,'Kibo','vitae@eget.org','2020-06-12 20:41:51'),(1579,'Connor','augue.eu.tellus@dapibusid.com','2019-11-30 14:56:14'),(1580,'Damon','eu.tempor.erat@laciniaSed.edu','2019-04-26 15:00:19'),(1581,'Patrick','nostra@vitaeorci.net','2019-10-04 22:48:27'),(1582,'Acton','eget.lacus.Mauris@Vestibulumanteipsum.edu','2020-03-09 23:45:51'),(1583,'Harlan','sem.consequat@justo.co.uk','2020-01-14 00:07:32'),(1584,'Shay','ante.lectus@dapibus.org','2020-10-11 11:18:31'),(1585,'Hop','mattis@velarcu.edu','2019-03-26 19:31:13'),(1586,'Wynne','accumsan@natoquepenatibuset.ca','2020-10-02 04:51:56'),(1587,'Ira','sem.elit.pharetra@Quisquelibero.org','2019-04-08 20:43:26'),(1588,'Adele','libero.Morbi@duiin.org','2020-07-28 15:47:08'),(1589,'Clayton','per.inceptos.hymenaeos@mauris.org','2019-01-15 05:38:27'),(1590,'Emery','id.sapien@vel.org','2020-10-13 03:48:44'),(1591,'Tallulah','Nam@Suspendisse.com','2020-04-02 15:03:22'),(1592,'Bethany','leo.in.lobortis@natoque.edu','2019-03-01 02:26:51'),(1593,'Davis','nulla@nonquamPellentesque.com','2019-11-28 00:31:40'),(1594,'Charlotte','vel@risusQuisque.net','2019-04-04 14:54:21'),(1595,'Dana','magnis.dis@Maurisquis.org','2020-04-04 10:18:32'),(1596,'Lynn','a@vehiculaPellentesque.org','2020-06-05 02:31:47'),(1597,'Wylie','venenatis@vellectusCum.org','2020-03-11 22:16:50'),(1598,'Colorado','fringilla@libero.org','2019-01-17 18:58:07'),(1599,'Adrienne','neque.sed.sem@doloregestas.com','2019-01-31 14:18:48'),(1600,'Castor','Curabitur.dictum.Phasellus@lacuspedesagittis.edu','2020-09-21 09:09:38'),(1601,'Jin','non.nisi@egetvolutpatornare.co.uk','2020-01-24 10:28:54'),(1602,'Amir','scelerisque.neque@ut.co.uk','2020-07-10 17:18:48'),(1603,'Scarlett','porttitor@Etiamgravidamolestie.com','2019-01-23 05:20:33'),(1604,'Quemby','sem.ut.dolor@semper.net','2020-10-07 04:23:30'),(1605,'Velma','non.lorem@rhoncusDonecest.org','2019-01-23 09:06:54'),(1606,'Yuli','Nunc.laoreet.lectus@dignissim.com','2019-04-22 09:45:42'),(1607,'Lareina','sem.magna.nec@suscipitest.co.uk','2020-04-17 21:13:47'),(1608,'Daryl','Duis@egestaslacinia.org','2020-01-06 14:15:05'),(1609,'Nadine','sociis.natoque.penatibus@Cras.com','2020-07-16 21:39:17'),(1610,'Tyrone','nec@pedeNuncsed.net','2020-07-01 12:27:36'),(1611,'Molly','ut.odio.vel@porttitorerosnec.com','2020-05-16 17:25:50'),(1612,'Xander','eu@eunequepellentesque.net','2019-09-16 14:35:40'),(1613,'Tamara','In@rutrumFusce.org','2019-10-10 10:12:08'),(1614,'Rahim','nibh.sit.amet@sitamet.net','2019-03-14 12:27:53'),(1615,'Xenos','nonummy.Fusce@adipiscing.co.uk','2020-07-01 15:54:20'),(1616,'Quynn','sagittis@ipsum.com','2020-08-07 11:01:53'),(1617,'Carlos','sem@ornare.net','2020-05-04 16:01:52'),(1618,'Colette','sodales.nisi.magna@duinectempus.ca','2019-01-19 09:10:37'),(1619,'Asher','amet@Suspendissealiquetsem.co.uk','2020-06-16 00:32:11'),(1620,'Kadeem','mauris@elit.ca','2019-11-08 19:23:03'),(1621,'Veda','nisi.sem.semper@dictum.net','2020-03-16 07:42:46'),(1622,'Basia','Suspendisse@sagittis.co.uk','2020-06-17 11:09:15'),(1623,'Igor','mattis.semper@commodo.co.uk','2020-07-17 02:14:35'),(1624,'Tobias','tincidunt.orci.quis@quamdignissimpharetra.ca','2019-11-05 17:45:40'),(1625,'Harper','leo@neque.ca','2019-10-08 08:34:42'),(1626,'Quail','Duis@acturpis.co.uk','2020-06-19 15:58:37'),(1627,'Chandler','eget@cursus.edu','2020-06-11 14:21:21'),(1628,'McKenzie','quis@rutrumurnanec.com','2019-04-18 14:26:43'),(1629,'Mikayla','gravida@ac.net','2019-03-22 16:38:17'),(1630,'Hall','accumsan.neque@purus.edu','2019-04-06 04:02:19'),(1631,'Zoe','et.magna@libero.edu','2019-01-12 19:50:14'),(1632,'Marshall','id.sapien@erat.edu','2020-08-16 01:48:49'),(1633,'Hedwig','lacinia.Sed.congue@Integermollis.ca','2019-02-25 14:20:22'),(1634,'Wynter','Cras@luctus.ca','2019-05-25 01:38:58'),(1635,'Chancellor','eget.laoreet.posuere@feugiatLoremipsum.co.uk','2019-10-19 07:15:28'),(1636,'Rigel','at.velit@Sedeu.org','2019-09-07 11:14:07'),(1637,'Merritt','amet@Nullaeget.ca','2020-07-07 19:08:53'),(1638,'Anthony','lacus@ipsumdolor.ca','2019-10-13 23:54:53'),(1639,'Elliott','enim@mollisvitaeposuere.net','2020-08-17 12:29:56'),(1640,'Colton','ipsum.nunc@dictumsapienAenean.ca','2019-02-05 10:40:39'),(1641,'Ivana','gravida.sagittis@velitegestaslacinia.co.uk','2020-01-24 05:18:22'),(1642,'Lyle','sed.pede.nec@porttitortellus.edu','2019-10-13 20:02:27'),(1643,'Leila','imperdiet@acurnaUt.co.uk','2020-06-23 04:32:16'),(1644,'Judith','adipiscing@sagittis.edu','2019-10-22 18:15:01'),(1645,'Illiana','a.dui@egestasrhoncusProin.org','2019-08-19 20:19:16'),(1646,'Quin','Integer@nibh.com','2020-06-13 04:39:09'),(1647,'Clio','Mauris@sapienNunc.org','2020-04-27 14:28:08'),(1648,'Ainsley','Donec@accumsanlaoreetipsum.com','2020-05-03 00:21:09'),(1649,'Vielka','magna@facilisisSuspendisse.edu','2019-07-16 02:04:55'),(1650,'Lionel','nascetur@Morbinequetellus.co.uk','2020-10-11 16:03:40'),(1651,'Wilma','eu.metus.In@faucibusorciluctus.com','2019-11-14 06:17:11'),(1652,'Byron','ridiculus@Praesenteu.ca','2019-03-06 06:38:51'),(1653,'Levi','mi.Aliquam@lacus.co.uk','2020-07-06 09:04:17'),(1654,'Rigel','porttitor.eros.nec@ullamcorper.co.uk','2019-03-31 06:15:11'),(1655,'Arden','sagittis@mattissemperdui.ca','2019-02-08 21:58:57'),(1656,'Colby','molestie.in@metusAliquam.com','2020-07-15 02:53:44'),(1657,'Noelle','Donec.tincidunt.Donec@adipiscingenimmi.co.uk','2019-06-14 12:31:46'),(1658,'Wyoming','metus.vitae@elitEtiam.ca','2019-07-15 20:56:45'),(1659,'Dante','blandit.congue@egestasadui.com','2020-01-02 20:34:12'),(1660,'Dakota','varius.orci@urnaetarcu.ca','2020-08-16 08:37:01'),(1661,'Sigourney','gravida.Praesent.eu@amet.net','2020-07-04 03:58:39'),(1662,'Ulric','enim.Mauris@liberoat.edu','2020-07-31 14:05:37'),(1663,'Lillith','facilisis.facilisis.magna@duinec.edu','2019-03-31 23:46:20'),(1664,'Oscar','Nulla.eget@felisegetvarius.net','2019-11-11 00:46:47'),(1665,'Yvonne','erat@bibendumsedest.ca','2020-05-29 01:12:32'),(1666,'Aurora','Suspendisse.commodo.tincidunt@sed.ca','2020-04-20 05:18:48'),(1667,'Griffin','Phasellus@eutelluseu.com','2020-01-24 14:00:47'),(1668,'Kiayada','vestibulum@Aeneanegestashendrerit.com','2020-07-22 09:45:41'),(1669,'Hadassah','eu.euismod@magnanecquam.co.uk','2019-09-29 02:10:42'),(1670,'Ian','Mauris.quis.turpis@Proin.ca','2020-02-24 17:23:19'),(1671,'Yvette','Cum@etnetuset.com','2019-10-25 20:18:38'),(1672,'Hillary','Ut.tincidunt.orci@elementumat.com','2020-09-29 15:45:31'),(1673,'Forrest','erat.eget@eget.net','2020-10-24 03:40:26'),(1674,'Britanni','quis@nibh.org','2020-05-10 10:47:10'),(1675,'Basia','sed.facilisis.vitae@consequatlectussit.co.uk','2020-01-29 02:14:13'),(1676,'Cherokee','Donec.est.Nunc@loremutaliquam.co.uk','2020-03-04 03:26:20'),(1677,'Jillian','tincidunt@Nam.net','2020-02-09 00:44:34'),(1678,'Germane','eu@dolortempusnon.ca','2020-09-16 18:06:42'),(1679,'Colton','nec.metus.facilisis@ut.edu','2019-04-13 01:43:55'),(1680,'Yen','malesuada@enimcommodohendrerit.edu','2019-11-15 12:37:40'),(1681,'Tanya','feugiat.non.lobortis@ipsumcursus.edu','2019-12-29 06:32:51'),(1682,'Wynne','lectus.rutrum@Sedpharetra.org','2019-03-10 22:23:52'),(1683,'Marah','magna@consectetuer.net','2020-01-04 12:57:22'),(1684,'Kessie','interdum.Curabitur@necorci.edu','2019-08-01 03:05:20'),(1685,'Gemma','dolor@erosturpis.edu','2020-06-04 13:46:18'),(1686,'Cade','malesuada@lobortisquam.com','2020-09-09 04:05:59'),(1687,'Miranda','tellus.imperdiet.non@tempusnon.net','2019-03-07 23:18:17'),(1688,'Molly','dolor.dolor@loremeu.com','2020-04-20 05:12:05'),(1689,'Alfreda','risus.odio.auctor@consequat.co.uk','2020-06-05 18:36:40'),(1690,'Daryl','molestie.in.tempus@justo.com','2019-03-09 09:30:44'),(1691,'Wynne','aliquet.metus@pede.com','2019-11-26 07:22:50'),(1692,'Jerome','eu@a.co.uk','2020-03-18 05:50:10'),(1693,'Rama','non.hendrerit.id@id.ca','2020-08-20 12:58:04'),(1694,'Kaseem','enim.nisl@sed.com','2020-06-22 00:52:30'),(1695,'Oprah','nulla.at.sem@estvitaesodales.ca','2020-06-26 20:47:18'),(1696,'Gay','imperdiet@feliseget.co.uk','2020-09-29 02:13:49'),(1697,'Levi','dis.parturient@perinceptos.co.uk','2019-03-08 23:23:31'),(1698,'Brooke','mauris@ultriciesligula.net','2020-06-19 00:41:04'),(1699,'Karen','dapibus@diamDuismi.ca','2020-03-04 22:31:44'),(1700,'Igor','nec.urna.et@pretiumaliquet.edu','2020-04-06 22:51:11'),(1701,'Cedric','Nullam@bibendumDonec.ca','2020-10-23 16:00:11'),(1702,'Phillip','Vivamus.non.lorem@Cras.org','2020-07-03 17:54:37'),(1703,'Seth','id.ante.Nunc@egetipsumSuspendisse.net','2020-07-14 06:17:58'),(1704,'Vernon','Praesent@pharetrautpharetra.net','2019-12-27 15:40:37'),(1705,'Quinlan','Mauris.non@nibh.com','2019-07-07 16:14:00'),(1706,'Iola','Donec@sem.ca','2019-02-26 21:18:16'),(1707,'Trevor','quis@lobortisClass.com','2020-06-30 05:41:23'),(1708,'Kennedy','est.Nunc.ullamcorper@sitamet.org','2019-12-05 12:28:27'),(1709,'Audra','vitae.aliquet@Pellentesqueutipsum.net','2019-06-09 21:34:16'),(1710,'Tallulah','fringilla.euismod.enim@felisadipiscingfringilla.net','2019-11-01 06:59:16'),(1711,'Jack','mauris.sagittis.placerat@at.com','2019-01-30 17:27:35'),(1712,'Xandra','consequat.enim@tincidunt.com','2019-10-01 17:39:57'),(1713,'Jaquelyn','odio.Aliquam@mauris.edu','2019-10-21 19:50:59'),(1714,'Leilani','amet.luctus@est.com','2020-03-19 06:12:21'),(1715,'Sacha','libero.Integer.in@conguea.co.uk','2020-01-29 10:28:38'),(1716,'Dakota','Duis.elementum.dui@Cras.edu','2020-07-15 19:41:18'),(1717,'Brody','feugiat@Aeneanegetmagna.net','2019-11-21 15:24:33'),(1718,'Byron','Aenean.eget@arcu.edu','2020-10-01 17:24:22'),(1719,'Edan','rhoncus.Nullam.velit@Pellentesqueultriciesdignissim.edu','2020-07-23 14:56:06'),(1720,'Aiko','urna.Vivamus.molestie@placerat.ca','2020-01-26 21:11:52'),(1721,'Kareem','Ut.semper.pretium@laoreetipsumCurabitur.ca','2019-05-19 10:48:37'),(1722,'Richard','enim.sit@Sed.org','2019-06-20 04:47:45'),(1723,'Emerald','erat.nonummy@Mauris.ca','2020-06-09 06:42:31'),(1724,'Fulton','ipsum.cursus.vestibulum@dictumeleifend.ca','2019-08-02 14:40:05'),(1725,'Jerome','lobortis@felis.edu','2020-06-08 15:51:07'),(1726,'Dexter','sem.Pellentesque.ut@est.com','2019-02-22 21:03:29'),(1727,'Xander','urna.et@taciti.co.uk','2019-01-20 19:21:42'),(1728,'Wing','augue.ut.lacus@auctor.co.uk','2020-06-26 08:37:52'),(1729,'Reuben','sit@vitaedolor.ca','2020-06-12 17:58:00'),(1730,'Reese','enim@egestasblanditNam.edu','2020-06-14 22:02:04'),(1731,'Remedios','ultrices.a.auctor@elitNullafacilisi.ca','2019-03-19 12:23:20'),(1732,'Odysseus','Nullam.lobortis.quam@ipsumprimis.com','2019-06-27 03:40:10'),(1733,'Ursa','sit@luctussit.ca','2019-08-09 00:34:51'),(1734,'Cole','lobortis.quam.a@mattissemper.edu','2020-03-16 13:53:34'),(1735,'Marshall','vitae.purus@purus.net','2019-03-23 06:45:11'),(1736,'Jenna','hendrerit@viverra.net','2020-06-16 07:16:48'),(1737,'Marshall','ornare.libero@ut.org','2020-02-08 00:26:18'),(1738,'Nayda','tristique@nequeInornare.co.uk','2020-10-11 13:29:10'),(1739,'Catherine','egestas.a@ullamcorpereu.ca','2019-03-25 23:16:05'),(1740,'Hadley','nisi.magna@nonleoVivamus.edu','2020-06-03 12:35:40'),(1741,'Brady','luctus@etmalesuadafames.com','2019-06-27 11:14:36'),(1742,'Tatum','amet.ornare@magnaPhasellus.ca','2019-10-12 23:53:32'),(1743,'Ruby','facilisis.Suspendisse.commodo@rutrum.co.uk','2019-12-12 19:41:50'),(1744,'Thor','neque.non@Sed.net','2019-07-11 04:08:32'),(1745,'Ciara','nibh@pedemalesuada.net','2020-10-27 14:12:09'),(1746,'Naomi','libero@diamluctuslobortis.co.uk','2019-09-10 18:18:03'),(1747,'Mariko','congue@ProinultricesDuis.org','2020-10-22 16:57:56'),(1748,'Caldwell','nibh.enim@nullaDonec.org','2019-09-22 18:31:11'),(1749,'Maggy','purus.Duis.elementum@enim.com','2020-08-12 18:02:29'),(1750,'Magee','eu.elit@maurisrhoncusid.org','2019-03-20 12:46:37'),(1751,'Alexa','nunc.sed.pede@lorem.edu','2019-11-14 06:11:02'),(1752,'Adele','urna@litoratorquent.edu','2020-05-27 00:32:32'),(1753,'Carl','pede.blandit.congue@ametconsectetuer.co.uk','2020-05-09 16:06:34'),(1754,'Steven','Etiam.laoreet.libero@mollis.co.uk','2020-01-21 10:01:58'),(1755,'Avye','erat.eget@amet.com','2019-09-09 01:19:55'),(1756,'Brett','enim.consequat.purus@Crasinterdum.edu','2020-04-18 20:23:54'),(1757,'Sonya','risus.In.mi@sollicitudinorcisem.edu','2019-02-02 13:32:24'),(1758,'Stella','per.conubia.nostra@Inmipede.net','2020-05-04 04:59:34'),(1759,'Rinah','vulputate.ullamcorper.magna@Aliquam.edu','2020-07-23 08:54:47'),(1760,'Abigail','vitae.erat.vel@condimentumegetvolutpat.net','2019-12-30 06:24:13'),(1761,'Savannah','urna.et@sit.net','2020-02-03 16:26:14'),(1762,'Orson','mauris.a@consectetueradipiscing.ca','2019-11-19 04:17:37'),(1763,'Pamela','mauris@Integereulacus.com','2019-07-01 00:51:27'),(1764,'Amos','et.netus@netus.com','2019-11-01 10:46:32'),(1765,'Ocean','a.dui@duiCum.ca','2019-04-10 02:15:52'),(1766,'Alexa','semper@nisl.org','2020-05-30 09:06:40'),(1767,'Prescott','nunc@Fuscealiquam.co.uk','2020-07-30 16:49:51'),(1768,'Hiram','Fusce@massaIntegervitae.co.uk','2019-01-06 04:56:45'),(1769,'Maggie','sagittis@sitametornare.net','2019-08-26 14:21:07'),(1770,'Harper','ac.turpis.egestas@loremvitae.org','2019-04-27 10:15:17'),(1771,'Harper','est@dolordapibus.com','2020-02-02 03:15:27'),(1772,'Brynne','Morbi.vehicula.Pellentesque@Curabitur.co.uk','2019-07-27 18:58:39'),(1773,'Theodore','vulputate@Donecegestas.org','2020-07-06 22:45:08'),(1774,'Branden','justo.eu@Nam.com','2020-01-27 16:40:44'),(1775,'Francis','Aliquam.nec.enim@orci.net','2020-07-10 18:25:21'),(1776,'Kenyon','arcu.Nunc@Proin.co.uk','2020-08-25 10:57:41'),(1777,'Nerea','malesuada@gravidamolestiearcu.net','2019-11-04 02:19:09'),(1778,'Kirestin','Nam.ligula.elit@malesuadavelconvallis.org','2019-10-18 15:21:40'),(1779,'Jessamine','feugiat@amet.ca','2019-10-03 17:23:27'),(1780,'Anthony','Integer.vulputate@etrutrum.com','2019-02-08 01:15:33'),(1781,'Olivia','neque@ametornarelectus.com','2019-10-31 09:51:14'),(1782,'Germane','tincidunt.adipiscing.Mauris@egetlaoreetposuere.com','2019-03-14 04:30:13'),(1783,'Ebony','aliquam.iaculis.lacus@Donectempus.ca','2020-03-14 06:47:00'),(1784,'Dennis','Proin.ultrices@elitelit.net','2019-06-27 13:11:24'),(1785,'Talon','tempor.erat@nislsemconsequat.net','2020-04-26 21:52:03'),(1786,'Emerson','lectus.a@tortorIntegeraliquam.co.uk','2019-08-12 23:55:43'),(1787,'Jack','Nullam@Duisgravida.co.uk','2020-10-24 17:46:55'),(1788,'Adrian','Pellentesque.habitant@convallisantelectus.org','2019-09-28 12:22:10'),(1789,'Benedict','neque@nonquamPellentesque.org','2020-04-08 18:47:54'),(1790,'Cameran','mi@ametrisus.com','2020-03-05 19:03:36'),(1791,'Rowan','Donec.elementum.lorem@urnajustofaucibus.com','2020-07-07 19:34:12'),(1792,'Kai','Suspendisse@Phasellusdolor.net','2019-06-15 08:01:42'),(1793,'Haley','primis.in.faucibus@atvelit.ca','2019-08-20 09:14:47'),(1794,'Garrison','dignissim.pharetra.Nam@quam.co.uk','2019-05-30 23:29:01'),(1795,'Rahim','neque@miacmattis.com','2020-03-03 20:56:24'),(1796,'Timothy','tempus.risus@egestas.net','2019-04-22 05:32:28'),(1797,'Clark','mollis@magna.org','2020-03-20 15:04:11'),(1798,'Regan','eros.non.enim@acsemut.org','2019-07-15 04:14:18'),(1799,'Astra','nisl@nunc.com','2019-08-08 13:06:52'),(1800,'Macey','Morbi@primisin.edu','2020-10-06 07:36:04'),(1801,'Galena','Integer.vitae.nibh@orci.org','2019-07-04 20:18:03'),(1802,'Otto','scelerisque.lorem.ipsum@laoreetposuereenim.net','2019-09-12 09:17:19'),(1803,'Juliet','massa.non@tellus.edu','2019-04-24 14:18:12'),(1804,'Ingrid','id@odioNaminterdum.edu','2019-01-06 09:03:41'),(1805,'Quincy','sed.dolor.Fusce@PhasellusnullaInteger.net','2019-11-21 05:18:15'),(1806,'Demetrius','Quisque.ornare.tortor@posuerecubiliaCurae.net','2020-04-07 11:29:23'),(1807,'Sara','Cum.sociis.natoque@tincidunt.edu','2019-02-14 10:10:29'),(1808,'Preston','elementum@lorem.co.uk','2020-07-05 00:41:10'),(1809,'Kevyn','Morbi.accumsan.laoreet@disparturient.org','2019-01-01 05:29:53'),(1810,'Nora','dui.nec@arcuVivamus.edu','2019-12-12 14:37:55'),(1811,'Kellie','Cras.convallis.convallis@et.co.uk','2019-04-24 22:08:36'),(1812,'Mason','Cras@diam.edu','2019-08-30 04:15:55'),(1813,'Abraham','cursus@neceleifendnon.net','2019-08-29 20:42:47'),(1814,'Knox','aliquet@facilisis.net','2019-08-01 17:26:36'),(1815,'Amber','Suspendisse.ac@Nuncmauris.net','2019-03-19 14:59:23'),(1816,'Hadley','aptent@Donecvitae.net','2019-11-18 14:51:27'),(1817,'Tashya','auctor.velit.Aliquam@ornareelitelit.com','2020-06-02 02:00:33'),(1818,'Hayley','fringilla.Donec@magnaPraesentinterdum.edu','2020-07-07 18:59:34'),(1819,'Pearl','accumsan@scelerisque.edu','2020-10-09 00:23:46'),(1820,'Darrel','felis@id.ca','2019-06-13 13:18:33'),(1821,'Dieter','sodales@pharetraNamac.co.uk','2020-07-11 12:15:09'),(1822,'Madison','dolor.tempus.non@velturpis.edu','2019-01-11 02:25:58'),(1823,'Leandra','Morbi.metus.Vivamus@quam.edu','2020-06-12 11:19:34'),(1824,'Courtney','fringilla.purus@Quisque.ca','2020-08-02 15:57:19'),(1825,'Cathleen','est.arcu.ac@Aeneanmassa.com','2019-08-05 13:28:52'),(1826,'Dakota','non@nonummyut.edu','2020-04-05 05:41:07'),(1827,'Hillary','Praesent.luctus.Curabitur@liberonec.net','2019-10-02 17:41:02'),(1828,'Latifah','ac@hendrerit.edu','2019-04-18 23:15:48'),(1829,'Clinton','tellus.imperdiet@arcu.ca','2020-03-10 23:28:44'),(1830,'Meghan','dolor.Donec@atrisus.edu','2020-09-29 08:00:59'),(1831,'Conan','conubia@tristiquesenectus.ca','2019-05-23 15:24:37'),(1832,'Cheyenne','venenatis.lacus.Etiam@penatibuset.com','2020-01-14 15:10:25'),(1833,'Roary','sed.dolor@elita.co.uk','2020-07-11 21:50:44'),(1834,'Uma','eleifend.Cras@tempor.co.uk','2019-12-13 23:19:29'),(1835,'Madeson','odio@magna.ca','2019-06-26 11:47:51'),(1836,'Hakeem','nec.euismod.in@eleifendCras.edu','2019-03-01 20:45:10'),(1837,'Alec','Praesent@massaInteger.ca','2019-08-15 00:45:38'),(1838,'Nash','ante@Suspendissealiquet.ca','2019-02-20 15:47:43'),(1839,'Kelsie','nisl.sem.consequat@dictumeu.ca','2020-03-09 16:09:28'),(1840,'Noel','ante@velarcu.net','2020-06-11 08:36:01'),(1841,'Wyatt','ipsum@tristiquealiquetPhasellus.ca','2019-07-17 16:16:10'),(1842,'Robin','placerat.augue@duiCumsociis.co.uk','2020-08-17 19:56:38'),(1843,'Geoffrey','fermentum.vel.mauris@Mauris.ca','2019-08-02 04:40:31'),(1844,'Graiden','est.ac@Duis.net','2019-10-17 00:49:39'),(1845,'Kameko','tellus.eu.augue@a.co.uk','2019-11-20 13:48:25'),(1846,'Rigel','ultrices.mauris@variuset.org','2019-09-19 12:52:40'),(1847,'Dorothy','fringilla.purus.mauris@aliquet.ca','2020-03-01 02:50:45'),(1848,'Macy','sapien.cursus.in@eget.edu','2019-07-30 14:49:47'),(1849,'Magee','mus.Proin@risusodioauctor.net','2020-03-01 01:11:32'),(1850,'Adara','at@quislectusNullam.edu','2019-05-21 13:46:50'),(1851,'Zeus','Aliquam.fringilla.cursus@ornareegestas.net','2019-01-24 18:34:58'),(1852,'Ulla','placerat@id.com','2020-05-29 19:16:43'),(1853,'Jack','elit.Etiam.laoreet@consequatdolor.edu','2019-02-08 04:16:15'),(1854,'Julian','rhoncus.Proin@convallis.edu','2020-06-17 21:02:45'),(1855,'Dennis','facilisis.facilisis.magna@blanditNamnulla.co.uk','2019-08-17 20:18:35'),(1856,'Riley','enim.diam.vel@fringillapurusmauris.org','2020-01-03 23:48:04'),(1857,'Kathleen','iaculis@condimentum.com','2019-11-16 16:52:05'),(1858,'Karen','Duis.cursus@mattisCraseget.com','2020-04-02 12:05:33'),(1859,'Allistair','molestie@vitaeerat.org','2020-07-23 20:10:57'),(1860,'Paula','et@non.edu','2019-09-07 23:47:00'),(1861,'Sydnee','eu@miacmattis.co.uk','2019-03-17 07:59:19'),(1862,'Myra','a.dui.Cras@facilisiseget.net','2020-08-12 18:47:57'),(1863,'Tatyana','hendrerit.consectetuer.cursus@dolor.org','2020-07-01 12:30:25'),(1864,'Callum','Ut.nec.urna@nequeMorbiquis.org','2019-05-14 10:52:19'),(1865,'Ahmed','purus.accumsan@acnulla.org','2019-10-21 06:27:52'),(1866,'Chiquita','a.sollicitudin@nequeseddictum.co.uk','2019-10-15 12:49:07'),(1867,'Idola','lorem.Donec@ipsumSuspendisse.co.uk','2019-10-14 17:32:47'),(1868,'Christine','egestas.blandit@neccursus.edu','2019-12-13 12:37:54'),(1869,'Damon','odio.auctor.vitae@montesnasceturridiculus.co.uk','2020-07-18 22:39:23'),(1870,'Garrison','Donec.non.justo@vulputate.co.uk','2019-04-19 17:49:01'),(1871,'Jesse','vel.lectus.Cum@adipiscinglacusUt.edu','2019-06-30 10:49:08'),(1872,'Stacy','lobortis@purusNullam.co.uk','2020-10-17 19:03:55'),(1873,'Calvin','eget@parturientmontesnascetur.net','2019-10-13 21:55:44'),(1874,'Hall','congue.a@non.org','2019-04-22 21:29:19'),(1875,'Veronica','posuere.cubilia@cursus.org','2020-03-08 19:11:24'),(1876,'Raphael','nunc.interdum@sodales.org','2020-05-20 16:07:11'),(1877,'Anjolie','aliquet@Crasvehiculaaliquet.ca','2019-10-14 13:44:52'),(1878,'Kareem','ultrices.mauris@gravidamolestie.ca','2019-08-14 14:47:59'),(1879,'Garrison','adipiscing.fringilla.porttitor@torquentperconubia.com','2020-06-11 12:28:03'),(1880,'Phoebe','sed.facilisis.vitae@semutcursus.edu','2020-10-19 03:59:09'),(1881,'Cooper','feugiat@magna.net','2020-06-21 03:17:28'),(1882,'Amery','non.cursus@tellus.co.uk','2020-02-15 08:41:41'),(1883,'Quinlan','dolor.egestas@PhasellusnullaInteger.org','2020-07-10 21:55:21'),(1884,'Imani','sem@metus.edu','2020-02-01 00:18:50'),(1885,'Hope','eget.varius.ultrices@auctorquistristique.ca','2019-06-22 19:09:04'),(1886,'Piper','vulputate.risus@aceleifend.ca','2019-09-19 07:12:29'),(1887,'Xanthus','purus.in@Donecdignissimmagna.net','2019-10-13 11:47:02'),(1888,'Nora','vulputate.ullamcorper@nonummyipsumnon.com','2019-11-23 22:41:38'),(1889,'Kenneth','sed.dolor.Fusce@Nulla.com','2020-04-02 21:19:57'),(1890,'Vivian','augue.ac@nullamagnamalesuada.net','2020-10-06 17:41:55'),(1891,'George','blandit.mattis@dictumPhasellus.net','2020-06-28 20:05:45'),(1892,'Ivan','mi.enim@semper.edu','2020-06-05 05:44:37'),(1893,'Cadman','cursus.Nunc.mauris@enimNunc.net','2019-08-12 07:44:08'),(1894,'Gareth','pellentesque.massa@anteipsumprimis.net','2019-03-06 15:55:06'),(1895,'Serena','Vestibulum.ante@bibendumfermentummetus.edu','2019-01-25 10:28:03'),(1896,'Reese','mollis.Integer.tincidunt@ligulaAenean.com','2019-04-25 15:51:00'),(1897,'Benedict','lectus.rutrum@non.co.uk','2019-11-05 20:29:21'),(1898,'Mannix','rutrum.urna@posuere.edu','2019-11-14 14:09:05'),(1899,'Cameron','primis.in@loremeget.co.uk','2020-05-17 09:44:31'),(1900,'Alfonso','molestie.arcu.Sed@luctus.com','2020-09-04 13:24:14'),(1901,'Quentin','euismod.mauris@felis.co.uk','2020-08-15 19:03:19'),(1902,'Zenia','arcu.Curabitur.ut@Nam.com','2020-07-29 07:55:41'),(1903,'Vanna','id.risus@etpedeNunc.co.uk','2020-08-25 14:07:47'),(1904,'Lee','diam.lorem.auctor@Craslorem.edu','2019-04-08 06:12:35'),(1905,'Griffin','vestibulum.Mauris.magna@sedtortorInteger.org','2019-03-29 18:34:05'),(1906,'Macey','vitae.diam.Proin@magna.net','2019-11-23 11:38:57'),(1907,'Macy','nunc.Quisque.ornare@semconsequat.ca','2020-08-03 06:17:48'),(1908,'Jonas','Nullam@In.ca','2019-12-23 07:31:09'),(1909,'Eaton','facilisis.facilisis@neque.net','2020-09-05 06:21:16'),(1910,'Hayes','Phasellus.at@feugiatmetus.edu','2020-01-04 10:56:27'),(1911,'Andrew','commodo.at.libero@nonleoVivamus.edu','2020-06-13 15:47:28'),(1912,'Dennis','luctus@nasceturridiculusmus.ca','2020-03-24 20:17:50'),(1913,'Vera','egestas.Aliquam@arcuAliquam.com','2019-09-04 02:52:34'),(1914,'Austin','tempor@magnis.co.uk','2020-07-09 20:51:13'),(1915,'Ira','euismod@augueSedmolestie.edu','2019-09-22 19:49:01'),(1916,'Veronica','adipiscing.elit@etrisusQuisque.ca','2019-06-24 15:47:58'),(1917,'Lois','faucibus.Morbi.vehicula@Quisquelibero.com','2019-01-26 01:28:45'),(1918,'Fredericka','dolor.quam@etrutrum.org','2020-07-30 20:07:18'),(1919,'Imani','elementum.sem.vitae@non.ca','2020-02-12 16:49:15'),(1920,'Tate','nunc@aliquet.ca','2019-12-25 13:58:51'),(1921,'Blake','Cum.sociis.natoque@etrutrum.ca','2019-01-21 08:34:35'),(1922,'Magee','eleifend.non.dapibus@seddolorFusce.ca','2019-09-13 11:03:33'),(1923,'Kirk','neque@Donecnon.edu','2019-06-28 00:36:23'),(1924,'Porter','non@Inscelerisquescelerisque.co.uk','2020-01-30 08:51:20'),(1925,'Lesley','urna.Vivamus@Vivamus.net','2019-10-25 19:39:29'),(1926,'Nelle','Quisque.porttitor.eros@sem.org','2019-11-03 03:39:45'),(1927,'Blair','odio@egetvariusultrices.co.uk','2020-07-08 12:25:36'),(1928,'Brynne','in.molestie.tortor@fermentum.co.uk','2020-08-11 17:18:56'),(1929,'Imogene','turpis.Aliquam.adipiscing@duiquis.ca','2019-05-27 15:19:47'),(1930,'Leroy','sed@ut.net','2019-07-28 09:07:21'),(1931,'Eliana','rutrum@maurisaliquam.ca','2019-03-26 01:02:38'),(1932,'Carl','Praesent.interdum@erosnonenim.com','2020-05-25 10:56:43'),(1933,'Lionel','Quisque@nullaIn.edu','2020-07-17 05:37:32'),(1934,'Harrison','sem.Nulla.interdum@semegetmassa.edu','2019-03-02 10:35:38'),(1935,'Imelda','et@hendreritneque.edu','2020-04-02 03:43:50'),(1936,'Aurelia','feugiat.metus@Utsemper.com','2020-04-16 15:03:46'),(1937,'Xenos','lectus.pede.ultrices@Crasvehicula.ca','2020-01-22 11:57:25'),(1938,'Amelia','In.tincidunt@loremeu.edu','2019-10-05 04:24:09'),(1939,'Lev','Suspendisse.aliquet@tinciduntDonecvitae.org','2020-06-21 13:19:02'),(1940,'Ali','Nunc.ut.erat@ipsumsodalespurus.net','2020-09-25 13:32:52'),(1941,'Emmanuel','sapien.imperdiet.ornare@justoeu.com','2020-05-10 01:12:04'),(1942,'Adam','odio.Phasellus.at@vulputateullamcorper.ca','2020-09-18 02:55:55'),(1943,'Virginia','dui.in@sem.edu','2020-02-06 15:18:31'),(1944,'Roary','natoque.penatibus.et@Vestibulumante.ca','2019-07-03 01:44:31'),(1945,'Wylie','sem@Proin.org','2020-06-29 03:16:36'),(1946,'Neville','vitae.odio.sagittis@lacus.co.uk','2020-06-22 19:32:53'),(1947,'Mona','eleifend@sapienNunc.net','2020-04-13 20:27:33'),(1948,'Merritt','ipsum.nunc@placerat.org','2020-04-25 05:23:34'),(1949,'Roth','Sed.nunc@Morbisitamet.org','2019-08-31 13:58:29'),(1950,'Beatrice','nec@loremfringilla.com','2019-09-09 02:05:30'),(1951,'Otto','tortor.dictum.eu@cursusNuncmauris.edu','2020-09-30 07:07:43'),(1952,'Shelby','sed@arcuVestibulumante.com','2020-05-29 20:07:17'),(1953,'Tate','nascetur.ridiculus@eumetusIn.com','2020-04-03 01:19:19'),(1954,'David','enim.sit.amet@etcommodoat.ca','2019-09-14 00:33:16'),(1955,'Patrick','amet.ultricies.sem@auguescelerisquemollis.ca','2020-07-09 16:01:43'),(1956,'Nayda','et.arcu.imperdiet@risusDonecegestas.net','2020-02-11 22:26:02'),(1957,'Maggy','lectus.ante.dictum@Donectempuslorem.org','2020-08-19 11:50:48'),(1958,'Echo','magna@Aliquam.org','2019-08-15 01:53:49'),(1959,'Velma','Sed.nec.metus@placerat.net','2020-08-17 19:39:06'),(1960,'Yvette','et.ipsum.cursus@litoratorquentper.com','2020-06-18 07:26:39'),(1961,'Angela','nec@posuere.net','2020-02-03 20:12:51'),(1962,'Kermit','at@nonummy.com','2020-05-14 23:30:29'),(1963,'Hillary','euismod.ac.fermentum@consequat.com','2019-08-04 04:23:13'),(1964,'Iola','vulputate.posuere.vulputate@auctor.com','2020-03-17 23:03:56'),(1965,'Declan','erat@enimconsequatpurus.ca','2020-08-27 03:09:43'),(1966,'Amber','parturient.montes.nascetur@Phasellus.co.uk','2019-12-27 05:13:43'),(1967,'Phyllis','tellus.Suspendisse.sed@variusNam.edu','2019-03-23 20:36:53'),(1968,'Ashely','eu@Curabitur.net','2020-06-14 18:28:04'),(1969,'Rigel','magna@eleifendegestasSed.org','2020-04-16 23:23:52'),(1970,'Diana','adipiscing@quam.ca','2019-01-18 05:13:20'),(1971,'Rajah','laoreet.posuere.enim@atarcu.com','2020-02-24 19:27:33'),(1972,'Frances','volutpat.Nulla@liberomaurisaliquam.org','2019-10-07 07:42:41'),(1973,'Irene','sed.turpis@fringilla.net','2019-07-13 19:23:22'),(1974,'Josiah','sapien.cursus.in@feugiat.ca','2019-03-13 06:59:03'),(1975,'Wing','ut.odio@iaculisneceleifend.co.uk','2020-06-04 12:16:55'),(1976,'Kenneth','fringilla.purus@natoquepenatibuset.org','2019-04-07 18:25:43'),(1977,'Leila','semper.rutrum@Namtempor.ca','2020-01-13 20:47:43'),(1978,'Ursa','Sed.molestie.Sed@nonjusto.org','2020-08-28 23:42:13'),(1979,'Catherine','Nulla.facilisi.Sed@Cumsociis.org','2020-07-12 20:43:01'),(1980,'Nolan','Quisque@magnaseddui.ca','2020-03-28 03:56:39'),(1981,'Shana','Proin.ultrices@pharetra.org','2020-09-12 08:24:53'),(1982,'Cheyenne','nascetur.ridiculus@ametconsectetuer.org','2020-08-27 17:47:44'),(1983,'Murphy','lacus.Nulla.tincidunt@adipiscingenim.net','2019-02-15 05:27:25'),(1984,'Noelle','cursus.Nunc@vitaeorci.org','2020-06-05 06:30:52'),(1985,'Talon','eget.venenatis.a@velitegestaslacinia.co.uk','2019-12-02 06:02:24'),(1986,'Florence','Ut@temporbibendumDonec.org','2020-09-15 14:55:22'),(1987,'Noel','auctor@adui.org','2019-11-02 05:04:30'),(1988,'Amery','Proin.ultrices@senectusetnetus.org','2020-09-10 18:28:30'),(1989,'Anthony','sollicitudin.adipiscing.ligula@taciti.ca','2020-08-12 20:02:13'),(1990,'Blaze','tellus@est.net','2019-11-21 08:04:57'),(1991,'Price','magna@risusDonecnibh.com','2020-01-20 05:11:02'),(1992,'Angelica','justo.sit.amet@interdumfeugiat.co.uk','2020-07-08 20:20:20'),(1993,'Kelsie','suscipit.est.ac@risusNuncac.edu','2020-10-15 02:02:26'),(1994,'Kaye','sagittis.augue@risus.org','2020-05-30 07:49:54'),(1995,'Forrest','arcu.Sed@dolor.co.uk','2020-10-13 17:37:33'),(1996,'Kaseem','Nunc.mauris.Morbi@mauris.com','2020-02-12 16:12:17'),(1997,'Quemby','Curae.Donec.tincidunt@Fuscefermentumfermentum.edu','2020-04-09 11:47:42'),(1998,'Perry','congue.In.scelerisque@tinciduntnunc.com','2020-04-24 09:38:37'),(1999,'Merritt','Nunc@purus.co.uk','2019-10-22 09:03:32'),(2000,'Grady','pede.ac@liberoMorbi.com','2020-05-10 23:08:58'),(2001,'Elton','eleifend@imperdietornare.com','2020-05-03 11:21:34'),(2002,'Deacon','luctus.ut@erat.co.uk','2020-06-30 01:51:25'),(2003,'Irene','velit.Aliquam.nisl@hendrerit.net','2020-09-12 00:35:41'),(2004,'Valentine','sit.amet.luctus@Nulladignissim.net','2020-10-08 10:50:34'),(2005,'Hilel','egestas@elitEtiamlaoreet.edu','2020-04-19 18:25:14'),(2006,'Kenyon','adipiscing.elit.Etiam@faucibusleoin.edu','2019-07-27 05:55:04'),(2007,'Cailin','Nunc.commodo.auctor@utnisi.co.uk','2020-05-14 10:49:32'),(2008,'Travis','et@musDonec.ca','2019-11-18 11:18:29'),(2009,'Heidi','orci.luctus@acmattisornare.co.uk','2020-03-22 02:58:28'),(2010,'Hadassah','eleifend@quisturpisvitae.ca','2020-07-14 06:16:37'),(2011,'Michelle','pede@consectetuereuismod.com','2020-09-21 07:31:52'),(2012,'Heather','Aliquam@ametorci.com','2019-04-10 22:29:04'),(2013,'Wanda','neque.non.quam@scelerisquenequeNullam.com','2020-07-03 15:14:48'),(2014,'Florence','Nulla@sedsapienNunc.org','2019-12-21 15:37:01'),(2015,'Yolanda','Donec@auctorvelitAliquam.org','2019-10-31 18:07:50'),(2016,'Daquan','Sed.eu@arcuAliquam.edu','2019-03-20 05:15:52'),(2017,'John','netus@lectus.com','2020-05-15 14:13:54'),(2018,'Jonah','arcu.iaculis.enim@sapienNuncpulvinar.edu','2019-09-09 05:51:06'),(2019,'Ulla','iaculis.quis@enimsit.com','2020-01-08 22:10:59'),(2020,'Linus','laoreet@sitametmassa.net','2020-01-10 11:26:27'),(2021,'Ulric','molestie@odio.edu','2019-08-26 12:34:16'),(2022,'Beau','Suspendisse@augue.org','2020-09-15 07:07:10'),(2023,'Nayda','aliquet@pede.co.uk','2019-09-09 08:21:46'),(2024,'Clinton','Aliquam@risusNuncac.net','2019-04-17 06:26:02'),(2025,'Ronan','consectetuer.adipiscing@atiaculisquis.edu','2019-10-01 12:42:40'),(2026,'Colin','metus.vitae@tristique.org','2019-09-02 19:24:54'),(2027,'Bruce','eu.metus@Nunclectus.com','2019-03-29 21:24:36'),(2028,'Zephr','pede.nonummy.ut@cursus.org','2019-03-02 08:30:36'),(2029,'Ivor','lorem.fringilla@rhoncusDonecest.net','2020-08-01 02:35:51'),(2030,'Wanda','sed.orci.lobortis@nullaatsem.net','2019-04-06 10:55:16'),(2031,'Emma','nec@elit.co.uk','2020-05-06 15:30:52'),(2032,'Imani','a.magna.Lorem@facilisisSuspendissecommodo.co.uk','2020-06-07 15:33:55'),(2033,'Ferdinand','In@aneque.co.uk','2019-10-02 02:57:06'),(2034,'Gregory','metus.Aenean@ataugue.edu','2019-02-03 20:04:34'),(2035,'Lara','Sed.malesuada.augue@Curabiturvel.edu','2020-03-24 14:10:18'),(2036,'Cecilia','risus@pedeultricesa.ca','2020-02-23 18:21:41'),(2037,'Nolan','odio@Vivamuseuismod.net','2020-08-09 06:30:58'),(2038,'Amos','elit.Nulla.facilisi@lobortisClass.org','2019-01-10 18:44:53'),(2039,'Jaime','vel.lectus.Cum@sapienAeneanmassa.net','2019-07-10 10:59:18'),(2040,'Brady','imperdiet.nec.leo@tortorIntegeraliquam.net','2020-06-22 04:35:19'),(2041,'Tatum','Cras@anteNunc.org','2020-08-01 10:42:27'),(2042,'Adena','gravida.Aliquam@lacusQuisque.edu','2020-07-31 13:17:41'),(2043,'Clio','lorem.ipsum.sodales@ullamcorperDuiscursus.ca','2019-02-08 07:28:24'),(2044,'Merritt','cursus@imperdietnonvestibulum.com','2019-08-10 18:53:34'),(2045,'Haviva','Cras.sed.leo@aliquetPhasellus.edu','2020-01-02 09:55:33'),(2046,'Uriel','Donec.luctus@nislMaecenasmalesuada.ca','2019-08-22 16:15:26'),(2047,'Marcia','semper@bibendumfermentum.net','2019-10-25 21:23:13'),(2048,'Britanney','mi.lorem@ligula.edu','2019-11-12 21:03:46'),(2049,'Teagan','sagittis.lobortis.mauris@lobortisrisusIn.org','2019-06-19 16:11:04'),(2050,'Dante','non@ornareInfaucibus.co.uk','2019-03-31 09:46:43'),(2051,'Dolan','elit.pharetra.ut@tellusSuspendissesed.ca','2020-05-10 22:15:17'),(2052,'Kelsie','In@dignissim.net','2019-12-03 03:56:35'),(2053,'Dean','feugiat.nec@Donectempuslorem.edu','2020-06-24 14:14:11'),(2054,'Fritz','et.magnis.dis@Quisque.net','2019-02-17 17:16:59'),(2055,'Jermaine','sit.amet@amet.edu','2020-07-22 05:18:12'),(2056,'Emily','ac.tellus@Innecorci.com','2019-03-08 11:09:57'),(2057,'Oleg','dui.nec@id.co.uk','2020-04-13 16:42:59'),(2058,'Kermit','sodales@nec.org','2020-08-04 06:38:49'),(2059,'Hamilton','ac.mattis.semper@euodio.co.uk','2020-06-09 20:46:03'),(2060,'Herrod','vulputate@Ut.edu','2020-06-07 19:54:04'),(2061,'Fredericka','penatibus.et@tortordictumeu.edu','2019-05-21 09:21:29'),(2062,'Ora','vestibulum@purusDuis.net','2019-11-01 08:36:20'),(2063,'Curran','convallis.erat.eget@nuncestmollis.net','2020-08-19 08:49:55'),(2064,'Sophia','Aenean@Aliquamadipiscing.com','2019-04-30 11:44:41'),(2065,'Ann','interdum.enim.non@sodalespurus.org','2020-03-01 05:47:25'),(2066,'Ira','varius.orci@DonecestNunc.ca','2019-08-20 14:15:29'),(2067,'Darryl','habitant.morbi.tristique@necleo.com','2019-11-14 20:47:53'),(2068,'Mia','id.mollis@congue.com','2019-01-27 09:32:02'),(2069,'Joshua','nisi@Phasellusvitaemauris.net','2020-02-17 21:02:39'),(2070,'May','nec.tempus.scelerisque@duisemper.org','2020-02-23 19:14:10'),(2071,'Jeanette','Phasellus@et.edu','2019-01-19 10:03:20'),(2072,'Eaton','nunc@tristique.net','2020-01-08 10:30:01'),(2073,'Eleanor','nonummy.Fusce@massanonante.org','2019-11-20 18:24:00'),(2074,'Beverly','orci.in.consequat@orciinconsequat.ca','2020-10-12 10:49:14'),(2075,'Devin','arcu.Nunc@acturpisegestas.com','2019-10-04 02:11:10'),(2076,'Jerry','pharetra.Quisque.ac@Mauris.org','2020-06-15 22:14:24'),(2077,'Clare','Suspendisse.aliquet@elementumpurus.net','2020-01-31 01:53:54'),(2078,'Kareem','sagittis@ullamcorperDuis.co.uk','2020-07-19 03:09:05'),(2079,'Julian','pede.Suspendisse@mollis.org','2019-12-03 00:31:42'),(2080,'Scarlett','nibh.Donec@Aenean.com','2019-08-31 09:30:53'),(2081,'Carl','enim.diam@dolorDonecfringilla.edu','2020-07-05 05:12:28'),(2082,'Buffy','vulputate.velit@ac.ca','2020-06-21 10:15:00'),(2083,'Gray','vulputate.risus@molestie.net','2020-10-06 11:22:57'),(2084,'Ivory','facilisi@eleifendvitaeerat.ca','2019-08-26 16:03:43'),(2085,'Quintessa','dui.Cum@urna.com','2019-01-06 21:21:27'),(2086,'Chandler','leo.Vivamus.nibh@sitametmetus.co.uk','2019-10-15 08:00:31'),(2087,'Karina','Nam.nulla.magna@lacusQuisque.com','2019-02-14 10:29:51'),(2088,'Wesley','erat.eget@cubilia.ca','2019-05-13 03:38:06'),(2089,'Zachary','est.Mauris.eu@purusDuiselementum.net','2020-02-18 20:49:52'),(2090,'Dolan','turpis.nec@ullamcorpernisl.ca','2019-05-09 10:32:41'),(2091,'Karleigh','est.congue@facilisis.co.uk','2019-03-04 03:49:52'),(2092,'Seth','malesuada.augue@malesuada.ca','2019-03-30 09:43:30'),(2093,'Kendall','ipsum.leo.elementum@dictumsapienAenean.org','2019-09-26 10:42:41'),(2094,'Tatiana','vehicula.Pellentesque@magnaetipsum.co.uk','2020-01-03 21:41:37'),(2095,'Brandon','elit.pede.malesuada@vitaealiquam.com','2020-06-17 23:49:13'),(2096,'Kiara','habitant.morbi.tristique@Duis.ca','2020-05-10 12:46:09'),(2097,'Liberty','in@velesttempor.edu','2020-07-09 05:26:14'),(2098,'Tara','est.vitae.sodales@Suspendisse.org','2019-06-14 14:53:36'),(2099,'Jarrod','eros@Nunc.co.uk','2020-03-09 16:22:44'),(2100,'Bradley','id@lectussitamet.net','2020-04-16 23:13:13'),(2101,'Lewis','lacus@ut.edu','2019-09-02 09:28:24'),(2102,'Uriah','ac.mattis@DonecestNunc.com','2019-10-15 11:23:23'),(2103,'Galvin','massa@ultricesposuere.org','2020-07-06 19:22:52'),(2104,'Daryl','tristique.ac.eleifend@acfermentumvel.edu','2020-09-04 18:09:00'),(2105,'Dale','erat.neque.non@nibhenimgravida.com','2019-03-14 10:26:22'),(2106,'Basia','nibh@Phaselluselit.ca','2020-05-14 18:58:06'),(2107,'Lani','cursus.Nunc@metus.edu','2020-01-08 10:39:53'),(2108,'Serena','elit.Aliquam.auctor@Vivamusnonlorem.ca','2019-06-17 00:09:45'),(2109,'Drew','nunc.Quisque@dignissimpharetraNam.net','2019-01-27 09:34:01'),(2110,'Zenaida','et.rutrum.non@liberolacusvarius.ca','2020-07-13 17:57:19'),(2111,'Sandra','fringilla.mi.lacinia@imperdietornare.net','2020-09-20 00:37:46'),(2112,'Xavier','fermentum.fermentum.arcu@Aeneansedpede.ca','2019-10-18 07:50:35'),(2113,'Leigh','Aliquam.nec.enim@feugiatnecdiam.edu','2019-08-09 13:47:49'),(2114,'Cameron','nunc.sed@Vivamusnibh.com','2019-08-04 20:14:53'),(2115,'Zelda','sit.amet@velitAliquamnisl.net','2020-06-16 15:15:38'),(2116,'Alika','Sed.diam.lorem@sitametdiam.org','2020-05-12 19:31:07'),(2117,'Martina','in.tempus.eu@tellus.net','2020-10-05 17:37:54'),(2118,'Justina','dictum.eleifend@cursusvestibulumMauris.com','2019-12-10 02:29:31'),(2119,'Cleo','auctor@enimMauris.net','2020-10-07 10:23:30'),(2120,'Kessie','volutpat@nunc.edu','2019-06-14 15:57:11'),(2121,'Arthur','tincidunt.Donec.vitae@lacusEtiam.com','2019-07-23 06:52:51'),(2122,'Lysandra','dictum.Phasellus.in@eratVivamusnisi.ca','2019-12-17 22:18:04'),(2123,'Pandora','dignissim@mienimcondimentum.net','2019-04-22 04:25:18'),(2124,'Noelani','Sed@faucibusleo.co.uk','2019-02-19 16:13:29'),(2125,'Kristen','quis.diam.luctus@posuere.co.uk','2020-08-06 09:18:12'),(2126,'Aquila','dolor.sit.amet@quislectus.com','2020-03-07 03:32:11'),(2127,'Tanner','Fusce@Crasinterdum.edu','2019-01-11 07:00:53'),(2128,'Cecilia','sapien@consectetuer.edu','2019-12-20 19:46:47'),(2129,'Ferris','primis@habitant.net','2020-04-01 17:22:01'),(2130,'Dylan','Phasellus@hymenaeosMauris.co.uk','2019-04-05 14:59:57'),(2131,'Rajah','sodales.elit.erat@atarcuVestibulum.com','2019-10-22 18:51:04'),(2132,'Tyler','Suspendisse@ipsumPhasellus.ca','2019-11-02 23:01:37'),(2133,'Eagan','diam@Nullaeget.org','2020-08-26 10:36:05'),(2134,'Amery','Nam.interdum@felisDonectempor.edu','2020-08-02 22:27:37'),(2135,'Ori','eros.nec@tinciduntadipiscingMauris.com','2019-06-15 04:37:41'),(2136,'Marsden','tempor.erat.neque@Crasloremlorem.com','2020-09-03 23:11:23'),(2137,'Tanisha','vulputate.ullamcorper@aliquetodioEtiam.com','2020-06-23 08:00:39'),(2138,'Bevis','eu@natoque.net','2019-06-15 21:30:24'),(2139,'Ross','auctor.quis@consectetueradipiscingelit.edu','2020-05-09 14:48:55'),(2140,'Joy','felis.purus@gravida.com','2019-05-26 11:50:24'),(2141,'Cedric','risus@ipsum.ca','2019-08-31 08:09:05'),(2142,'Marvin','odio@molestie.com','2020-05-23 21:21:20'),(2143,'Rana','vestibulum.neque.sed@ipsumDonec.ca','2020-07-09 15:42:45'),(2144,'Serina','interdum.feugiat@nulla.org','2020-07-26 20:31:15'),(2145,'Abigail','Suspendisse.commodo@cursusinhendrerit.edu','2019-02-08 13:38:11'),(2146,'Ivan','augue.porttitor@etultricesposuere.ca','2019-04-19 22:07:10'),(2147,'Jordan','netus@augueac.com','2019-03-11 05:00:35'),(2148,'Yuri','fringilla.ornare@consectetueradipiscing.co.uk','2019-10-29 15:36:49'),(2149,'Brent','eu@dis.ca','2020-04-23 11:32:52'),(2150,'Shad','ac.mi.eleifend@semmagna.com','2020-03-10 23:37:32'),(2151,'Danielle','Quisque.ac.libero@augue.edu','2020-06-17 10:20:36'),(2152,'Isabelle','sapien.molestie.orci@loremsemper.org','2020-07-14 04:02:30'),(2153,'Cathleen','Vestibulum.ante.ipsum@utsemNulla.co.uk','2019-09-14 02:32:39'),(2154,'Candace','commodo.auctor@commodoauctor.edu','2020-10-07 01:19:30'),(2155,'Oleg','commodo.ipsum.Suspendisse@semperrutrum.co.uk','2020-04-23 09:11:03'),(2156,'Sacha','vel.lectus@netus.ca','2019-08-23 21:55:22'),(2157,'Nyssa','pede.ac.urna@etnetus.edu','2019-01-07 12:05:37'),(2158,'Emily','felis.Nulla.tempor@erosturpis.net','2019-05-13 13:17:02'),(2159,'Illiana','faucibus.lectus.a@nisiAenean.org','2020-10-08 00:32:29'),(2160,'Briar','quam.quis@rutrumeu.org','2020-09-13 06:59:27'),(2161,'Rowan','eu@fermentum.org','2019-08-27 18:36:19'),(2162,'Lisandra','eu.nulla@eu.com','2019-06-11 07:38:45'),(2163,'Keely','torquent.per.conubia@blanditviverra.edu','2020-06-02 14:01:19'),(2164,'Emerson','Duis.volutpat.nunc@feugiat.ca','2020-07-01 02:35:31'),(2165,'Stacy','a@sitamet.co.uk','2020-07-17 08:31:19'),(2166,'Violet','mauris.id.sapien@iaculislacuspede.org','2020-05-12 14:21:50'),(2167,'Deanna','feugiat.placerat@musAenean.net','2020-02-18 13:39:09'),(2168,'Basia','inceptos.hymenaeos@scelerisqueneque.co.uk','2020-05-17 04:34:07'),(2169,'Oren','dictum.mi.ac@tristique.ca','2019-07-28 12:29:11'),(2170,'Alden','pretium.et.rutrum@ultricesVivamus.com','2020-07-20 08:42:14'),(2171,'Aurelia','sem@vel.com','2019-09-30 02:24:54'),(2172,'Kennan','adipiscing.ligula.Aenean@Curabitur.org','2019-06-11 18:19:54'),(2173,'Robert','a.aliquet.vel@Crasdolor.edu','2019-08-19 21:27:03'),(2174,'Coby','imperdiet@nasceturridiculusmus.co.uk','2019-12-09 20:25:23'),(2175,'Melanie','semper.rutrum.Fusce@nequeSed.net','2019-06-21 11:25:52'),(2176,'Odysseus','Nunc.quis.arcu@augue.ca','2019-12-09 19:52:11'),(2177,'Catherine','condimentum.Donec.at@Namporttitor.net','2020-06-07 17:39:03'),(2178,'Zorita','ligula.Donec@infaucibus.com','2019-02-27 21:31:26'),(2179,'Francis','quis.diam.luctus@posuerevulputate.ca','2019-06-07 19:01:12'),(2180,'Calista','Nulla.semper@tinciduntDonec.net','2020-05-04 17:36:41'),(2181,'September','parturient.montes.nascetur@vitaesodalesat.org','2020-04-27 17:53:25'),(2182,'Colorado','elit.pretium@interdumSedauctor.net','2019-07-05 19:18:46'),(2183,'Gabriel','Suspendisse.sagittis.Nullam@Aliquam.com','2020-06-22 06:04:00'),(2184,'Montana','magna@liberolacusvarius.ca','2019-01-24 06:19:20'),(2185,'Emmanuel','nibh.sit@gravida.co.uk','2019-06-02 00:35:32'),(2186,'Megan','non.dui.nec@tellusfaucibusleo.com','2019-11-13 03:04:06'),(2187,'Odessa','vitae.aliquet.nec@nondapibusrutrum.net','2020-07-21 17:29:31'),(2188,'Josiah','Suspendisse@Etiam.edu','2019-08-04 20:13:58'),(2189,'Leandra','amet@velsapienimperdiet.ca','2020-03-08 17:56:15'),(2190,'Stephen','vitae.mauris.sit@risusodio.net','2019-10-04 08:03:19'),(2191,'Burke','tellus@laciniavitae.ca','2020-09-12 21:02:09'),(2192,'Wylie','dictum@at.net','2019-12-19 11:02:58'),(2193,'Jolie','dolor@arcuNunc.ca','2019-04-07 01:21:19'),(2194,'Vaughan','Morbi.neque@fringillaornare.org','2020-05-11 20:28:41'),(2195,'Caleb','vehicula@tempordiamdictum.co.uk','2019-06-06 05:03:07'),(2196,'Winifred','metus@etmagnis.co.uk','2020-01-15 21:18:39'),(2197,'Kelsey','Aenean.eget@nonjusto.net','2020-02-02 23:56:47'),(2198,'Cullen','euismod.est@bibendum.org','2020-02-16 19:10:53'),(2199,'Todd','nec.mauris.blandit@in.ca','2019-07-16 14:59:31'),(2200,'Hammett','neque@dictum.edu','2019-02-27 15:32:54');
/*!40000 ALTER TABLE `usuarios` ENABLE KEYS */;
UNLOCK TABLES;

--
-- Dumping events for database 'smarkiodb'
--

--
-- Dumping routines for database 'smarkiodb'
--
/*!40103 SET TIME_ZONE=@OLD_TIME_ZONE */;

/*!40101 SET SQL_MODE=@OLD_SQL_MODE */;
/*!40014 SET FOREIGN_KEY_CHECKS=@OLD_FOREIGN_KEY_CHECKS */;
/*!40014 SET UNIQUE_CHECKS=@OLD_UNIQUE_CHECKS */;
/*!40101 SET CHARACTER_SET_CLIENT=@OLD_CHARACTER_SET_CLIENT */;
/*!40101 SET CHARACTER_SET_RESULTS=@OLD_CHARACTER_SET_RESULTS */;
/*!40101 SET COLLATION_CONNECTION=@OLD_COLLATION_CONNECTION */;
/*!40111 SET SQL_NOTES=@OLD_SQL_NOTES */;

-- Dump completed on 2020-11-03  8:57:11
